Hotel_Name,City,Review_Date,Reviewer_Nationality,Trip_Type,Tags,Negative_Review,Positive_Review,Reviewer_Score,Low_Score
Park Plaza Westminster Bridge London,London,5/5/2017, United Kingdom ,Leisure,"[' Leisure trip ', ' Family with young children ', ' 2 rooms ', ' Stayed 3 nights ', ' Submitted from a mobile device ']", Nothing not to like , Location was excellent rooms were extremely comfortable well maintained Facilities within the hotel were great especially the lounge which was a perfect place to relax after a day of sightseeing ,9.2,0
The Montcalm Marble Arch,London,7/3/2017, New Zealand ,Leisure,"[' Leisure trip ', ' Couple ', ' Executive Club Double Room ', ' Stayed 4 nights ', ' Submitted from a mobile device ']", Replenishment of supplies in room toiletries tea coffee water etc was inconsistent Service in the Club Room was poor Hotel baggage labels left sticky residue on suitcase handles , very comfortable bed excellent air con great location problem with TV was promptly fixed ,7.9,0
Barcelona Princess,Barcelona,7/6/2016, United Kingdom ,Leisure,"[' Leisure trip ', ' Couple ', ' Double or Twin Room with Sea View ', ' Stayed 5 nights ', ' Submitted from a mobile device ']",No Negative, The views,8.8,0
Blakemore Hyde Park,London,11/30/2016, United Kingdom ,Business,"[' Business trip ', ' Solo traveler ', ' Club Double Room ', ' Stayed 2 nights ']", Could do with biscuits and a complimentary water bottle in the room , Clean and comfortable room Kettle and selection of tea bags provided Excellent Wifi connection Croissants were nice I brought my own tea bags as tea in all the hotels is rubbish Near good restaurants including those serving Halal food Queensway underground is the nearest tube station Had lunch in Little Persia very good Near a park for walk and jog Be prepared to pay a deposit which you do get back in couple of days ,10.0,0
Hilton London Tower Bridge,London,5/10/2016, United Kingdom ,Unknown,"[' Group ', ' Hilton Deluxe Twin Room Plus ', ' Stayed 1 night ', ' Submitted from a mobile device ']", Bar prices expensive and mini bar very expensive but it is a hotel in London so not surprised , Beds comfy staff lovely food amazing room spacious quiet spotless ,10.0,0
Claridge s,London,5/19/2016, United Kingdom ,Leisure,"[' Leisure trip ', ' Couple ', ' Superior King Room ', ' Stayed 3 nights ']", having to check out as wanted to stay , A sense of pride to stay in such a fabulous Hotel the d cor was great the staff even better made us feel like we had been long time guest even though it was are first time staying here All I can say is Fantastic ,10.0,0
Ace Hotel London Shoreditch,London,2/25/2016, United States of America ,Business,"[' Business trip ', ' Solo traveler ', ' Standard Double Room ', ' Stayed 1 night ']",No Negative, Coffee in lobby and food fantastic bed and clean sheets felt modern and right and right in the middle of Shoreditch ,10.0,0
The Tower A Guoman Hotel,London,12/31/2016, United Kingdom ,Leisure,"[' Leisure trip ', ' Couple ', ' Executive Double Room ', ' Stayed 1 night ', ' Submitted from a mobile device ']", Some staff on reception didn t seem to no what they were doing, Beautiful position overlooking tower bridge,7.1,0
Nu Hotel,Milan,11/4/2015, Romania ,Business,"[' Business trip ', ' Group ', ' Classic Double Room ', ' Stayed 1 night ']",No Negative, Cozy modern Hotel Free parking behind the hotel though the spots number is limited Clean modern and comfortable room Free Internet that actually worked acceptable speed Nice breakfast location top floor Nice tasty healthy good quality variety of food options for breakfast ,8.3,0
Hotel Palace GL,Barcelona,7/24/2016, United Kingdom ,Leisure,"[' Leisure trip ', ' Couple ', ' Deluxe Double Room 1 2 Adults ', ' Stayed 5 nights ', ' Submitted from a mobile device ']", Breakfast was excellent but price too high , Everything was excellent,9.6,0
Bloomsbury Palace Hotel,London,8/1/2016, Japan ,Leisure,"[' Leisure trip ', ' Family with older children ', ' Triple Room ', ' Stayed 1 night ']",No Negative, I stayed there the night before my wedding and the staff were friendly and let us check out later as I was getting ready for the big day in the room ,10.0,0
The Levante Parliament A Design Hotel,Vienna,12/3/2015, Russia ,Leisure,"[' Leisure trip ', ' Solo traveler ', ' Superior Double or Twin Room ', ' Stayed 2 nights ']",No Negative, Location design staff ,9.6,0
Apex City Of London Hotel,London,2/14/2017, United Kingdom ,Leisure,"[' Leisure trip ', ' Couple ', ' City King or Twin Room ', ' Stayed 1 night ', ' Submitted from a mobile device ']", Bar lady a little miserable, Staff great nice view from room and all clean and tidy Nice bar but didn t use restraunt,9.2,0
Montagu Place Hotel,London,7/4/2016, Norway ,Business,"[' Business trip ', ' Group ', ' Standard Double Room ', ' Stayed 3 nights ']",No Negative, The feeling of intimacy the very quiet and comfortable room Our welcome when we arrived early A number of copies of The Economist available for the guests ,9.2,0
Ramada Apollo Amsterdam Centre,Amsterdam,5/4/2016, United Kingdom ,Leisure,"[' Leisure trip ', ' Couple ', ' Standard Double Room ', ' Stayed 2 nights ']", Nothing, Good location out of Amsterdam but on a frequent tram line into centre Quiet and very comfortable beds Airport shuttle good and very well organised Loved 17 therestaurant bar with great views Will definately come back,9.6,0
Steigenberger Hotel Herrenhof,Vienna,4/30/2016, Poland ,Leisure,"[' Leisure trip ', ' Travelers with friends ', ' Superior King or Twin Room ', ' Stayed 1 night ', ' Submitted from a mobile device ']", on Sunday there is no restaurant in the hotel Receptionist told my that it is no 5 hotel but it is only like 5 hotel for me big difference,No Positive,7.9,0
Britannia International Hotel Canary Wharf,London,5/3/2016, United Kingdom ,Leisure,"[' Leisure trip ', ' Couple ', ' Standard Twin Room ', ' Stayed 2 nights ']",No Negative, Bed was very comfortable tub Jacuzzi very nice to ,8.3,0
Durrants Hotel,London,7/16/2016, United Kingdom ,Leisure,"[' Leisure trip ', ' Couple ', ' Double Room ', ' Stayed 1 night ', ' Submitted from a mobile device ']", No tea making facilities and a bit run down, Quiet and comfortable,7.1,0
Mercure Amsterdam Sloterdijk Station,Amsterdam,1/2/2016, France ,Business,"[' Business trip ', ' Solo traveler ', ' Standard Double Room ', ' Stayed 1 night ']", Nothing, WIFI connection Quality of Room Very Quiet Good restaurant at the top,8.8,0
Park Plaza Victoria London,London,5/3/2017, United Kingdom ,Leisure,"[' Leisure trip ', ' Group ', ' Superior Twin Room ', ' Stayed 1 night ', ' Submitted from a mobile device ']", Checked in and given an already occupied room Could have been highly embarrassing Not expected at a hotel of this quality and price ,No Positive,7.0,0
Hotel Arena,Amsterdam,4/5/2016, Ireland ,Leisure,"[' Leisure trip ', ' Couple ', ' Duplex Double Room ', ' Stayed 3 nights ']", The hotel is currently under going renovations and while this wasnt a major problem work did start early on Mon morning , Staff were very friendly helpful The kitchen provided us a great meal the bar staff were nice and the breakfast bar was very impressive ,7.9,0
Nhow Milan,Milan,11/3/2015, United Arab Emirates ,Business,"[' Business trip ', ' Solo traveler ', ' Nhow Double or Twin Room ', ' Stayed 8 nights ', ' Submitted from a mobile device ']", The breakfast menu barely changed for a week, The modern decoration and art feel,7.5,0
The Park City Grand Plaza Kensington Hotel,London,5/3/2017, Italy ,Leisure,"[' Leisure trip ', ' Family with young children ', ' Family Suite ', ' Stayed 3 nights ', ' Submitted from a mobile device ']",No Negative, Clean and quiet hotel Our family room was big and comfortable ,7.5,0
InterContinental Wien,Vienna,6/18/2017, Ireland ,Leisure,"[' Leisure trip ', ' Couple ', ' Classic Double or Twin Room ', ' Stayed 2 nights ', ' Submitted from a mobile device ']", Badly in need of renovation no pool not 5 star , Location staff ,7.9,0
Catalonia Born,Barcelona,8/29/2016, Ireland ,Leisure,"[' Leisure trip ', ' Couple ', ' Superior Double Room ', ' Stayed 5 nights ', ' Submitted from a mobile device ']", Had no real issues would definitely be back , Location was great Room was lovely very spacious and well stocked and the staff were very accommodating Loved the rooftop pool for a relaxing lie out ,9.2,0
Buddha Bar Hotel Paris,Paris,10/26/2015, United States of America ,Leisure,"[' Leisure trip ', ' Solo traveler ', ' Superior Room ', ' Stayed 4 nights ', ' Submitted from a mobile device ']", The shower leaked like a sieve I had to use all of the towels to wipe up the water The sinks spray water all over you the counter in the middle This has resulted in water damage to the lacquered wood it looks tacky now The shower leakage has damaged both doors For the this NEEDS to be rectified , Location staff look of the place The restaurant is good too They charge 44 euros for breakfast It should be included ,9.4,0
Thistle Euston,London,3/9/2017, United Kingdom ,Leisure,"[' Leisure trip ', ' Couple ', ' Executive King Room ', ' Stayed 1 night ', ' Submitted from a mobile device ']", The restaurant was in the basement , Huge bed excellent for very tall people Very quiet room base,9.6,0
Novotel London Wembley,London,6/28/2016, United Kingdom ,Leisure,"[' Leisure trip ', ' Couple ', ' Superior Queen Room ', ' Stayed 2 nights ', ' Submitted from a mobile device ']", Just an extra bit of cleaning there was dust covered on top of tv, Staff were excellent Beds were comfortable and room extra spacious,8.8,0
The Montcalm At Brewery London City,London,8/28/2016, United Kingdom ,Leisure,"[' Leisure trip ', ' Couple ', ' Deluxe Double Room ', ' Stayed 1 night ', ' Submitted from a mobile device ']", Rooms could be a little nicer the bathrooms are beautiful but felt like the room decor wasn t very 5 , The hotel is stunning in a great location and the Jugged Hare on the corner is fab too Staff let us check in with no problems a little early so we could drop off our bags and get freshened up ,9.6,0
La Maison Favart,Paris,5/15/2016, United States of America ,Leisure,"[' Leisure trip ', ' Couple ', ' Classic Double Room ', ' Stayed 7 nights ', ' Submitted from a mobile device ']", N A, Everything was great,10.0,0
Royal Ramblas,Barcelona,8/6/2016, United States of America ,Leisure,"[' Leisure trip ', ' Family with older children ', ' Interconnecting Double Rooms ', ' Stayed 5 nights ', ' Submitted from a mobile device ']", Rooms are adequate but could be larger , Excellent location booked two interconnecting rooms for us and kids Breakfast included and was nice Staff friendly Rooms clean,9.6,0
Best Western Hotel Major,Milan,4/26/2017, United Kingdom ,Leisure,"[' Leisure trip ', ' Family with young children ', ' Double or Twin Room ', ' Stayed 3 nights ']",No Negative, Hotel excellently located adjacent to Lodi metro stop only four metro stops from the Duomo Really good choice of breakfast free coffee and light snacks available all day in lobby On the last day after checking out of hotel and leaving my suitcase to collect later I remembered I had left my phone charger in the room When I collected my suitcase I didn t have to ask for it the charger had already been placed on my suitcase The hotel service throughout had been excellent ,9.2,0
Courthouse Hotel London,London,4/22/2017, United Kingdom ,Leisure,"[' Leisure trip ', ' Group ', ' Classic Twin Room ', ' Stayed 1 night ']", When we arrived 10 minutes early to booking in time did nt expect to go to room straight away b ut had to wait a further 30 minutes to book in as rooms were not ready I had specifically asked for a twin room but at reception a very pleasant young lady said they had upgraded us I don t know why so I said thats great as long as it was a twin room so when we finally got to the room after keys not working so another trip to reception to sort this out I was dismayed to find a double room be it very large the beds could come apart but the bedding did not allow this as we were only staying one night we did not bother to change rooms as time was precious as we had a show to see and only a few hours before we had to attend the show I was dissapointed as I had planned this stay as a special birthday treat as well as the theatre also as my friend was in recovery from a bad illness this is why I wanted a twin room to make her feel comfortable The bed was very comfortable and the room delightful but not what I asked for The next dissapointment was breakfast we went to breakfast at 9 30 not too late nice dining room and asked immediately if we would like tea or coffee but nothing was explained to us that there was a menu for anything else that was on offer other than what was on the tables to serve yourself so as some items had run out on the hot selection I had to bring this to the attention of the waitress who was lovely but then told me it would be another 10 minutes but in fact this was more likely 30 minutes so had a cooked breakfast minus 3 items then discovered a small menu under a plate Also had cereal but first bowl I picked up was very chipped which is really not acceptable , The extra items in the room such as slippers and umbrella well thought layout in room and comfortable smart and immaculate,7.5,0
Hotel Am Parkring,Vienna,9/28/2016, United States of America ,Unknown,"[' Solo traveler ', ' Double Room ', ' Stayed 2 nights ']",No Negative, This hotel exceeded my expectations because from the outside the hotel looks like a dull office building Once inside I realized it is a charming boutique hotel with generously sized rooms featuring all the amenities one could expect The views are stunning and my associate had a corner room that had a huge balcony overlooking the entire city with a gorgeous panorama The staff were friendly and very responsive to any and all requests ,10.0,0
Doubletree By Hilton London Greenwich,London,5/1/2017, Canada ,Leisure,"[' Leisure trip ', ' Couple ', ' Queen Guest Room ', ' Stayed 3 nights ', ' Submitted from a mobile device ']",No Negative, The company had a bit of a mishap but had very good customer service to fix the issue We left very satisfied ,8.8,0
Park Plaza London Waterloo,London,4/5/2017, Ireland ,Leisure,"[' Leisure trip ', ' Couple ', ' Superior Double Room ', ' Stayed 2 nights ', ' Submitted from a mobile device ']", Pool and sauna and steam room could have been better steam room not very steamy, The beds are amazing and the breakfeast and staff were fantastic,8.3,0
Olivia Balmes Hotel,Barcelona,6/28/2016, Belgium ,Leisure,"[' Leisure trip ', ' Couple ', ' Standard Double or Twin Room ', ' Stayed 5 nights ', ' Submitted from a mobile device ']", Quality of breakfast was very good but there could have been a bit more variation and choise , Very friendly and helpfull staff Nice and clean rooms Lovely swimming pool ,9.6,0
Millennium Hotel London Mayfair,London,2/25/2016, United Kingdom ,Business,"[' Business trip ', ' Solo traveler ', ' Standard Twin Room ', ' Stayed 1 night ']", I ordered room service the House salad said it had nuts there were no nuts in the salad the salad was very small for the money and poor quality also was warm I also ordered pizza the base was doughy and under cooked so I left 90 of the food Rooms tired and need of a spruce up, Situation of the hotel in relation to my office ,7.1,0
Hotel Saint Petersbourg Opera,Paris,5/2/2016, Switzerland ,Leisure,"[' Leisure trip ', ' Family with young children ', ' Double or Twin Room ', ' Stayed 1 night ']", No bar no restaurant and no room service , The location is perfect close to all public transport Subway RER the room was really nice and the bathroom as well ,8.8,0
Austria Trend Hotel Bosei Wien,Vienna,12/24/2015, United Arab Emirates ,Leisure,"[' Leisure trip ', ' Couple ', ' Classic Room ', ' Stayed 3 nights ', ' Submitted from a mobile device ']", A little far from main city, Nice view and cool air,8.8,0
H tel Hor,Paris,5/10/2016, United States of America ,Leisure,"[' Leisure trip ', ' Couple ', ' Classic Double Room ', ' Stayed 2 nights ']",No Negative, Jon at the front desk was outstanding His attitude and helpfulness were much appreciated ,7.9,0
Hotel degli Arcimboldi,Milan,9/14/2015, United Arab Emirates ,Leisure,"[' Leisure trip ', ' Couple ', ' Double Room ', ' Stayed 1 night ', ' Submitted from a mobile device ']", The only problem is with the bed Actually beds because a king queen size bed for them means 2 beds attached to each other which is really weird , It was only one night stay but we enjoyed it Friendly staff fast checkin free Wi Fi and nice breakfast It s also very near to the metro station so it s very easy to reach the city center in few minutes ,9.6,0
Mercure Amsterdam Sloterdijk Station,Amsterdam,4/21/2017, France ,Leisure,"[' Leisure trip ', ' Solo traveler ', ' Standard Twin Room ', ' Stayed 3 nights ', ' Submitted from a mobile device ']", Breakfast , Perfect location ,9.6,0
Shaftesbury Suites London Marble Arch,London,7/31/2016, United Kingdom ,Leisure,"[' Leisure trip ', ' Solo traveler ', ' Deluxe Double Room ', ' Stayed 1 night ', ' Submitted from a mobile device ']",No Negative, I slept like a band because the bed was really comfortable The staff are very polite and helpful ,10.0,0
Hotel Casa Camper,Barcelona,4/11/2017, China ,Leisure,"[' Leisure trip ', ' Solo traveler ', ' Camper Room ', ' Stayed 1 night ', ' Submitted from a mobile device ']",No Negative, very friendly staff food and drink is good location is prefect ,9.2,0
Mercure Hotel Amsterdam West,Amsterdam,10/12/2016, United States of America ,Leisure,"[' Leisure trip ', ' Family with young children ', ' Standard Double Room ', ' Stayed 1 night ']", Free shuttle was overbooked we had to order a taxi Reception staff was inexperienced, I have stayed at Mercure Schiphol many times and it is always reliable quiet and clean ,7.5,0
The Grand at Trafalgar Square,London,7/12/2016, United Kingdom ,Leisure,"[' Leisure trip ', ' Couple ', ' Standard Queen Room ', ' Stayed 2 nights ', ' Submitted from a mobile device ']", Could of done with more pillars on the bed very minor issue , Iced water which you can fill up in the hallway fridge in your room great feel to the room nice size too Amazing bar area friendly staff ,10.0,0
Hotel V Nesplein,Amsterdam,12/3/2015, United Kingdom ,Leisure,"[' Leisure trip ', ' Couple ', ' Comfort Double or Twin Room ', ' Stayed 4 nights ', ' Submitted from a mobile device ']",No Negative, Staff were very accommodating and always pleasant They even helped me out with a bank problem when I returned home xxxx,10.0,0
Henley House Hotel,London,9/3/2015, United Kingdom ,Leisure,"[' Leisure trip ', ' Couple ', ' Deluxe Double Room ', ' Stayed 1 night ', ' Submitted from a mobile device ']",No Negative, Great decor location bathroom ,8.8,0
Lancaster London,London,12/16/2015, Saudi Arabia ,Leisure,"[' Leisure trip ', ' Solo traveler ', ' Superior Twin Room with Park View ', ' Stayed 1 night ', ' Submitted from a mobile device ']", Nothing, Everything I would like to book again in this hotel Great value for money,10.0,0
Eurostars Ramblas,Barcelona,10/8/2015, United Kingdom ,Leisure,"[' Leisure trip ', ' Group ', ' Double or Twin Room with View ', ' Stayed 4 nights ', ' Submitted from a mobile device ']",No Negative, Location was perfect room very clean and very quiet air con was great,9.6,0
Crowne Plaza Barcelona Fira Center,Barcelona,10/7/2016, United Kingdom ,Leisure,"[' Leisure trip ', ' Couple ', ' Double Room with Two Double Beds ', ' Stayed 2 nights ', ' Submitted from a mobile device ']", Room despite upgrading pretty poor, Not my idea of a fully fledged 5 star as room a bit tatty but good location,7.1,0
Britannia International Hotel Canary Wharf,London,8/18/2015, United Kingdom ,Leisure,"[' Leisure trip ', ' Couple ', ' Standard Double Room ', ' Stayed 2 nights ', ' Submitted from a mobile device ']", Train strike, The hotel in great location,8.3,0
Small Luxury Hotel Altstadt Vienna,Vienna,10/17/2016, Lebanon ,Leisure,"[' Leisure trip ', ' Group ', ' Deluxe Double Room ', ' Stayed 3 nights ', ' Submitted from a mobile device ']", Nothing, The room is so spacious very well decorated and the breakfast was very delicious,9.6,0
Mondrian London,London,10/26/2015, Saudi Arabia ,Leisure,"[' Leisure trip ', ' Family with older children ', ' River View Balcony Suite ', ' Stayed 6 nights ', ' Submitted from a mobile device ']", No food service after 10 30 pm on the 12th floor pop, It was perfect location on times river Relax time in morning with cop of coffee,9.2,0
Malmaison London,London,5/11/2017, United Kingdom ,Leisure,"[' Leisure trip ', ' Couple ', ' Small Double Room ', ' Stayed 4 nights ']", We had a small double room as we were out most of the time Despite there being 2 of us in the room we only had one set of towels in the bathroom Eventually found a second set in the wardrobe but every day they were returned to the wardrobe not left in the bathroom Also only 1 bathrobe which we didn t use anyway so only a minor niggle The tea coffee making tray only contained Green or Earl Gray tea and despite us asking for normal black tea this only happened once Also on 2 days we received tea leaves not teabags difficult without a teapot Also never enough milk for 2 people , Location was excellent close to tube station and within easy walking distance of lots of main London sights The staff were helpful and friendly Breakfast buffet was good Bed was really comfortable and shower really hot and powerful ,7.9,0
Golden Tulip Amsterdam West,Amsterdam,5/16/2017, United Kingdom ,Leisure,"[' Leisure trip ', ' Couple ', ' Standard Double or Twin Room ', ' Stayed 4 nights ', ' Submitted from a mobile device ']", Location was further than we thought from the centre, Room was lovely and very comfortable ,7.9,0
Best Western Hotel Pension Arenberg Wien Zentrum,Vienna,1/31/2017, Russia ,Leisure,"[' Leisure trip ', ' Couple ', ' Standard Double or Twin Room ', ' Stayed 1 night ', ' Submitted from a mobile device ']", My cheese disappeared after the cleaners visited my room It was very strange that my food was moved and one of my three cheeses went missing , Awesome breakfast Comfy beds friendly helpful staff Warm room Ultra clean bathroom lovely bath Place has a classy feel about it and the staff are super friendly and helpful ,8.8,0
DoubleTree by Hilton London Ealing,London,11/8/2016, United Kingdom ,Leisure,"[' Leisure trip ', ' Couple ', ' Double Room ', ' Stayed 2 nights ', ' Submitted from a mobile device ']", Small rooms Compact bathroom,No Positive,7.1,0
Thistle Euston,London,9/13/2015, United Kingdom ,Business,"[' Business trip ', ' Solo traveler ', ' Standard Single Room ', ' Stayed 1 night ']",No Negative, Friendly efficient staff Clean and well appointed room ,8.3,0
Mercure Paris Bercy Biblioth que,Paris,2/2/2016, Poland ,Business,"[' Business trip ', ' Solo traveler ', ' Standard Single Room ', ' Stayed 1 night ']", Very expensive breakfast 18 Euro for a simple meal it is really far beyond the acceptable limit, Internet electrical kettle close to metro station,7.1,0
Novotel London Wembley,London,12/19/2016, United Kingdom ,Unknown,"[' Couple ', ' Superior Queen Room ', ' Stayed 1 night ', ' Submitted from a mobile device ']", If paying cash you have to pay 159 deposit wasn t aware prior to arriving, Lovely bathroom Clean room Fridge in the room with water Tea coffee facilities ,9.2,0
Mercure Grand Hotel Biedermeier Wien,Vienna,5/24/2017, Israel ,Leisure,"[' Leisure trip ', ' Group ', ' Classic Double Room ', ' Stayed 3 nights ']", small room air conditioner does not work properly, thelocation is very good the breakfast also,7.9,0
Hotel Xenia Autograph Collection,London,3/29/2017, United Kingdom ,Business,"[' Business trip ', ' Solo traveler ', ' Single Room ', ' Stayed 1 night ', ' Submitted from a mobile device ']", Nothing, Staff very helpful and friendly Rooms and hotel in general very clean modern and comfortable ,9.2,0
Holiday Inn London West,London,10/6/2016, United Kingdom ,Leisure,"[' Leisure trip ', ' Solo traveler ', ' Standard Room ', ' Stayed 3 nights ']",No Negative, Excellent facilities very neat and the staff are extremely courteous ,10.0,0
Radisson Blu Edwardian Sussex,London,10/13/2016, Sweden ,Business,"[' Business trip ', ' Solo traveler ', ' Standard Double Twin Room ', ' Stayed 2 nights ']", The windows They re to poor and the traffic noise becomes really disturbing at night It woke me upp several times , Fantastic service A role model in guest service I must say Everyone really pays attention to every detail and with a very personal touch friendly and personal is most important I had a smile on my face all the time It was a true pleasure Thanks ,10.0,0
Jaz Amsterdam,Amsterdam,8/27/2016, Sweden ,Leisure,"[' Leisure trip ', ' Couple ', ' Superior Double Room ', ' Stayed 1 night ', ' Submitted from a mobile device ']", Niente, Design and aura Amazing breakfast with the live guitar music Rene the guitar man was great improvising also with his voice and harmonica ,10.0,0
Hotel Xenia Autograph Collection,London,9/4/2016, United Kingdom ,Leisure,"[' Leisure trip ', ' Group ', ' 2 rooms ', ' Stayed 2 nights ', ' Submitted from a mobile device ']", Room a big snug , Beds were amazing,9.6,0
St James Court A Taj Hotel London,London,11/26/2016, United States of America ,Leisure,"[' Leisure trip ', ' Couple ', ' Classic Twin Room ', ' Stayed 6 nights ', ' Submitted from a mobile device ']", Nothing everything was very good, Very helpful staff Food in the bistro was very good ,10.0,0
Hotel Murmuri Barcelona,Barcelona,2/11/2017, United Kingdom ,Business,"[' Business trip ', ' Solo traveler ', ' Design Double or Twin Room ', ' Stayed 2 nights ']",No Negative, everything especially feel home kind of hotel super friendly staff charming rooms delicious food location,8.8,0
Park Hotel,Amsterdam,4/25/2016, United Kingdom ,Business,"[' Business trip ', ' Couple ', ' Superior Double Room ', ' Stayed 1 night ']", We wanted to check out an hour later and they were going to charge us for the hour which wasnt great , Great sushi restaurant and very good location Close to everything but without the noise of being close Great sheets ,7.9,0
Novotel London Wembley,London,12/5/2016, United Kingdom ,Leisure,"[' Leisure trip ', ' Couple ', ' Superior Queen Room ', ' Stayed 1 night ', ' Submitted from a mobile device ']", Parking was a bit difficult Lit up fire alarms were a pain when you re sleeping , Rooms were lovely particularly good shower Great for see gigs at Wembley,9.2,0
Au Manoir Saint Germain,Paris,11/10/2015, Poland ,Unknown,"[' Couple ', ' Superior Room ', ' Stayed 2 nights ']",No Negative, Location is really perfect The staff is really nice We also liked a style of the room and of the hotel Just a perfect place for having a romantic weekend in Paris And it was great to see from the window the legendary Cafe del Flore ,9.6,0
La Suite West Hyde Park,London,3/20/2017, United Kingdom ,Leisure,"[' Leisure trip ', ' Couple ', ' Deluxe Double Room ', ' Stayed 1 night ', ' Submitted from a mobile device ']", Pillows were very uncomfortable ,No Positive,8.3,0
Mondrian London,London,3/29/2017, United Kingdom ,Leisure,"[' Leisure trip ', ' Couple ', ' Superior Double Room with Private Patio ', ' Stayed 1 night ']", nothing all was good, did not try them,10.0,0
Apollofirst Boutique Hotel,Amsterdam,7/7/2016, United Kingdom ,Leisure,"[' Leisure trip ', ' Solo traveler ', ' Standard Single Room ', ' Stayed 2 nights ', ' Submitted from a mobile device ']", I could not fault itA happy customer, Comfy bed staff were excellent good location,9.6,0
WestCord Fashion Hotel Amsterdam,Amsterdam,2/27/2017, Ireland ,Leisure,"[' Leisure trip ', ' Couple ', ' Large Double Room ', ' Stayed 3 nights ']",No Negative, Everything was lovely we really enjoyed our stay ,9.2,0
Mercure Paris Terminus Nord,Paris,7/6/2017, Vietnam ,Leisure,"[' Leisure trip ', ' Family with young children ', ' 2 rooms ', ' Stayed 3 nights ']", Only elavator , Great location Near Gare du Nord ,7.5,0
Apollo Hotel Amsterdam,Amsterdam,3/15/2016, Ireland ,Leisure,"[' Leisure trip ', ' Couple ', ' Standard Room ', ' Stayed 1 night ']",No Negative, One of the best locations in Amsterdam right on the junction of five canals Lovely views from the terraces and the better rooms Fantastic staff all of whom earn this hotel its star rating All stars in themselves Food was great and again the service was brilliant Shuttle bus to the airport is an extra bonus ,10.0,0
DoubleTree by Hilton Amsterdam Centraal Station,Amsterdam,12/19/2016, United Kingdom ,Leisure,"[' Leisure trip ', ' Couple ', ' Deluxe King Room ', ' Stayed 2 nights ']", Hotel bar was expensive Their breakfast was 25 euros , Really nice clean and friendly hotel Room was very quiet and well laid out Mac in the room means I could do internet stuff All great ,10.0,0
Barcelona Princess,Barcelona,7/14/2017, United Kingdom ,Leisure,"[' Leisure trip ', ' Couple ', ' Double or Twin Room ', ' Stayed 4 nights ']", It was a shame not to have a balcony to enjoy the views even more and the sheets in the room had dried blood on them even though changed twice Despite this the room was lovely Unfortunately the pool areas were always busy which was a shame The hotel is a little far from the airport in terms of public transport over an hour and 3 changes on metro so do expect to use taxis , The bed was huge and comfortable shower was amazing free drinks in the mini bar and amazing views from the 24th floor Best night sleep in ages due to black out blinds Brilliant to have 2 pools always busy and a bar in the building Good access to public transport taxi rank round the corner and a metro station 2 min walk away ,9.2,0
Hotel Esther a,Amsterdam,7/25/2016, United Kingdom ,Leisure,"[' Leisure trip ', ' Couple ', ' Classic Double or Twin Room ', ' Stayed 1 night ']", Free tea coffee in lounge we went to get coffees 3 times twice the machine was being cleaned and the last time the machine was being replaced I guess this was a problem which has no doubt now been resolved with the new machine , The bed was amazing Plush traditional decor in communal areas and bedrooms very tastefully decorated Staff very friendly and could not do enough for guests ,9.2,0
De Vere Devonport House,London,7/5/2017, United Kingdom ,Leisure,"[' Leisure trip ', ' Group ', ' Twin Room ', ' Stayed 1 night ']",No Negative, Location was very convenient for our night at the O2 arena Just a ten minute taxi ride away Lovely staff very helpful and friendly Even sorted us out some biscuits and hot chocolate when we returned late and just missed the complementary drinks snacks which were a nice touch they do put them away over night Had a lovely walk around Greenwich Park the following morning which is just a stone s throw from the hotel ,8.8,0
H tel Hor,Paris,7/26/2016, United Kingdom ,Leisure,"[' Leisure trip ', ' Family with young children ', ' Two Connecting Double Rooms ', ' Stayed 1 night ', ' Submitted from a mobile device ']",No Negative, Overall friendly service and cleanliness Stefanie at reception was super helpful ,10.0,0
Radisson Blu Edwardian New Providence Wharf,London,11/20/2016, United Kingdom ,Leisure,"[' Leisure trip ', ' Couple ', ' Superior King or Twin Room ', ' Stayed 1 night ', ' Submitted from a mobile device ']", valet parking , location ,9.6,0
Grand Ferdinand Vienna Your Hotel In The City Center,Vienna,5/18/2016, Czech Republic ,Leisure,"[' Leisure trip ', ' Couple ', ' Standard Double Room ', ' Stayed 3 nights ']", The rooms are a little small no coffee making facilities or robes in the room The stuffed horse in the foyer may not be to everyone s taste , Excellent breakfast in the roooftop dining room with stunning views over Vienna The hotel is funky and in a great location easy walking to everything in the inner city Staff are outstanding in all the restaurants and the food is of the highest quality ,9.6,0
Suite Hotel 900 m zur Oper,Vienna,8/29/2016, Romania ,Leisure,"[' Leisure trip ', ' Family with older children ', ' Family Suite ', ' Stayed 1 night ', ' Submitted from a mobile device ']", Wifi doesn t work permanently and properly ,No Positive,8.3,0
NH Carlton Amsterdam,Amsterdam,11/22/2015, Egypt ,Business,"[' Business trip ', ' Solo traveler ', ' Standard Double or Twin Room ', ' Stayed 1 night ']", Room was narrow and old Carpet in the room was not clean back of hotel view was not nice Sink of bathroom have long fissure Daily cleaning of the room was not good, location of the hotel Staff were very nice and cooperative 46 inch flat screen TV with many channels,7.1,0
Courthouse Hotel London,London,10/30/2016, United Kingdom ,Leisure,"[' Leisure trip ', ' Group ', ' Classic Twin Room ', ' Stayed 3 nights ', ' Submitted from a mobile device ']", Paying gratuity on drinks from the bar, Very Friendly ,10.0,0
Copthorne Tara Hotel London Kensington,London,3/15/2017, United Kingdom ,Business,"[' Business trip ', ' Group ', ' Standard Twin Room ', ' Stayed 1 night ', ' Submitted from a mobile device ']", Bathroom was a little basic but very clean, Helpful courteous staff smart clean room at an excellent price for London,9.6,0
Gran Hotel Barcino,Barcelona,10/19/2016, Canada ,Business,"[' Business trip ', ' Solo traveler ', ' Double or Twin Room ', ' Stayed 3 nights ']",No Negative, 5th floor Balcony is just amazing ,9.2,0
Petit Palace Museum,Barcelona,9/1/2016, United Kingdom ,Leisure,"[' Leisure trip ', ' Family with young children ', ' Quintuple Room ', ' Stayed 1 night ', ' Submitted from a mobile device ']",No Negative, Amazing hotel small piece of tranquility in a busy city Staff were great very friendly It was my sons birthday and without asking they decorated the room with balloons sweets cake and teddies Breakfast was delicious highly recommend this hotel ,10.0,0
Hotel Kavalier,Vienna,6/14/2016, Romania ,Leisure,"[' Leisure trip ', ' Couple ', ' Special Offer Double or Twin Room ', ' Stayed 1 night ', ' Submitted from a mobile device ']", I hasn t a 4 hotel services , Friendly and helpful staff clean and nice room Tram station nearby the hotel ,9.2,0
Apex Temple Court Hotel,London,4/12/2016, United Kingdom ,Leisure,"[' Leisure trip ', ' Couple ', ' City King Room ', ' Stayed 2 nights ']", Was approx 10 minute walk to closest tube station because its equally distanced between Temple and Black Friars stations Could just be me being lazy though , Room was lovely,9.2,0
Sunotel Club Central,Barcelona,9/5/2016, United Kingdom ,Leisure,"[' Leisure trip ', ' Couple ', ' Basic Double Room ', ' Stayed 2 nights ']", basic very basic, good options for breakfast Friendly staff,7.1,0
Mercure Paris Centre Tour Eiffel,Paris,1/16/2016, United Kingdom ,Leisure,"[' Leisure trip ', ' Couple ', ' Privilege Room with a double bed upper floors ', ' Stayed 2 nights ', ' Submitted from a mobile device ']",No Negative, Everything,10.0,0
H10 Marina Barcelona,Barcelona,5/24/2017, United Kingdom ,Leisure,"[' Leisure trip ', ' Couple ', ' Double or Twin Room ', ' Stayed 2 nights ']", It seemed to be mainly residential around the hotel , The room sizes were good and the hotel was in good condition and clean,8.8,0
WestCord Fashion Hotel Amsterdam,Amsterdam,8/19/2016, Australia ,Leisure,"[' Leisure trip ', ' Family with older children ', ' Large Triple Room ', ' Stayed 4 nights ', ' Submitted from a mobile device ']", See through doors and windows in the bath room this was a problem as we traveled with our daughter , Sky bar was great for a afternoon drink Easy ride into town with the tram systems They provide a great breakfast ,8.3,0
IH Hotels Milano Gioia,Milan,5/16/2017, Romania ,Leisure,"[' Leisure trip ', ' Couple ', ' Twin Room ', ' Stayed 1 night ', ' Submitted from a mobile device ']", Location, Hotel and staff,9.2,0
H tel Saint Paul Rive Gauche,Paris,5/29/2016, United Kingdom ,Leisure,"[' Leisure trip ', ' Couple ', ' Superior Double Room ', ' Stayed 7 nights ', ' Submitted from a mobile device ']", If the rooms were larger a pair of comfortable armchairs , Very good position near the Sorbonne with plenty of restaurants and bars nearby Very well run friendly staff We have stayed there three times now and would be happy to return Nice toiletries Very clean ,8.8,0
Intercontinental London The O2,London,6/23/2016, United Kingdom ,Leisure,"[' Leisure trip ', ' Couple ', ' Superior Twin Room ', ' Stayed 1 night ', ' Submitted from a mobile device ']", The money being taken from my account too quickly when booking through booking com That needs to be made clearer , Everything was good ,10.0,0
Great Northern Hotel A Tribute Portfolio Hotel London,London,2/18/2016, United Kingdom ,Leisure,"[' Leisure trip ', ' Couple ', ' Double Room ', ' Stayed 1 night ']", Very small room, Free breakfast bar,8.8,0
Hotel V Nesplein,Amsterdam,2/16/2016, United Kingdom ,Leisure,"[' Leisure trip ', ' Couple ', ' Comfort Double or Twin Room ', ' Stayed 3 nights ']", A very small thing our room had quite thick pillows and thinner weren t available , It seems an odd thing to pick out but the quality of light in the bathroom of room 104 was perfect for shaving bright but totally shadowless ,8.3,0
Holiday Inn London Kensington,London,5/9/2017, United Kingdom ,Leisure,"[' Leisure trip ', ' Couple ', ' Standard Room ', ' Stayed 2 nights ', ' Submitted from a mobile device ']", We had a problem with the booking when we checked in as it was under two separate bookings for 3 nights After the second night stay they had checked us out without us knowing and our key no longer worked to get back to the room from being out all day on our last night We had to argue with reception who charged us again for 1 nights stay even though we had already preauthorised 3 nights which means my partner needs to wait upto 14 days to get nearly 300 back The staff weren t helpful on reception , We liked the layout of the hotel or bar area was lovely and relaxing and bar staff were nice We were approached and welcomed by the concierge and I liked that ,7.1,0
Hotel La Place,London,2/18/2016, Australia ,Leisure,"[' Leisure trip ', ' Couple ', ' King Size Double Room ', ' Stayed 4 nights ']", Bit more variety for breakfast but was certainly adequate, Comfy King bed Great internet Friendly staff Quiet at night,9.2,0
Acevi Villarroel,Barcelona,12/24/2015, Norway ,Business,"[' Business trip ', ' Family with young children ', ' Double or Twin Room ', ' Stayed 6 nights ']",No Negative, It was a fantastik hotel to live in Very help full staff all of them specially Miguel Very very good standard breakfast in the hotel restaurant Clean and big rooms with all modern facilities and bed for our litle boy in addition short distance to senter of Barcelona Ohhhhh ofcourse the Spa We Loved it ,9.6,0
Radisson Blu Edwardian Sussex,London,10/12/2016, Egypt ,Leisure,"[' Leisure trip ', ' Family with young children ', ' Standard Double Twin Room ', ' Stayed 7 nights ', ' Submitted from a mobile device ']",No Negative, The breakfast was exquisite and the staff very helpful especially Caroline The hotel s location is perfect ,10.0,0
Strand Palace Hotel,London,5/30/2017, United Kingdom ,Leisure,"[' Leisure trip ', ' Couple ', ' Executive King Room ', ' Stayed 1 night ', ' Submitted from a mobile device ']", Room was very warm and the air conditioning didn t make any difference We used a fan to cool which was in the room so they must be aware of the air con problem The bar staff were overrun at times and could of explained or apologised to customers who had become inpatient , Location is great breakfast was good Rooms were clean King size beds were very comfortable We got a free upgrade which was nice ,8.3,0
Great St Helen Hotel,London,8/2/2016, France ,Unknown,"[' Solo traveler ', ' Single Room ', ' Stayed 1 night ']", Small room used aircon to avoid feeling stuffy Pricey but that s London , Great location in the heart of the City of London Very clean Staff helpful with information on local area Coffee snacks in room ,8.3,0
Leonardo Hotel Vienna,Vienna,9/1/2015, Croatia ,Leisure,"[' Leisure trip ', ' Couple ', ' Comfort Double or Twin Room ', ' Stayed 1 night ', ' Submitted from a mobile device ']",No Negative, Great location free parking around hotel on weekends ,8.8,0
The Hoxton Holborn,London,8/9/2015, United Kingdom ,Leisure,"[' Leisure trip ', ' Solo traveler ', ' Deluxe Room ', ' Stayed 1 night ']",No Negative, Great location Exceptionally friendly and helpful staff Very comfortable accommodation ,9.6,0
Condes de Barcelona,Barcelona,9/5/2016, Turkey ,Leisure,"[' Leisure trip ', ' Couple ', ' Condal Double or Twin Room ', ' Stayed 1 night ', ' Submitted from a mobile device ']", Staff was bad very bad, Location was very good just at the heart of a very famous street,7.5,0
Park Plaza Westminster Bridge London,London,9/5/2015, Saudi Arabia ,Leisure,"[' Leisure trip ', ' Group ', ' Two Bedroom Suite ', ' Stayed 2 nights ', ' Submitted from a mobile device ']",No Negative, Location and cleanliness of the hotel Beside it is near Tour buses,8.8,0
Rainers Hotel Vienna,Vienna,12/4/2015, Romania ,Leisure,"[' Leisure trip ', ' Couple ', ' Superior Twin Room ', ' Stayed 3 nights ', ' Submitted from a mobile device ']", N A, Very nice staff clean rooms and perfect conditions,9.6,0
Le Cinq Codet,Paris,1/23/2016, Switzerland ,Leisure,"[' Leisure trip ', ' Solo traveler ', ' Classic Double Room ', ' Stayed 1 night ']", Nothing important really , Modern clean well equipped hotel in a great location ,9.2,0
St James Court A Taj Hotel London,London,8/29/2016, United States of America ,Leisure,"[' Leisure trip ', ' Couple ', ' Executive King Room ', ' Stayed 3 nights ', ' Submitted from a mobile device ']",No Negative, It was within walking distance to many major attractions,10.0,0
Jaz Amsterdam,Amsterdam,7/9/2017, Belgium ,Leisure,"[' Leisure trip ', ' Couple ', ' Superior Double Room ', ' Stayed 2 nights ', ' Submitted from a mobile device ']",No Negative, Great place for stay quite good connection with the city center I loved the sauna and gym in the hotel ,9.2,0
Intercontinental London The O2,London,11/21/2016, United Kingdom ,Leisure,"[' Leisure trip ', ' Couple ', ' Superior King Room with River View ', ' Stayed 1 night ', ' Submitted from a mobile device ']", There was a small flashing light in the room which was a bit annoying, The bed was really comfortable and the room really quiet,10.0,0
Hotel SB Icaria Barcelona,Barcelona,9/3/2016, United Kingdom ,Leisure,"[' Leisure trip ', ' Family with young children ', ' Triple Room 2 Adults 1 Child ', ' Stayed 4 nights ', ' Submitted from a mobile device ']", None, Prepared a nice small cake for my daughter and put a happy birthday sign with a fruit basket free of charge in our bed room ,9.6,0
Olivia Plaza Hotel,Barcelona,1/12/2016, Singapore ,Leisure,"[' Leisure trip ', ' Couple ', ' Double or Twin Room ', ' Stayed 2 nights ']", None , The staff are fantastic warm and friendly,10.0,0
Brunelleschi Hotel,Milan,10/30/2015, Poland ,Leisure,"[' Leisure trip ', ' Couple ', ' Double Room ', ' Stayed 2 nights ']",No Negative, Very friendly staff,7.5,0
Pullman London St Pancras,London,2/21/2017, United Kingdom ,Leisure,"[' Leisure trip ', ' Couple ', ' Classic King Room ', ' Stayed 3 nights ']", There were 3 lifts but 1 of them would stop at almost every floor on the way down , We had a lovely room on the 14th floor with great views over the city The hotel was very clean and the breakfast was excellent ,10.0,0
Acca Palace,Milan,5/30/2017, United Arab Emirates ,Business,"[' Business trip ', ' Solo traveler ', ' Double or Twin Room ', ' Stayed 1 night ', ' Submitted from a mobile device ']",No Negative, Easy to reach from central station,7.1,0
Club Quarters Hotel Trafalgar Square,London,7/10/2016, New Zealand ,Leisure,"[' Leisure trip ', ' Couple ', ' Small Queen Room ', ' Stayed 1 night ', ' Submitted from a mobile device ']", Mini bar,No Positive,8.3,0
Adria Boutique Hotel,London,12/6/2015, United Kingdom ,Business,"[' Business trip ', ' Solo traveler ', ' Small Single Room ', ' Stayed 1 night ', ' Submitted from a mobile device ']", Not the best selection for breakfast , Attentive staff Good selection of complimentary drinks in room High quality rooms ,9.2,0
New Linden Hotel,London,2/7/2017, Germany ,Unknown,"[' Solo traveler ', ' Standard Double Room ', ' Stayed 4 nights ']",No Negative, it s okay for a short stop in London,7.1,0
Hilton London Wembley,London,8/22/2016, United Kingdom ,Leisure,"[' Leisure trip ', ' Couple ', ' King Guest Room ', ' Stayed 1 night ', ' Submitted from a mobile device ']", The bath shower wasn t very big for the room but other than that everything was brilliant , Staff were so warm and welcoming and made our first visit to this hotel so straight forward only stayed one night but didn t want to leave it was so nice ,10.0,0
Leonardo Hotel Vienna,Vienna,3/15/2017, Lebanon ,Leisure,"[' Leisure trip ', ' Solo traveler ', ' Comfort Double or Twin Room ', ' Stayed 3 nights ']", WiFi was a bit slow and spotty even though it was not free , Great location a few minutes away from Westbahnhof a main station with trams and U bahns to get you anywhere Close access to Mariahilfer street a nice shopping street with the Museum quarter at the end Nice lounge and breakfast friendly and helpful staff ,9.2,0
H tel Beauchamps,Paris,3/22/2016, United Kingdom ,Leisure,"[' Leisure trip ', ' Couple ', ' Classic Room ', ' Stayed 4 nights ', ' Submitted from a mobile device ']", Room was small had to squeeze past the end of the bed to reach the bathroom Wardrobe was small in reality this was a single room posing as a double , Breakfast was excellent staff were very good and couldnt have been more helpful by that I mean ALL STAFFwhether reception or household breakfast or concierge very helpful and welcoming Bathroom was spotless and shower was very good They are undergoing building works at the moment but the works are not intrusive ,8.8,0
41,London,2/23/2016, United Kingdom ,Leisure,"[' Leisure trip ', ' Couple ', ' Executive King Room with Lounge Access ', ' Stayed 2 nights ', ' Submitted from a mobile device ']", Perhaps things like coffee could be complimentary for guests and maybe a house wine perhaps considering the prices for the rooms , The staff really were excellent and the food that we did have was good nice touches with the complimentary bits on offer throughout the day,9.6,0
Novotel London Excel,London,3/14/2017, United Kingdom ,Leisure,"[' Leisure trip ', ' Group ', ' Standard Queen Room with Sofa Bed ', ' Stayed 3 nights ', ' Submitted from a mobile device ']", Bathroom shower wasn t as clean as I have had in this hotel in the past My toiletries were never replaced and I stayed three nights, Location great good value for money,8.8,0
Lancaster London,London,9/13/2016, Australia ,Leisure,"[' Leisure trip ', ' Couple ', ' Superior Double Room ', ' Stayed 1 night ']", Shame bar does not have natural light but a small quibble really , Generous check out timings noon and breakfast timings until 11am Really enables a good night s rest and a leisurely start to the day Breakfast buffet a la carte and service were great ,9.6,0
H tel Montmartre Mon Amour,Paris,10/29/2015, Ireland ,Leisure,"[' Leisure trip ', ' Couple ', ' Classic Double Room ', ' Stayed 4 nights ', ' Submitted from a mobile device ']", Room was a little bit small but we worked around it , Staff were very friendly and helpful Location was excellent we got a great weather as well Breakfast was a little bit limited but it was still lovely ,10.0,0
Best Western Premier Op ra Faubourg Ex Hotel Jules ,Paris,8/29/2015, United States of America ,Leisure,"[' Leisure trip ', ' Family with older children ', ' Junior Suite ', ' Stayed 3 nights ', ' Submitted from a mobile device ']",No Negative, Staff was very friendly and helpful also very efficient Location was good I really enjoyed the room the decor the extra touches the rainforest shower head the robes the espresso machine and tea kettle All these extras made it very enjoyable Also everything was very clean ,9.6,0
Mercure London Paddington Hotel,London,5/2/2016, Thailand ,Leisure,"[' Leisure trip ', ' Solo traveler ', ' Small Double Room ', ' Stayed 1 night ', ' Submitted from a mobile device ']", The room was too small Staffs were not polite , The room was comfy,8.3,0
Hotel Cavendish,London,1/24/2016, United Kingdom ,Leisure,"[' Leisure trip ', ' Family with older children ', ' Triple Room ', ' Stayed 1 night ', ' Submitted from a mobile device ']", Just a bit hot in the room, Location was excellent great staff good breakfast,7.9,0
M by Montcalm Shoreditch London Tech City,London,3/8/2017, United Kingdom ,Leisure,"[' Leisure trip ', ' Couple ', ' Club Double Room ', ' Stayed 1 night ']", Didn t like the controls for the room Taking automation to a level where is becomes complicated and long winded to turn lights on or off Maybe that s just me Hotel is let down by the spa I have addressed this with the hotel, Hotel was fab ,9.6,0
Pullman Paris Tour Eiffel,Paris,10/22/2015, Saudi Arabia ,Unknown,"[' Solo traveler ', ' Deluxe King Room Balcony with Eiffel Tower View ', ' Stayed 2 nights ', ' Submitted from a mobile device ']", breakfast the food is just not fresh and cold juices are very good though the check in is the big issue I arrived at 6 in the morning and i emailed them earlier before I get there they said there s pretty good chance i can find my room available i just have to pay 60 i said its okay once i got there they said my room wont be ready before 14 00 minimum that wasnt the issue the problem is i got there early and theres lots of people who got there after me and got there room keys before i do apparently if your eyes not blue and your hair isnt blond you not the first priority to this hotel The lady on the day shift is not friendly at all , Location cleanliness,7.1,0
Uptown Palace,Milan,3/26/2017, United Arab Emirates ,Business,"[' Business trip ', ' Family with young children ', ' Superior Double or Twin Room ', ' Stayed 4 nights ']", We requested a tooth past but room service told us they don t have We asked for a plate and knife to eat fruits and they asked us to come and take it otherwise they will charge us for room delivery , I booked an extra day as my flight was at 10 pm but the staff informed me that no need to pay the extra day and rather than that I should pay 50 Euro as late check out fee That made my day ,7.5,0
Ayre Hotel Rosell n,Barcelona,4/4/2016, United Kingdom ,Business,"[' Business trip ', ' Couple ', ' Double or Twin Room with View ', ' Stayed 3 nights ']",No Negative, Our fourth time at this great hotel Fantastic staff brilliant breakfast and epic views of the Sagrada Familia ,10.0,0
The Tower A Guoman Hotel,London,7/31/2016, United Kingdom ,Business,"[' Business trip ', ' Solo traveler ', ' Standard Double Room with Bridge View ', ' Stayed 3 nights ', ' Submitted from a mobile device ']",No Negative, Lovely hotel drinks with the breakfast buffet are really bad only fault,9.6,0
Royal Passeig de Gracia,Barcelona,4/16/2017, United Kingdom ,Leisure,"[' Leisure trip ', ' Couple ', ' Comfort Room ', ' Stayed 2 nights ', ' Submitted from a mobile device ']",No Negative, Roof bar great views over the whole city and its sights night or day ,10.0,0
Hotel City Central,Vienna,10/17/2016, United Kingdom ,Leisure,"[' Leisure trip ', ' Group ', ' Standard Twin Room ', ' Stayed 5 nights ']",No Negative, excellent breakfast good choice and very good quality as well as good service,8.3,0
Ohla Barcelona,Barcelona,3/27/2017, Belgium ,Leisure,"[' Leisure trip ', ' Couple ', ' Deluxe Junior Suite ', ' Stayed 3 nights ']", The hotel is located in a very busy street so rooms located at the front of the hotel might suffer some noise disturbance Personally we weren t really annoyed by it because our room was at the top floor , The staff was extremely friendly and helpful The rooms were modern and still very cosy The beds were amazing and the linen was super soft Bvlgari toiletries are always a plus The breakfast wasn t what you could expect in a five star hotel yet everything was very tasty ,9.2,0
Crowne Plaza London Battersea,London,7/5/2017, United Kingdom ,Leisure,"[' Leisure trip ', ' Group ', ' Deluxe King Room with River View ', ' Stayed 1 night ']",No Negative, The hotel was 100 clean friendly and comfortable ,9.2,0
St Martins Lane A Morgans Original,London,12/5/2016, United Kingdom ,Leisure,"[' Leisure trip ', ' Solo traveler ', ' Standard ', ' Stayed 1 night ']", I could not find your front door Might I suggest you put the hotel name on the revolving entrance door , I was impressed by the quality of the food The bacon in my club sandwich and at breakfast and the fresh fruit salad at breakfast which was perfectly ripe often in hotels it s not The staff were all very friendly and helpful ,8.8,0
The Savoy,London,7/20/2016, United Kingdom ,Leisure,"[' Leisure trip ', ' Couple ', ' Superior Queen Room ', ' Stayed 1 night ', ' Submitted from a mobile device ']", Small room air conditioning broke television faulty too small, Excellent staff iconic hotel amazing grill restaurant,7.5,0
Strand Palace Hotel,London,8/17/2016, United Kingdom ,Leisure,"[' Leisure trip ', ' Family with older children ', ' 2 rooms ', ' Stayed 3 nights ', ' Submitted from a mobile device ']", There was nothing l didn t like , The rooms were very comfortable The reception staff were very efficient The hotel was in a very convenient location ,10.0,0
Lancaster London,London,7/3/2017, United Kingdom ,Leisure,"[' Leisure trip ', ' Family with young children ', ' Classic Twin Room with View ', ' Stayed 1 night ', ' Submitted from a mobile device ']", The room was far to hot had to shower and leave the room as it was far to hot to sit and relax for a while the rest of the hotel was cool but room far to stuffy, It was a lovely clean hotel probably because of the refurb I could not fault them on the fact you could not tell a refurb was taking place ,8.3,0
Shaftesbury Premier London Paddington,London,10/7/2015, United States of America ,Leisure,"[' Leisure trip ', ' Solo traveler ', ' Deluxe Single Room ', ' Stayed 4 nights ', ' Submitted from a mobile device ']", Not free breakfast, Nice comfy,8.3,0
DoubleTree by Hilton Hotel London Tower of London,London,4/13/2016, United Kingdom ,Leisure,"[' Leisure trip ', ' Couple ', ' Twin Room ', ' Stayed 1 night ', ' Submitted from a mobile device ']", The a c would not shut down in our room it was complicated and time consuming to get moved The hotel I think would have already known about the problem but I suspect hope that many people just put up with it Breakfast was only OK not the usual standard from Hilton I would say ,No Positive,7.1,0
The Royal Horseguards,London,3/13/2016, United Kingdom ,Leisure,"[' Leisure trip ', ' Couple ', ' Deluxe Double Room ', ' Stayed 1 night ', ' Submitted from a mobile device ']", The TV in the bathroom didn t work and the English breakfast was average , We really liked the comfortable bed and mood lighting in the room The hotel smelt beautiful and was very clean ,8.8,0
Schlosshotel R mischer Kaiser,Vienna,10/17/2015, Qatar ,Unknown,"[' Couple ', ' Junior Suite ', ' Stayed 4 nights ', ' Submitted from a mobile device ']", Every thing is all right, Thanks for the staff at the hotel and the marvelous hospitality at the historical place and best breakfast and nice room at the best place in Vienna,9.6,0
Norfolk Towers Paddington,London,12/27/2015, Greece ,Business,"[' Business trip ', ' Couple ', ' Club Double Room ', ' Stayed 6 nights ']", Several problems with the elevator but they are still working on it , A value for money hotel Recently renovated clean and well decorated rooms free Wifi refr gerator and several other technology option i e USB hdmi and vga for PC TV connection Small rooms but confortable enough compared to other hotels in central London ,10.0,0
Hotel JL No76,Amsterdam,8/11/2016, Canada ,Leisure,"[' Leisure trip ', ' Family with older children ', ' 2 rooms ', ' Stayed 5 nights ']", The carpet in room was looking a bit tired and old Stains and some very worn spots , The staff were excellent Friendly and helpful The rooms were nicely done and the bed was very comfortable ,9.2,0
Catalonia Rigoletto,Barcelona,8/8/2015, Croatia ,Business,"[' Business trip ', ' Solo traveler ', ' Double or Twin Room ', ' Stayed 2 nights ']", Room is really small and there is not daylight in room , Good position nice bathroom and bed helpfull staff,8.3,0
Melia White House Hotel,London,8/30/2016, Israel ,Leisure,"[' Leisure trip ', ' Couple ', ' The Level Executive Service Room ', ' Stayed 3 nights ', ' Submitted from a mobile device ']", weak conditioner, good hotel location accessibility friendly staff,9.6,0
Clayton Hotel Chiswick,London,7/25/2016, Switzerland ,Leisure,"[' Leisure trip ', ' Couple ', ' Deluxe Double Room ', ' Stayed 2 nights ']",No Negative, Nice room good bed ,7.5,0
Canary Riverside Plaza Hotel,London,8/2/2017, United Kingdom ,Leisure,"[' With a pet ', ' Leisure trip ', ' Group ', ' Superior Room ', ' Stayed 1 night ', ' Submitted from a mobile device ']", Nothing all of our needs were catered for , The staff couldn t have been more helpful I took my pet chihuahua with me they had made her a bed in our room and put bowls out ready for our arrival The hotel facilities are out of this world Went out in the evening and when we came back the staff had already changed our towels and brought us fresh bath robes We thoroughly enjoyed staying at this hotel ,9.6,0
Pulitzer Amsterdam,Amsterdam,3/27/2017, Russia ,Leisure,"[' Leisure trip ', ' Group ', ' Deluxe King Room ', ' Stayed 4 nights ', ' Submitted from a mobile device ']", Food in the restaurant was specific, Amazing bed window view and cocktails in Pulitzer bar,10.0,0
Hotel SB Icaria Barcelona,Barcelona,12/31/2015, Germany ,Leisure,"[' Leisure trip ', ' Family with young children ', ' Triple Room ', ' Stayed 5 nights ']",No Negative, The staff was very kindly as that I reserved a room with 2 beds and I wanted another bed for my son then they transformed me into another bigger room with 3 beds this were very kindly from them ,9.6,0
TWO Hotel Barcelona by Axel 4 Sup Adults Only,Barcelona,2/9/2017, United Kingdom ,Business,"[' Business trip ', ' Solo traveler ', ' Double or Twin Ground Floor ', ' Stayed 3 nights ', ' Submitted from a mobile device ']", Swimming pool is not really a pool being 5 X 2 meters Parking is 20 per day although I did not use it and after 8 pm there is free parking 50 meters from hotel but I had to find it out myself They let me use the front parking for short 10 minute intervals and I thank them for it I got a upgraded premium room which was nevertheless disappointing because of the following Low pressure shower Pillows from poor quality Mattress is hard Shower is transparent so not ideal for friends staying in same room , Clean hotel Spacious room I was upgraded Good location Friendly staff ,7.9,0
Intercontinental London The O2,London,4/7/2016, United Kingdom ,Leisure,"[' Leisure trip ', ' Couple ', ' Superior King Room ', ' Stayed 1 night ', ' Submitted from a mobile device ']", Snacks with drinks could have been better instead of rice crackers only , We really enjoyed our stay and the room service was prompt and more than what I was expecting Thank You for making my anniversary even more memorable ,10.0,0
Arbor Hyde Park,London,5/31/2016, United Kingdom ,Leisure,"[' Leisure trip ', ' Couple ', ' Superior Double ', ' Stayed 1 night ']", The customer lift was out of order but on the plus side the service lift was made available for all guests , Nice bright and comfortable bedroom Lovely continental breakfast,8.8,0
Steigenberger Hotel Herrenhof,Vienna,12/26/2016, United Kingdom ,Leisure,"[' Leisure trip ', ' Couple ', ' Superior Queen Room ', ' Stayed 3 nights ', ' Submitted from a mobile device ']", No complaints, Great friendly service wonderful breakfast and bar area Also best location Next to hofburg and cafe central,10.0,0
Park Plaza London Riverbank,London,12/14/2016, United Kingdom ,Business,"[' Business trip ', ' Couple ', ' Superior Double Room ', ' Stayed 2 nights ']", The breakfast was somewhat cold on both days and we must have hit a busy period because many of the items on the hot breakfast were not available or being replenished, Excellent staff very helpful and very upbeat,9.2,0
Mondrian London,London,12/22/2015, Switzerland ,Leisure,"[' Leisure trip ', ' Couple ', ' Standard ', ' Stayed 1 night ', ' Submitted from a mobile device ']",No Negative, Smart new stylish hotel on the Thames Good but expensive breakfast buffet,9.2,0
Wilson Boutique Hotel,Barcelona,9/27/2015, United Kingdom ,Leisure,"[' Leisure trip ', ' Couple ', ' Double or Twin Room ', ' Stayed 5 nights ', ' Submitted from a mobile device ']", Nothing would stay again, Good location plenty of bars and caf s around,9.2,0
Holiday Inn London Wembley,London,6/19/2016, United Kingdom ,Leisure,"[' Leisure trip ', ' Couple ', ' Twin Room ', ' Stayed 1 night ', ' Submitted from a mobile device ']",No Negative, Convenient to Wembley stadium,7.9,0
The Chamberlain,London,1/12/2017, Netherlands ,Business,"[' Business trip ', ' Solo traveler ', ' Luxury Double Room ', ' Stayed 1 night ', ' Submitted from a mobile device ']", The room was very warm , Very comfortable place to be ,10.0,0
The Grand at Trafalgar Square,London,7/5/2016, United Kingdom ,Leisure,"[' Leisure trip ', ' Family with older children ', ' Superior Queen Room ', ' Stayed 1 night ']", Paid separately for breakfast but were overcharged three times before they got it right Booked for three persons but apart from number of beds room was only set out for 2 persons e g toiletries Apart from two hooks in bathroom no where to put clothes towels Extra hooks and or a chair bench shelf would enhance bathrooom , Staff were very friendly and helpful Good breakfast plenty of choice Room was spacious kitchenette was good Filter water available plus ice Had a Dolche Gusto coffee maker but no pods ,9.2,0
Swiss tel Amsterdam,Amsterdam,12/9/2016, Denmark ,Business,"[' Business trip ', ' Solo traveler ', ' Premium Double or Twin Room ', ' Stayed 1 night ', ' Submitted from a mobile device ']", Very small rooms, Excellent location at the Dam Square close to everything Nice staff at the reception Very comfortable bed ,7.1,0
Hilton Amsterdam,Amsterdam,4/16/2016, Andorra ,Business,"[' Business trip ', ' Solo traveler ', ' King Deluxe Guest Room ', ' Stayed 1 night ']",No Negative, I have stayed here many times before It s a very nice hotel Clean comfortable all the facilities you might need and pleasant and helpful staff ,9.6,0
Mercure Paris Bercy Biblioth que,Paris,11/23/2015, United Kingdom ,Leisure,"[' Leisure trip ', ' Couple ', ' Standard Double Room ', ' Stayed 1 night ']",No Negative, Only a 15 minute walk to the Gare de Lyon Very handy metro station directly opposite the hotel Lovely bakery next door ,8.3,0
Radisson Blu Edwardian Sussex,London,9/3/2015, Israel ,Leisure,"[' Leisure trip ', ' Family with young children ', ' Deluxe King Room ', ' Stayed 3 nights ']",No Negative, Great staff great location,9.2,0
Maison Albar H tel Paris Champs Elys es ex Mac Mahon ,Paris,5/4/2016, United Kingdom ,Leisure,"[' Leisure trip ', ' Couple ', ' Superior Double Room ', ' Stayed 3 nights ', ' Submitted from a mobile device ']", There was some building work going on but this wasn t too invasive or noisy , Room was nice and quirky ,8.3,0
Holiday Inn London Regent s Park,London,9/4/2016, United Kingdom ,Leisure,"[' Leisure trip ', ' Couple ', ' Standard Double or Twin Room ', ' Stayed 1 night ']", Nothing it was prefect in everything way, Complimentry bottles of water etc were a nice touch Great to have own fridge,10.0,0
Austria Trend Hotel Schloss Wilhelminenberg Wien,Vienna,6/19/2017, Croatia ,Leisure,"[' Leisure trip ', ' Couple ', ' Classic Room ', ' Stayed 2 nights ', ' Submitted from a mobile device ']", Everything, Everything was perfect,10.0,0
Mill sime H tel,Paris,11/12/2016, France ,Leisure,"[' Leisure trip ', ' Solo traveler ', ' Classic Double Room ', ' Stayed 1 night ', ' Submitted from a mobile device ']", I have stayed here before often reserving directly w the hotel Thus the good marks I loved the lower price w Booking but unfortunately they gave me small room with access thru an exterior courtyard via a narrow little stairway and it was pouring rain , Service extraordinaire,10.0,0
H tel du Minist re,Paris,5/7/2016, ,Leisure,"[' Leisure trip ', ' Couple ', ' Superior Double Room ', ' Stayed 4 nights ', ' Submitted from a mobile device ']", A bit small room, Great location clean and friendly place,9.6,0
Hotel Berna,Milan,7/2/2017, Israel ,Leisure,"[' Leisure trip ', ' Couple ', ' Superior Double or Twin Room ', ' Stayed 1 night ', ' Submitted from a mobile device ']",No Negative, Best staff Beautiful hotel and modern room Best location I love it i will back soon I visit in the last week 5 hotels this was the best hotel ,9.6,0
JUFA Hotel Wien,Vienna,1/1/2017, Greece ,Leisure,"[' Leisure trip ', ' Couple ', ' Double or Twin Room ', ' Stayed 6 nights ']", it didn t have room telephone and also fridge but we cooled things by leaving them outside the window , very comfortable bed big room friendly staff we ate dinner one night very rich and tasty ,9.6,0
Grange Strathmore Hotel,London,4/26/2016, United Kingdom ,Leisure,"[' Leisure trip ', ' Couple ', ' Superior Double Room ', ' Stayed 1 night ', ' Submitted from a mobile device ']",No Negative, Staff very helpful and efficient,8.3,0
The Guesthouse Vienna,Vienna,8/21/2016, United States of America ,Leisure,"[' Leisure trip ', ' Couple ', ' Deluxe Double Room with State Opera View ', ' Stayed 2 nights ', ' Submitted from a mobile device ']", In all honesty there not a lot to not like Except you have to be extremely clear with what you are ordering with the language barrier , The amenities were much more than we expected and the staff was bilingual Food was fantastic location was superb ,10.0,0
Mimi s Hotel Soho,London,6/2/2017, Greece ,Business,"[' Business trip ', ' Solo traveler ', ' Small Double Room without Window ', ' Stayed 1 night ', ' Submitted from a mobile device ']",No Negative, The room was very clean and tidy and the bed was really comfortable Excellent location extremely central The housekeepers were very friendly and the reception staff was great helpful and always ready to answer any question ,10.0,0
Radisson Blu Portman Hotel London,London,11/21/2016, United Kingdom ,Leisure,"[' Leisure trip ', ' Couple ', ' Standard Double Room ', ' Stayed 2 nights ', ' Submitted from a mobile device ']", Nothing, It was my girlfriend s birthday and they left a card bottle of fizz and some chocolates in the bedroom so that was a nice touch ,8.8,0
De Vere Devonport House,London,12/6/2015, Russia ,Business,"[' Business trip ', ' Solo traveler ', ' Single Room ', ' Stayed 3 nights ']", The light in the room was dim that s the only thing I disliked during my stay , Very comfortable bed nice personnel About 5 minutes from the underground bus ,9.2,0
Golden Tulip Amsterdam West,Amsterdam,9/18/2016, United Arab Emirates ,Leisure,"[' Leisure trip ', ' Couple ', ' Standard Double or Twin Room ', ' Stayed 6 nights ', ' Submitted from a mobile device ']", Everything was perfect for us however a couple friends staying with us got a super small sized room for the same rate So would recommend calling ahead of time to ensure getting a better larger room , Everything was absolutely perfect They gave us a corner room which had a lovely view with tons of sunshine The hotel s location was perfect too with a tram line just across the street giving us access everywhere around the city The room was exceptionally clean and very modern they also had a free Nespresso machine with coffee tea It was the perfect stay that made our trip to Amsterdam so great we look forward to visiting again soon ,10.0,0
Thistle Holborn The Kingsley,London,5/24/2016, Finland ,Leisure,"[' Leisure trip ', ' Group ', ' Deluxe Twin Room ', ' Stayed 3 nights ']",No Negative, The hotel has a nice old English feel with a modern twist Beds are super comfy and rooms styled beautifully Location is key as the hotel is in mid Holborn within walking distance of Oxford Street Covent Garden and museums Also close to the Holborn underground station with Piccadilly and Central line ready to take you anywhere in minutes The street is more on the quiet side so peace and quiet is quaranteed Staff is very friendly and helpful Breakfast was very wholesome and yummy Lounge bars Singapore Slings were delightful All in all my first choice whenever I m in London THUMBS UP ,9.6,0
W London Leicester Square,London,8/22/2015, United States of America ,Leisure,"[' Leisure trip ', ' Solo traveler ', ' Wonderful Room ', ' Stayed 5 nights ', ' Submitted from a mobile device ']", There are only two things that were to my displeasure and it honestly was not the hotel s fault First upon arrival I had taken a shower and the drain was plugged from other travelers hair which caused it to flood the floor This was quickly alleviated by staff The second would be the construction in front of the hotel which will be over very shortly I had drove in and couldn t use the proper route However it makes it a bit easier to cross the street when walking a silver lining so to speak , The entire staff was welcoming from day 1 until the last Even the doormen would remember us The room we stayed in was the Wonderful room and it was Unique in design the closet like toilet and shower were very beautiful The bed was very comfortable as well I did happen to stay on the second floor near entrance side and did not hear one bit Of noise as both the club and construction were literally at our doorstep Three cheers for soundproofing Overall a wonderful stay and would recommend to others looking to stay in downtown London as it is in the middle of all of it ,10.0,0
Danubius Hotel Regents Park,London,7/4/2016, United Kingdom ,Business,"[' Business trip ', ' Solo traveler ', ' Double Room ', ' Stayed 1 night ']", Bit rowdy in bar area and noise when people were leaving but that was probably a one off, Location parking transport links,9.2,0
Hilton London Wembley,London,9/21/2016, United States of America ,Leisure,"[' Leisure trip ', ' Couple ', ' Deluxe King Room with Stadium View ', ' Stayed 5 nights ', ' Submitted from a mobile device ']", Very clean Helpful service,No Positive,8.3,0
H tel Aiglon Esprit de France,Paris,8/1/2016, United States of America ,Business,"[' Business trip ', ' Solo traveler ', ' Cosy Double Room ', ' Stayed 3 nights ']", There could have been more electrical outlets near the desk, Courteous and helpful staff quiet rooms despite a central location,9.2,0
The Nadler Victoria,London,6/6/2017, United Kingdom ,Leisure,"[' Leisure trip ', ' Couple ', ' Small Double Room ', ' Stayed 1 night ']", Breakfast options weren t very good so we ate out , Lovely and clean and comfortable and the staff were so helpful and friendly ,9.2,0
DoubleTree by Hilton London Westminster,London,5/31/2016, Austria ,Business,"[' Business trip ', ' Solo traveler ', ' Queen Room ', ' Stayed 3 nights ']", WiFi with small bandwidth breakfast not included cabinet very small and no boxes, Nice room excellent Gym open 24hours very supportive and nice personell WiFi easy to access,8.8,0
Shaftesbury Metropolis London Hyde Park,London,6/15/2017, Australia ,Leisure,"[' Leisure trip ', ' Group ', ' Deluxe Twin Room ', ' Stayed 7 nights ', ' Submitted from a mobile device ']", The bathroom was very small and the shower screen wouldn t close properly , The staff at breakfast were very friendly and attentive,10.0,0
Hotel Esther a,Amsterdam,1/7/2017, United Kingdom ,Leisure,"[' Leisure trip ', ' Couple ', ' Deluxe Double or Twin Room with Canal View ', ' Stayed 3 nights ']", Nothing, Everything,10.0,0
Hotel V Nesplein,Amsterdam,12/29/2016, Lebanon ,Leisure,"[' Leisure trip ', ' Couple ', ' Comfort Double or Twin Room ', ' Stayed 3 nights ', ' Submitted from a mobile device ']", Bac a douche is not that practical Water spills out to bathroom floor , We enjoyed our short holiday in Amsterdam Hotel location is excellent walking distance to center and touristic attractions Room is clean ,7.9,0
Mercure Paris Champs Elys es,Paris,8/18/2015, China ,Leisure,"[' Leisure trip ', ' Family with older children ', ' Standard Twin Room ', ' Stayed 2 nights ']", There is no lift in the old building , Location Room style,7.9,0
The Westbridge Hotel,London,8/2/2017, United Kingdom ,Business,"[' Business trip ', ' Solo traveler ', ' Standard Double Room ', ' Stayed 2 nights ']", Be aware pork is not on the menu , Clean well appointed comfortable and quiet 5 minutes walk from Station and 10 minutes from QE2 Olympic Park Staff are very helpful and food is decent Rooms are quiet and comfortable ,10.0,0
Novotel London Greenwich,London,5/3/2016, United Kingdom ,Leisure,"[' Leisure trip ', ' Couple ', ' Superior Twin Room ', ' Stayed 1 night ', ' Submitted from a mobile device ']", Some of the bathrooms need updating, Hotel staff location breakfast ,7.9,0
Hotel Berna,Milan,11/7/2016, Cyprus ,Business,"[' Business trip ', ' Couple ', ' Quality Double or Twin Room ', ' Stayed 2 nights ']",No Negative, Staff room food and location is excellent,9.6,0
Austria Trend Parkhotel Sch nbrunn Wien,Vienna,9/11/2015, Japan ,Business,"[' Business trip ', ' Solo traveler ', ' Deluxe Double Room ', ' Stayed 1 night ']", a bit far from exhibition area , Excellent break fast and fast WIFI just besides of Sch nbrunn ,9.6,0
Hotel Principe Di Savoia,Milan,4/7/2017, Switzerland ,Leisure,"[' Leisure trip ', ' Family with young children ', ' Deluxe Double Room ', ' Stayed 2 nights ', ' Submitted from a mobile device ']", Parking could be free , Interior Food Concierge Staff ,9.2,0
Kensington House Hotel,London,5/11/2017, United Kingdom ,Leisure,"[' Leisure trip ', ' Family with young children ', ' Double Room ', ' Stayed 1 night ']", The breakfast room is rather cramped quite small tables , Very clean comfortable bed and very quiet room ,9.6,0
W12 Rooms,London,11/7/2016, United Kingdom ,Leisure,"[' Leisure trip ', ' Couple ', ' Double Room ', ' Stayed 1 night ', ' Submitted from a mobile device ']",No Negative, Great sized room cleanliness and pleasant room for the cost and location,10.0,0
Draycott Hotel,London,11/1/2016, Switzerland ,Leisure,"[' Leisure trip ', ' Solo traveler ', ' Standard Single Room ', ' Stayed 3 nights ']", The fact that the lift doesn t serve the top floor was slightly awkward with my far too heavy as usual suitcase but staff were there to help me when I needed it so it really wasn t a big deal , Everyone was very welcoming and helpful The hotel also had many nice touches to make one feel very much at home A lot of thought has gone into making this a more personal experience than you normally find in so many London hotels Bravo ,8.3,0
DoubleTree by Hilton London West End,London,2/17/2016, United Kingdom ,Leisure,"[' Leisure trip ', ' Couple ', ' Double Room ', ' Stayed 1 night ', ' Submitted from a mobile device ']", Getting into shower very tight as you got to bring screen out before you get in Bathroom thought was a bit small, Breakfast nice,7.1,0
Park Avenue Baker Street,London,5/3/2017, United Kingdom ,Leisure,"[' Leisure trip ', ' Couple ', ' Club Double Room ', ' Stayed 3 nights ']",No Negative, Small rooms were very quaint and comfortable and very well equipped Really comfy beds ,9.6,0
Hotel Mentana,Milan,11/28/2015, Japan ,Leisure,"[' Leisure trip ', ' Solo traveler ', ' Single Room ', ' Stayed 2 nights ']",No Negative, Hotel Mentana is the best deal in Milan Set just off a usually quiet square you re in old Milan just a couple of cobblestoned streets away from the main streets and a pleasant 15 minute walk to Doumo Sure the hotel isn t the newest or flashiest but that s part of its charm Doors open with big keys the lobby is full of polished wood and features the sort of little bar you might find in a movie from the 1950s and the breakfast well it s ok and enough You haven t come to Milan for your hotel breakfast Stay here sleep well have a coffee a croissant then head out across the square and go sit in one of the many cafes in the area for another coffee before your day of exploration For currently under 100 Euro a night for a single room right in the center of Milan seriously you can t go wrong with the Hotel Mentana Friendly helpful staff too ,9.6,0
Wilson Boutique Hotel,Barcelona,8/9/2015, Poland ,Leisure,"[' Leisure trip ', ' Couple ', ' Double or Twin Room ', ' Stayed 7 nights ', ' Submitted from a mobile device ']",No Negative, Position with built in history of a central Hotel Staff are very accommodating and friendly ,8.8,0
London Marriott Hotel West India Quay,London,11/21/2016, United Kingdom ,Leisure,"[' Leisure trip ', ' Couple ', ' Deluxe King or Twin Room ', ' Stayed 2 nights ', ' Submitted from a mobile device ']",No Negative, Lovely large room comfortable bed great location for o2,10.0,0
Shaftesbury Hyde Park International,London,4/23/2017, Norway ,Unknown,"[' Family with young children ', ' Deluxe Double Room ', ' Stayed 4 nights ', ' Submitted from a mobile device ']",No Negative, The staff was very friendly and helpful Location was excellent ,8.8,0
W Amsterdam,Amsterdam,1/24/2017, Israel ,Leisure,"[' Leisure trip ', ' Group ', ' Wonderful Exchange King ', ' Stayed 3 nights ']",No Negative, The staff were really nice and attentive the room was very comfortable and the spa was amazing,10.0,0
Comfort Inn Suites Kings Cross St Pancras,London,11/26/2015, United Kingdom ,Business,"[' Business trip ', ' Group ', ' Studio Suite ', ' Stayed 2 nights ', ' Submitted from a mobile device ']", Single Beds were too small for a grown adult but perfect for Kids, Recently refurbed room ,8.3,0
Best Western Hotel Major,Milan,12/17/2015, United Kingdom ,Business,"[' Business trip ', ' Solo traveler ', ' Single Room ', ' Stayed 2 nights ']",No Negative, Friendly and efficient staff,7.1,0
Barcel Raval,Barcelona,6/2/2017, United Kingdom ,Leisure,"[' Leisure trip ', ' Couple ', ' Superior Double or Twin Room ', ' Stayed 3 nights ', ' Submitted from a mobile device ']", Some fruit in the room, The welcome glass of bubbly and the helpfulness of reception staff ,9.2,0
Great St Helen Hotel,London,8/2/2017, United Kingdom ,Leisure,"[' Leisure trip ', ' Couple ', ' Double Room ', ' Stayed 2 nights ', ' Submitted from a mobile device ']", View, Bed shower and location,9.2,0
Hotel ViennArt am Museumsquartier,Vienna,11/7/2016, Malaysia ,Leisure,"[' Leisure trip ', ' Couple ', ' Standard Double Room ', ' Stayed 1 night ', ' Submitted from a mobile device ']", The pillows were too soft Room was very basic , The location was excellent Right in the city centre Staff was helpful especially Editha ,8.3,0
Hotel Spadari Al Duomo,Milan,3/20/2016, Turkey ,Business,"[' Business trip ', ' Solo traveler ', ' Deluxe Double Room ', ' Stayed 3 nights ', ' Submitted from a mobile device ']", Metro Noise Small And only one elevator , Staff Breakfast Location and Large Rooms of the hotel ,8.3,0
Holiday Inn London Mayfair,London,2/2/2016, United Kingdom ,Leisure,"[' Leisure trip ', ' Family with older children ', ' Room Selected at Check In ', ' Stayed 1 night ', ' Submitted from a mobile device ']", The room allocated was noisy as next to the main road so heard all the traffic sirens and people shouting at 3 4am having said that it is London Nearly rang reception as we were in a room next door to a family with a baby and small child which screamed until midnight and then was screaming again at 7am Was looking forward to a nice lie in which we unfortunately didn t get Maybe Holiday Inn you can put families with young kids on different floors so they don t disturb other guests as the walls are thin , Location was good for all the shops and we walked everywhere The room was a good size with comfy beds ,7.5,0
Grange Tower Bridge Hotel,London,1/7/2016, United Kingdom ,Business,"[' Business trip ', ' Solo traveler ', ' Superior Double Room ', ' Stayed 2 nights ', ' Submitted from a mobile device ']", Price, Location,9.2,0
Strand Palace Hotel,London,7/17/2016, Canada ,Leisure,"[' Leisure trip ', ' Solo traveler ', ' Cosy Single Room ', ' Stayed 3 nights ']", The bed was not too comfy too hard and the room was extremely small ,No Positive,9.2,0
Barcelona Princess,Barcelona,5/30/2016, United States of America ,Leisure,"[' Leisure trip ', ' Couple ', ' Double or Twin Room ', ' Stayed 5 nights ', ' Submitted from a mobile device ']",No Negative, Views of Barcelona,8.3,0
Suite Hotel 900 m zur Oper,Vienna,9/13/2015, United Arab Emirates ,Leisure,"[' Leisure trip ', ' Family with older children ', ' Deluxe Suite ', ' Stayed 2 nights ', ' Submitted from a mobile device ']", The wifi Lack of coffee and milk in the room , Location Cleanliness Value for money ,9.2,0
Mercure London Paddington Hotel,London,3/1/2017, United Kingdom ,Leisure,"[' Leisure trip ', ' Couple ', ' Small Double Room ', ' Stayed 1 night ', ' Submitted from a mobile device ']",No Negative, Dana on reception was so friendly very professional took time to make sure we knew where and how to travel Dana is a true asset to the hotel ,10.0,0
Rubens At The Palace,London,9/19/2016, United Kingdom ,Leisure,"[' Leisure trip ', ' Couple ', ' Small Double Room ', ' Stayed 2 nights ', ' Submitted from a mobile device ']",No Negative, Room,10.0,0
Club Quarters Hotel Trafalgar Square,London,8/25/2015, United Kingdom ,Leisure,"[' Leisure trip ', ' Couple ', ' Standard Queen Room ', ' Stayed 2 nights ']", none, all was very good,7.9,0
Axel Hotel Barcelona Urban Spa Adults Only,Barcelona,5/22/2016, United Arab Emirates ,Leisure,"[' Leisure trip ', ' Solo traveler ', ' Double or Twin Room ', ' Stayed 2 nights ', ' Submitted from a mobile device ']", Over exposed toilets showers And the towels sheets were dirty , Spacious rooms,7.5,0
DoubleTree by Hilton London Islington,London,10/24/2016, United Kingdom ,Leisure,"[' Leisure trip ', ' Family with young children ', ' 2 rooms ', ' Stayed 1 night ', ' Submitted from a mobile device ']",No Negative, No fuss check in and out with a cookie on arrival 5 min walk from the tube ,9.0,0
Novotel Wien City,Vienna,8/19/2015, United Kingdom ,Leisure,"[' Leisure trip ', ' Couple ', ' Superior Family Room ', ' Stayed 2 nights ']", Parking is very expensive and not convenient to find at all with limited access and parking spaces very tight , Good hotel good facilities fairly expensive location is good to access Vienna with all its history The reception staff were helpful but a little frosty ,8.3,0
Ayre Hotel Rosell n,Barcelona,2/1/2017, Ukraine ,Leisure,"[' Leisure trip ', ' Couple ', ' Double or Twin Room with View ', ' Stayed 4 nights ']", Slow internet Bed is not good Bad soundproofing , Good location and view from the top,7.9,0
New Linden Hotel,London,7/8/2017, United Kingdom ,Leisure,"[' Leisure trip ', ' Couple ', ' Standard Double Room ', ' Stayed 3 nights ', ' Submitted from a mobile device ']", Although the room was clean and functional it was very small and with no air conditioning in the heat of the summer it was stifling to the point of being uncomfortable and difficult to sleep which is not what you want when you are out all day sightseeing etc It is a shame because the staff the location and the cleanliness of the place were all brilliant I would recommend the hotel because of all the positive attributes but on the proviso that a good sized room was requested , The staff were brilliant very helpful polite and friendly very keen to please with whatever help you were seeking The breakfasts were good with plenty of choice and everywhere was very clean The location was also good close to restaurants and the tube but quiet with very little street or traffic noisemail ,7.9,0
Duquesa de Cardona,Barcelona,6/14/2016, United Kingdom ,Leisure,"[' Leisure trip ', ' Couple ', ' Classic Double or Twin Room ', ' Stayed 3 nights ']",No Negative, The staff could not have been more helpful and did everything they could to make our stay a real pleasure ,10.0,0
Grange St Paul s Hotel,London,8/25/2016, United Kingdom ,Leisure,"[' Leisure trip ', ' Solo traveler ', ' Superior Double Room ', ' Stayed 2 nights ', ' Submitted from a mobile device ']",No Negative, Very luxurious hotel The spa was great and staff was very accomodating ,10.0,0
St Ermin s Hotel Autograph Collection,London,11/15/2016, United Kingdom ,Leisure,"[' Leisure trip ', ' Couple ', ' Queen Room ', ' Stayed 2 nights ']", They might have been a high standard but they were very small Breakfast was a ridiculous price 21 for what was on offer , Very high standard of room ,9.6,0
St James Court A Taj Hotel London,London,10/8/2016, United Kingdom ,Leisure,"[' Leisure trip ', ' Couple ', ' Classic Studio ', ' Stayed 1 night ', ' Submitted from a mobile device ']", Nothing could have been better, Extremely courteous service and very clean Felt very wellcomed,10.0,0
Mondrian London,London,1/20/2016, United Kingdom ,Leisure,"[' Leisure trip ', ' Couple ', ' Standard ', ' Stayed 1 night ', ' Submitted from a mobile device ']", Bell boy lost our bag took nearly 2 hours for hotel manager to find my bag as it was taken to an incorrect room , Liked the style of the hotel very clean and comfortable stay,8.8,0
The London EDITION,London,12/24/2016, United Arab Emirates ,Leisure,"[' Leisure trip ', ' Solo traveler ', ' Standard Room ', ' Stayed 1 night ', ' Submitted from a mobile device ']",No Negative, The room comfortable,10.0,0
Hotel Vondel Amsterdam,Amsterdam,12/13/2015, Netherlands ,Leisure,"[' Leisure trip ', ' Couple ', ' Junior Suite ', ' Stayed 3 nights ', ' Submitted from a mobile device ']", The shower was just a rainshower no normal one provided Not really a bad thing just unhandy sometimes , To have a real coffee machine in the room is a real treat Location is good bar is good hotel employees friendly and helpful ,8.3,0
Amba Hotel Marble Arch,London,5/3/2016, United Kingdom ,Leisure,"[' Leisure trip ', ' Family with older children ', ' 2 rooms ', ' Stayed 1 night ']", long walks from lifts, nespresso coffee and free items in room,8.8,0
The Sumner Hotel,London,2/5/2017, Turkey ,Leisure,"[' Leisure trip ', ' Family with young children ', ' Standard Double or Twin Room ', ' Stayed 4 nights ']", nothing that I dislike, excellent location 5 min walk to Marble Arch underground Central line station So many shops including Primark Top Shop Boots etc Very strong wifi all around the room reception Breakfast is rich english breakfast fresh fruits 4 5 cheese options cereals pastries Pub food fine dining deli pastry etc in the next door ,9.2,0
Park Plaza Victoria Amsterdam,Amsterdam,7/7/2016, Belgium ,Leisure,"[' Leisure trip ', ' Couple ', ' Double Room ', ' Stayed 2 nights ', ' Submitted from a mobile device ']", Mattress too soft, Good location friendly and helpful staff good quality shampoos and shower gels nespresso machine in room,9.2,0
NH Collection Milano President,Milan,8/5/2015, China ,Business,"[' Business trip ', ' Solo traveler ', ' Superior Double Room ', ' Stayed 3 nights ', ' Submitted from a mobile device ']", No help to bring the luggage to bring the luggage to room at arrival,No Positive,7.5,0
Best Western Premier Hotel Couture,Amsterdam,1/28/2016, Austria ,Business,"[' Business trip ', ' Solo traveler ', ' Standard Double or Twin Room ', ' Stayed 2 nights ']", Obviously since 1 year the hotel is not allowed to serve any alcohol due to some problems with the authorities Nowhere this was evident before arriving A note in the bar apologizes for the temporary inconvenience Various other guests who had been there one year ago told that this is nothing new , very friendly clean well equipped excellent breakfast ,8.3,0
Thistle Kensington Gardens,London,11/15/2015, United Kingdom ,Leisure,"[' Leisure trip ', ' Couple ', ' Standard Double Room ', ' Stayed 1 night ', ' Submitted from a mobile device ']",No Negative, Had a really pleasant stay Staff were very friendly lovely breakfast and comfortable rooms Would recommend and we would book again too ,9.6,0
Hilton London Wembley,London,12/17/2016, United Kingdom ,Leisure,"[' Leisure trip ', ' Couple ', ' Queen Room Mobility Access ', ' Stayed 1 night ', ' Submitted from a mobile device ']",No Negative, Everything was spot on excellent ,10.0,0
The Chamberlain,London,7/26/2017, Netherlands ,Leisure,"[' Leisure trip ', ' Group ', ' Luxury Double Room ', ' Stayed 3 nights ', ' Submitted from a mobile device ']", Breakfast was quite slow but tasty and room was cleaned only late in the afternoon , Decent size room good beds and shower Great location of the venue ,8.3,0
Hilton Milan,Milan,6/7/2016, Romania ,Leisure,"[' Leisure trip ', ' Couple ', ' King Guest Room ', ' Stayed 1 night ', ' Submitted from a mobile device ']", It was very cold in the room, The location is great ,8.8,0
Park Plaza Victoria Amsterdam,Amsterdam,1/12/2017, Singapore ,Leisure,"[' Leisure trip ', ' Family with young children ', ' Urban Junior Suite ', ' Stayed 2 nights ', ' Submitted from a mobile device ']", Nothing at all, Friendly staff and room is clean n big,10.0,0
ARCOTEL Kaiserwasser Superior,Vienna,12/17/2016, France ,Business,"[' Business trip ', ' Solo traveler ', ' Comfort Double Room ', ' Stayed 2 nights ', ' Submitted from a mobile device ']",No Negative, Very good location across the road from the Vienna International Centre A short train ride to the city centre and airport bus stops nearby,9.2,0
Hilton London Kensington Hotel,London,4/5/2017, United Kingdom ,Leisure,"[' Leisure trip ', ' Couple ', ' Executive Double Room with Lounge Access ', ' Stayed 2 nights ', ' Submitted from a mobile device ']",No Negative, The executive lounge was a real treat as we have not encountered this before Booked an executive room which was very comfortable and quite With a huge comfy bed and a lovely shower The staff were very friendly and could not do enough for us also we were made to feel very welcome upon checking in Will be staying here again ,10.0,0
Kingsway Hall Hotel,London,3/1/2017, Switzerland ,Leisure,"[' Leisure trip ', ' Solo traveler ', ' Deluxe Double Room ', ' Stayed 2 nights ', ' Submitted from a mobile device ']", rooms now look a little date TV system small screen poor picture and terrible control system Noise I think from air conditioning units on adjacent roof, location,8.8,0
Radisson Blu Edwardian Kenilworth,London,12/5/2016, France ,Leisure,"[' Leisure trip ', ' Couple ', ' Standard Double Twin Room ', ' Stayed 3 nights ']", The width of the bed was smaller than expected , Location is excellent ,8.8,0
Park Plaza Westminster Bridge London,London,11/10/2015, United Kingdom ,Leisure,"[' Leisure trip ', ' Family with young children ', ' Studio Triple ', ' Stayed 1 night ', ' Submitted from a mobile device ']",No Negative, Very caring and helpful when dealing with my grandson s nut allergy ,9.6,0
citizenM London Shoreditch,London,12/26/2016, Germany ,Business,"[' Business trip ', ' Solo traveler ', ' Double Room ', ' Stayed 1 night ', ' Submitted from a mobile device ']",No Negative, I like the overall style of the hotel and the rooms ,8.3,0
Camperio House Suites Apartments,Milan,9/23/2016, United Arab Emirates ,Business,"[' Business trip ', ' Couple ', ' Deluxe Double or Twin Room ', ' Stayed 3 nights ']",No Negative, Location cleanliness,8.3,0
H tel Mathis Elys es,Paris,3/21/2017, United Kingdom ,Leisure,"[' Leisure trip ', ' Couple ', ' Elegance Double or Twin Room ', ' Stayed 1 night ']", External noise from bars and restaurants in street below Ok if you keep windows shut and use ac otherwise definitely a problem No parking on site despite it saying so on Booking com You have to use 3rd party parking at euro 35 40 for 24 hours Very small feel to the hotel almost as if you are entering an apartment block and not an hotel Very poor that restaurant was shut for dinner without prior notification and because the Telegraph had recommended it so highly It is tiny however and the food would have to be really good to make up for the lack of space Breakfast looked like a buffet a good b b would serve up Rather disappointing experience given rooms are average in terms of decor etc and nothing really exceeds your expectations and you hope for nothing going wrong , Booked this hotel on the strength of booking com reviews and for English customers more particularly on the strength of the overly gushing reviews in the Daily Telegraph travel article of the most romantic Paris hotels dated December 2016 DO not book here on the strength of that review as it is over sold First of all the hotel is in an excellent location just off the Champs Elysee It is in a narrow side street It has a nice frontage but very small foyer which can be a problem if several guests arrive at thew same time The feel is quite nice and the ambience relatively quirky particularly when you take the old lift Room were well appointed with good linens and furnishings Our room 43 had a very small balcony almost too small to actually use other than to step out on but added to the ambience of what was quite a small space Hard flooring did not lend itself to luxury Bathroom and separate toilet were ok but nothing special and the toilet would be too small for very large people The reception service and assistance was good as was the cocktail bar with extremely nice drinks Expensive though All in all a good stay in a hotel missing the mark as an altogether quirky boutique stay ,8.3,0
The Bailey s Hotel London,London,2/15/2016, Kuwait ,Leisure,"[' Leisure trip ', ' Solo traveler ', ' Double or Twin Room ', ' Stayed 3 nights ', ' Submitted from a mobile device ']",No Negative, The hotel is cozy newly refurbished with spacious room Location is excellent 2 seconds away from Gloucester Road station Plenty of cafees and restaurants nearby ,10.0,0
Grand Royale London Hyde Park,London,9/1/2015, United Kingdom ,Leisure,"[' Leisure trip ', ' Couple ', ' Deluxe Double Room ', ' Stayed 2 nights ']", Very small room for what we paid, Great location for transport and restaurants Staff couldn t have been more helpful ,8.8,0
The Levante Parliament A Design Hotel,Vienna,1/11/2016, Canada ,Leisure,"[' Leisure trip ', ' Couple ', ' Superior Double or Twin Room ', ' Stayed 1 night ']",No Negative, The location is immediately behind the parliament building and well within walking distance of the center of the city There is a parking charge for your car which is 25 Euros per night but that is common in European cities The buffet breakfast was lovely and even included champagne and orange juice It is possible to order French toast and Omelettes from the chef but there is plenty of great choices without this,9.6,0
Oceania Paris Porte De Versailles,Paris,8/19/2016, United Kingdom ,Leisure,"[' Leisure trip ', ' Couple ', ' Deluxe Double Room ', ' Stayed 3 nights ', ' Submitted from a mobile device ']", The room we stayed in whilst beautiful and extremely up to date was slightly smaller than I had hoped , Perfect location close to 2 metro stations and had some fantastic restaurants and caf s close by Of particular note is Caf d Eugene opposite the Porte de Versailles tram stop where I had the nicest burger at a reasonable price for Paris and Au Plaisir Du Pain pastry stop right next the Balard metro station the most beautiful croissants and pain au chocolat I have ever tasted Also a quiet and calm area which was very relaxing ,9.6,0
Fifty Four Boutique Hotel,London,12/5/2016, United Arab Emirates ,Leisure,"[' Leisure trip ', ' Couple ', ' Standard Double Room ', ' Stayed 2 nights ', ' Submitted from a mobile device ']", Top floor rooms are a bit of a hike , Great location good coffee everything else good enough ,7.5,0
NH Collection Amsterdam Barbizon Palace,Amsterdam,7/13/2017, Israel ,Leisure,"[' Leisure trip ', ' Couple ', ' Superior Double or Twin Room ', ' Stayed 6 nights ']", the sheets weren t replaced the room wasn t cleaned only ordered , the room was ordered twice a day the location was great close to the central station and to the city center,7.5,0
Holiday Inn London Camden Lock,London,4/1/2016, United Kingdom ,Leisure,"[' Leisure trip ', ' Couple ', ' Double Room ', ' Stayed 3 nights ', ' Submitted from a mobile device ']", each morning it took 10 mins to get any hot water in shower No hot water on last morning of stay Some level of noise but expected this , Super location Great comfy bed Fantastic breakfast lots of choice good quality produce and very tasty ,8.3,0
Fleming s Selection Hotel Wien City,Vienna,5/17/2017, United Kingdom ,Leisure,"[' Leisure trip ', ' Family with young children ', ' Superior Double or Twin Room ', ' Stayed 3 nights ', ' Submitted from a mobile device ']", Pillows, Sorry pillows far too soft for my daughter and I Apart from that the room was lovely Breakfast and food in main restaurant were really good,8.8,0
DoubleTree by Hilton London Westminster,London,7/9/2016, Ireland ,Business,"[' Business trip ', ' Group ', ' Twin Room ', ' Stayed 4 nights ', ' Submitted from a mobile device ']", Air conditioning wasn t great , Staff were the most helpful Nothing was a problem They were so courteous Cappuccinos were fab Really delighted with our stay ,9.2,0
Hotel degli Arcimboldi,Milan,8/22/2016, Saudi Arabia ,Leisure,"[' Leisure trip ', ' Couple ', ' Double Room ', ' Stayed 3 nights ']", Small Room Very limitation of the breakfast limited , Location Quiet Very nice Staff Mr Roperto ,8.8,0
Avenida Palace,Barcelona,4/1/2017, United Kingdom ,Leisure,"[' Leisure trip ', ' Couple ', ' Double Room 1 2 Adults ', ' Stayed 3 nights ']",No Negative, Great location wonderful staff very clean,10.0,0
Hilton London Kensington Hotel,London,4/9/2016, United Kingdom ,Leisure,"[' Leisure trip ', ' Couple ', ' Double Hilton Guestroom ', ' Stayed 1 night ', ' Submitted from a mobile device ']", The hotel having no idea me and my wife were arriving , The staff were fantastic and very helpful Breakfast was superb ,7.9,0
NH Collection Amsterdam Doelen,Amsterdam,8/30/2016, Chile ,Business,"[' Business trip ', ' Solo traveler ', ' Superior Double or Twin Room ', ' Stayed 2 nights ']", A tad noisy room but understandable due to its location , Location room service breakfast ,9.2,0
Duquesa Suites Barcelona,Barcelona,8/28/2016, Luxembourg ,Leisure,"[' Leisure trip ', ' Family with young children ', ' 2 rooms ', ' Stayed 1 night ']", A little expensive and not a single snack to eat , The location is very good and staff very nice ,8.3,0
Park Grand London Kensington,London,9/26/2016, United Kingdom ,Leisure,"[' Leisure trip ', ' Family with young children ', ' Superior Double Room ', ' Stayed 1 night ', ' Submitted from a mobile device ']", The sky light in rooms 8 and 9 are under the pavement We awoke to the sound of street noise and planes taking off Spoiled an otherwise fantastic luxury room Also let light in Disappointed because this didn t become apparent until about 6 am, Good full breakfast Clean bright breakfast room Clean comfortable room,7.9,0
Hilton London Bankside,London,11/10/2015, United Kingdom ,Leisure,"[' Leisure trip ', ' Couple ', ' Twin Guest Room ', ' Stayed 1 night ']", None, Everything,10.0,0
Holiday Inn London Wembley,London,10/12/2015, Romania ,Unknown,"[' Family with older children ', ' Double Room with Sofa Bed ', ' Stayed 3 nights ', ' Submitted from a mobile device ']",No Negative, Location is near my son accomodation ,9.2,0
Copthorne Tara Hotel London Kensington,London,10/15/2015, United Kingdom ,Leisure,"[' Leisure trip ', ' Group ', ' Superior Twin Room ', ' Stayed 1 night ']",No Negative, Helpful staff Efficient handling of demand for breakfast ,10.0,0
Corus Hotel Hyde Park,London,8/4/2016, Brazil ,Leisure,"[' Leisure trip ', ' Solo traveler ', ' Standard Double ', ' Stayed 7 nights ']", the size of the room It s a little small , breakfast and localization are excellent,8.8,0
Hotel Erzherzog Rainer,Vienna,2/9/2016, France ,Leisure,"[' Leisure trip ', ' Couple ', ' Special Offer Queen Room ', ' Stayed 2 nights ']",No Negative, Friendly staff good location and nice breakfast,8.3,0
DoubleTree by Hilton London Victoria,London,12/24/2015, United Kingdom ,Unknown,"[' Couple ', ' Deluxe Double Room ', ' Stayed 2 nights ', ' Submitted from a mobile device ']", The rooms were quite warm but the air conditioning was effective if a little noisy, Close to station without being noisy local to lots of bars and restaurants and also several theatres,8.8,0
Radisson Blu Edwardian Sussex,London,4/21/2016, United Kingdom ,Leisure,"[' Leisure trip ', ' Couple ', ' Standard Double Twin Room ', ' Stayed 1 night ']", The Steak and Lobster hotel restaurant IS just steak or lobster arriving after 9pm we were looking for a lighter bite we had to go elsewhere , Comfortable clean room with everything we needed there was no fridge but did not really require one Pleasant staff especially Jamaican Thomas on Reception,8.3,0
Aloft London Excel,London,5/17/2016, United Kingdom ,Leisure,"[' Leisure trip ', ' Couple ', ' Double or Twin Room ', ' Stayed 2 nights ', ' Submitted from a mobile device ']", Nothing to enter, The location Helpful checking in the leisure facilities brilliant DLR on the doorstep,8.8,0
Holiday Inn London Kensington Forum,London,3/27/2017, United Kingdom ,Leisure,"[' Leisure trip ', ' Couple ', ' Double Room Non Smoking ', ' Stayed 2 nights ', ' Submitted from a mobile device ']", Expensive drinks noise at nights as close to rail tracks, Small walk to city center clean tidy friendly hotel,10.0,0
9Hotel Republique,Paris,1/16/2017, Belgium ,Leisure,"[' Leisure trip ', ' Family with young children ', ' Classic Double Room ', ' Stayed 1 night ', ' Submitted from a mobile device ']", Next to nothing except for no teas in the room , Great room both decent bed and shower terras with authentic Paris view and Bluetooth speakers were a plus Good breakfast variety service ,10.0,0
Villa Beaumarchais,Paris,8/27/2016, United Kingdom ,Leisure,"[' Leisure trip ', ' Couple ', ' Standard Double or Twin Room ', ' Stayed 3 nights ', ' Submitted from a mobile device ']", The rooms were advertised as soundproof they weren t ,No Positive,8.3,0
The Savoy,London,9/5/2015, United Kingdom ,Leisure,"[' Leisure trip ', ' Solo traveler ', ' Luxury King Room with River View ', ' Stayed 1 night ', ' Submitted from a mobile device ']", Cost, Everything was perfect,9.6,0
Starhotels Anderson,Milan,2/9/2016, Lebanon ,Leisure,"[' Leisure trip ', ' Couple ', ' Superior Double Room ', ' Stayed 2 nights ']", Maurizio the guy at the reception tends to be edgy and blunt , The room is comfortable We got upgraded Nicos at the reception is very helpful The hotel s location next to Milan Central Train station is very convenient ,7.9,0
Crowne Plaza London Kensington,London,9/3/2016, United Kingdom ,Leisure,"[' Leisure trip ', ' Couple ', ' Standard Double Room ', ' Stayed 1 night ', ' Submitted from a mobile device ']", Nothing, Location excellent for visiting nearby Albert Hall and museums Very pleasant staff contributed to a well run and comfortable hotel ,10.0,0
Best Western Premier Kaiserhof Wien,Vienna,12/29/2015, United States of America ,Leisure,"[' Leisure trip ', ' Solo traveler ', ' Small Double or Twin Room ', ' Stayed 4 nights ']", Wait and desk staff were not as friendly as I thought they could should have been , VERY clean and comfortable rooms hotel easy walk to main attractions and transportation ,9.2,0
Strand Palace Hotel,London,3/27/2017, Australia ,Leisure,"[' Leisure trip ', ' Solo traveler ', ' Standard Single Room ', ' Stayed 1 night ']", My room was windowless which gave me a closed in feeling , For my needs The strand Palace Hotel was ideal for my theatre night The breakfast was very good This hotel is right in the middle of a lot of attractions ,7.5,0
St Pancras Renaissance Hotel London,London,2/21/2017, United Kingdom ,Leisure,"[' Leisure trip ', ' Couple ', ' Superior King Room Barlow Wing ', ' Stayed 1 night ']", On site bistro too crowded and noisy, Location Facilities in room,10.0,0
Club Quarters Hotel Trafalgar Square,London,8/3/2017, United Kingdom ,Leisure,"[' Leisure trip ', ' Couple ', ' Small Queen Room ', ' Stayed 1 night ', ' Submitted from a mobile device ']", We could have checked in earlier but we felt the fee was too expensive However the staff allowed us to make use of their left luggage facility free of charge , All facilities and staff made it a very pleasant weekend They even lent us an umbrella when we found it was raining and hadn t brought our own ,10.0,0
London Marriott Hotel West India Quay,London,11/7/2016, United Kingdom ,Business,"[' Business trip ', ' Couple ', ' Deluxe King or Twin Room ', ' Stayed 2 nights ', ' Submitted from a mobile device ']",No Negative, Lovely staff beautiful food Relaxing atmosphere in the bar and lounge area Very comfortable Cars readily available out the front to taxi to wherever you need All very polite and helpful Also a wide selection for breakfast which was lovely Would definitely stay again ,10.0,0
South Place Hotel,London,10/20/2015, United Kingdom ,Leisure,"[' Leisure trip ', ' Group ', ' Superior Double Room ', ' Stayed 2 nights ']", We had to wait for house keeping outside the room for over half an hour which was unfortunate The room wasn t as impressive as I was expecting considering the rate per night and therefore not entirely full value for money as there are other equivalent hotels in City that are cheaper options to similar standard Also I was slapped on the head from a drunken guest at the ground floor bar and I asked the staff to maybe not serve him drinks and to escort him out Not only did they let him finish his drink he also had time to harass to other young ladies before they asked him to leave which I thought was bad , Great service from front desk and reception staff Quick response to getting iron and iron board ice to the room etc Food and breakfast was excellent Overall a good experience ,8.8,0
WestCord Art Hotel Amsterdam 4 stars,Amsterdam,3/9/2016, United Kingdom ,Leisure,"[' Leisure trip ', ' Couple ', ' Large Room ', ' Stayed 3 nights ', ' Submitted from a mobile device ']",No Negative, Loved our room and the food ,8.8,0
Fletcher Hotel Amsterdam,Amsterdam,11/2/2016, Egypt ,Business,"[' Business trip ', ' Solo traveler ', ' Deluxe Double Room ', ' Stayed 6 nights ', ' Submitted from a mobile device ']", The abscence of a minibar in my room , The artistic desighn of the Hotel and all its facilities Also the staff were highly professional and very helpful ,9.2,0
The Grosvenor,London,11/20/2016, United Kingdom ,Leisure,"[' Leisure trip ', ' Couple ', ' Standard Double Room ', ' Stayed 1 night ', ' Submitted from a mobile device ']", Room was too small, The location was excellent,9.2,0
Park Grand London Lancaster Gate,London,1/8/2017, Switzerland ,Unknown,"[' Couple ', ' Deluxe Double Room ', ' Stayed 2 nights ']",No Negative, Excellent location very friendly and helpful staff who welcomed us really nicely hot towels welcome drink Clean room and all the expected utilities We were also provided with mobile to use at our convenience for free which was extremely useful Staff knew we were in London for a special occasion and made sure we found a little surprise in our room to celebrate Very thoughtful of them ,9.2,0
Holiday Inn Amsterdam Arena Towers,Amsterdam,5/31/2017, United Kingdom ,Leisure,"[' Leisure trip ', ' Group ', ' Standard Twin Room ', ' Stayed 1 night ']",No Negative, Chose this hotel as near to Ziggo Dome where I came from the UK for one day and night purely to attend a pop concert Was easy to get to hotel from airport via Metro and easy to walk to and back from at night Very safe and convenient Had trouble finding the hotel initially but on asking anyone could help with directions Staff were very helpful and friendly ,9.6,0
DoubleTree by Hilton London Westminster,London,4/10/2017, United Kingdom ,Leisure,"[' Leisure trip ', ' Family with young children ', ' Twin Room ', ' Stayed 3 nights ', ' Submitted from a mobile device ']", Not enough light in bedroom only sidelights When curtains are open room is able to be seen from lift waiting area didnt affect my stay though , Everything was brilliant Ideally located within walking distance of Victoria Station Westminster London Eye shops restaurants etc Able to check in early and store bags on departure as had a late flight A deliciously warm cookie on check in Staff on check in friendly and informative quick check in and out Room a good size with the expected amenities Beds comfy and room clean Great breakfast options to start your day honestly dont know what else they could possibly provide for breakfast Taxis always outside hotel Was first time staying in this hotel and would 100 return ,10.0,0
The Sumner Hotel,London,12/20/2015, New Zealand ,Leisure,"[' Leisure trip ', ' Couple ', ' Executive Double or Twin Room ', ' Stayed 2 nights ', ' Submitted from a mobile device ']", The slightly dated room decour narrow shower , The boutique size of the hotel excellent location large room by London standards lovely lounge on demand hot drinks service and the excellent breakfast ,8.8,0
K West Hotel Spa,London,6/13/2017, United Kingdom ,Leisure,"[' Leisure trip ', ' Couple ', ' Superior Double Room ', ' Stayed 1 night ']", Just my hangover the next morning , It was my Birthday so the reception staff brought a cake with Happy Birthday written up to my room Cute touch,7.9,0
Fleming s Selection Hotel Wien City,Vienna,4/20/2016, Belgium ,Leisure,"[' Leisure trip ', ' Couple ', ' Superior Double or Twin Room ', ' Stayed 4 nights ']", Pillows were too soft for my liking but the friendly staff at the reception didn t hesitate and delivered another pillow to my room within 5 minutes , Great and fresh breakfast very nicely layed out and the staff was present to help you with coffee water etc Clean and modern rooms The transparant shower window might be obstructive if you re travelling with friends Only a 3 minute walk from the Rathaus U bahn the city center is approximately 25 minutes by foot ,8.8,0
Nell Hotel Suites,Paris,5/11/2017, Bosnia and Herzegovina ,Leisure,"[' Leisure trip ', ' Family with young children ', ' Classic Apartment ', ' Stayed 4 nights ', ' Submitted from a mobile device ']", Breakfast was very delicious, Bed was extremely comfort And staff very polite Bad thing is that travelling with a car can be a problem as there is no space to park eved for a minute to take out luggage ,8.3,0
Strand Palace Hotel,London,6/7/2016, Spain ,Leisure,"[' Leisure trip ', ' Couple ', ' Standard Double Room ', ' Stayed 1 night ']", cant think of anyrthing, breakfast a pleasure and excellent service at the bar also concierge very helpful and in a very good position for most of London s sites,9.6,0
DoubleTree by Hilton London Victoria,London,12/3/2015, United Kingdom ,Leisure,"[' Leisure trip ', ' Couple ', ' Deluxe Double Room ', ' Stayed 1 night ', ' Submitted from a mobile device ']",No Negative, Comfortable modern hotel in a perfect location for Victoria rail station and tube next door along with the Apollo Theatre in sight from our bedroom window Ideal ,10.0,0
London Hilton on Park Lane,London,7/24/2016, United Kingdom ,Leisure,"[' Leisure trip ', ' Couple ', ' King Guestroom ', ' Stayed 1 night ']",No Negative, GOOD SIZED ROOM VERY CLEAN COMFORTABLE GREAT VIEWS OF LONDON AND EXCELLENT ROOM SERVICE ,9.6,0
Room Mate Giulia,Milan,6/15/2017, Turkey ,Leisure,"[' Leisure trip ', ' Couple ', ' Standard Double or Twin Room ', ' Stayed 2 nights ', ' Submitted from a mobile device ']", Wifi in the room didnt work for some reason, location design room lobby staff,10.0,0
Hotel Esther a,Amsterdam,2/21/2016, Ireland ,Leisure,"[' Leisure trip ', ' Couple ', ' Deluxe Double or Twin Room ', ' Stayed 4 nights ', ' Submitted from a mobile device ']",No Negative, The hotel is absolutely beautiful I fell in love with it and the staff were so nice such friendly genuine people,9.6,0
Aloft London Excel,London,8/18/2016, Germany ,Leisure,"[' Leisure trip ', ' Family with older children ', ' Double or Twin Room ', ' Stayed 1 night ', ' Submitted from a mobile device ']",No Negative, Great wifi Comfortable beds,9.2,0
Hotel Stefanie,Vienna,2/23/2017, United Kingdom ,Leisure,"[' Leisure trip ', ' Group ', ' Double Room with Courtyard View ', ' Stayed 4 nights ']", The weather, Excellent facilities and staff,10.0,0
Rosa Grand Milano Starhotels Collezione,Milan,9/24/2016, United Arab Emirates ,Business,"[' Business trip ', ' Group ', ' Deluxe Double Room ', ' Stayed 1 night ', ' Submitted from a mobile device ']", Some of rooms Size was Small , Location quick Services and warm wellcome ,9.6,0
Novotel Milano Linate Aeroporto,Milan,5/20/2016, United States of America ,Leisure,"[' Leisure trip ', ' Couple ', ' Superior Room with Double Bed and Sofa Bed ', ' Stayed 1 night ', ' Submitted from a mobile device ']", English speaking person when contacted for an airport pickup could have been more friendly and helpful in describing where to meet the van for the pickup She was very short and difficult to understand through all the airport noise , Great location close to Linate airport with free shuttle,9.6,0
IH Hotels Milano Gioia,Milan,11/22/2016, Australia ,Leisure,"[' Leisure trip ', ' Couple ', ' Double Room ', ' Stayed 2 nights ', ' Submitted from a mobile device ']", Not really a problem that the hotel was not within short walking distance from station because bus 81 transported us to a stop only 5 minutes walk away from the hotel at a cost of one euro fifty, Staff were all very friendly helpful room was clean and of decent size with full functioning bathroom breakfast was an excellent buffet ,10.0,0
Acca Palace,Milan,4/7/2016, Slovakia ,Leisure,"[' Leisure trip ', ' Group ', ' Double or Twin Room ', ' Stayed 3 nights ', ' Submitted from a mobile device ']", None maybe kettle could be in the room, Friendly staff comfortable bed good choice at breakfast quite place very good wifi supermarket is close to hotel,9.6,0
Hotel Barcelona Catedral,Barcelona,4/5/2017, Ireland ,Leisure,"[' Leisure trip ', ' Family with young children ', ' Double or Twin Room 1 2 Adults ', ' Stayed 1 night ', ' Submitted from a mobile device ']",No Negative, Staff were all really lovely and so helpful The reservation staff provided restaurant information and booked restaurant in advance for our party The reception staff were friendly welcoming and professional Rooms were very quiet and clean beds were comfortable and lovely to see coffee making facilities in a city hotel ,10.0,0
Hotel Barcelona Catedral,Barcelona,9/4/2016, Australia ,Leisure,"[' Leisure trip ', ' Couple ', ' Double or Twin Room 1 2 Adults ', ' Stayed 4 nights ', ' Submitted from a mobile device ']", Noisy room by lift Pillows were flat,No Positive,7.9,0
Le Burgundy Paris,Paris,2/5/2017, Russia ,Leisure,"[' Leisure trip ', ' Solo traveler ', ' Classic Room ', ' Stayed 4 nights ', ' Submitted from a mobile device ']", Housekeeping, It s very quiet and beautiful ,8.8,0
Pestana Arena Barcelona,Barcelona,7/28/2016, United Kingdom ,Leisure,"[' Leisure trip ', ' Couple ', ' Standard Double or Twin Room ', ' Stayed 4 nights ', ' Submitted from a mobile device ']",No Negative, Very clean room friendly and helpful reception staff and night staff and good location Would most definitely stay here again complimentary sweets are definitely a plus ,7.5,0
Hotel Well and Come,Barcelona,12/8/2016, United Arab Emirates ,Business,"[' Business trip ', ' Couple ', ' Deluxe Double or Twin Room ', ' Stayed 4 nights ', ' Submitted from a mobile device ']", You need to pay the total stay at arrival The soap at the shower was extremely small Bit expensive , The room was Very Nice and clean Free drinks and snacks The breakfast was amazing The staff were Very polite and helpful Very central Great location I would recommend it ,9.2,0
Austria Trend Hotel Park Royal Palace Vienna,Vienna,8/29/2015, Romania ,Leisure,"[' Leisure trip ', ' Couple ', ' Deluxe Room ', ' Stayed 3 nights ']", Nothing, The room neighbourhood with good connections with city centre ,10.0,0
K K H tel Cayr Saint Germain des Pr s,Paris,4/13/2016, United Arab Emirates ,Leisure,"[' Leisure trip ', ' Couple ', ' Classic Double or Twin Room ', ' Stayed 3 nights ']", Though they promised to let me check in earlier through booking com they rejected my request when I arrived there Not a good welcome ,No Positive,7.5,0
Hotel Okura Amsterdam,Amsterdam,9/15/2016, Belgium ,Business,"[' Business trip ', ' Couple ', ' Superior Double Twin Room ', ' Stayed 1 night ']", I called 5 different services from the room telephone and no one replied I had to get to the lobby and talk to reception , Waiter friendliness and service at the Serren and Sazanka restaurant ,8.3,0
Mandarin Oriental Milan,Milan,10/1/2015, United Kingdom ,Business,"[' Business trip ', ' Solo traveler ', ' Deluxe Double or Twin Room ', ' Stayed 3 nights ']", My check in was delayed by 1 5 hrs v v poor also totally crazy at this price of stay they charge you for wi fi , the interior design and service,9.2,0
BEST WESTERN PLUS Amedia Wien,Vienna,3/29/2016, Germany ,Leisure,"[' Leisure trip ', ' Group ', ' Comfort Triple Room ', ' Stayed 3 nights ']",No Negative, Friendly staff quick service Not far from stra ebahn station,7.1,0
Glam Milano,Milan,3/22/2016, Italy ,Unknown,"[' Family with older children ', ' Standard Twin Room ', ' Stayed 1 night ', ' Submitted from a mobile device ']",No Negative, Nice breakfast with healthy options ,10.0,0
TheWesley,London,1/3/2017, United Kingdom ,Leisure,"[' Leisure trip ', ' Group ', ' Standard Double Room ', ' Stayed 1 night ', ' Submitted from a mobile device ']", Bed, Bed was really uncomfortable,7.9,0
Hotel degli Arcimboldi,Milan,4/21/2017, United Kingdom ,Leisure,"[' Leisure trip ', ' Solo traveler ', ' Twin Room ', ' Stayed 4 nights ', ' Submitted from a mobile device ']", Room bit small x bed too hard for me x, Location good x room ok bit small x very helpful staff x,8.3,0
DoubleTree by Hilton Hotel Amsterdam NDSM Wharf,Amsterdam,3/5/2017, France ,Business,"[' Business trip ', ' Solo traveler ', ' Queen Guest Room Mobility Accessible ', ' Stayed 4 nights ']",No Negative, good location great staff very nice rooms and restaurant ,9.2,0
Barcelona Princess,Barcelona,7/7/2017, Bulgaria ,Business,"[' Business trip ', ' Couple ', ' Double or Twin Room with City View ', ' Stayed 5 nights ']",No Negative, The breakfast was great,9.2,0
Holiday Inn Paris Gare de l Est,Paris,8/2/2017, Australia ,Leisure,"[' Leisure trip ', ' Group ', ' Double Room Non Smoking ', ' Stayed 1 night ', ' Submitted from a mobile device ']", I was quite appalled at the scruffiness of the surrounding area, Everything was good,8.3,0
St Ermin s Hotel Autograph Collection,London,4/26/2017, United Kingdom ,Leisure,"[' Leisure trip ', ' Couple ', ' Queen Room ', ' Stayed 2 nights ']", Shower was disappointing and the restaurant was disappointing, location for the tube and ability to get to the London Maration,7.5,0
Park Plaza Victoria Amsterdam,Amsterdam,9/7/2015, Germany ,Leisure,"[' Leisure trip ', ' Couple ', ' Double Room ', ' Stayed 1 night ']",No Negative, location location location ,8.3,0
Hotel Prinz Eugen,Vienna,9/7/2016, United Kingdom ,Leisure,"[' Leisure trip ', ' Couple ', ' Standard Double Room ', ' Stayed 1 night ', ' Submitted from a mobile device ']", no tea coffee in room , one of the best hotels ive stayed in reception staff very freindly deco in reception was very relaxing large garden area at the back large room beds were very comfy clean bathroom lovely breakfast room plenty of choice for breakfast would stay here again 10 mins from train station 4 stops on metro into center of vienna,10.0,0
Select Hotel,Paris,4/12/2016, United Kingdom ,Leisure,"[' Leisure trip ', ' Couple ', ' Small Double Room ', ' Stayed 3 nights ', ' Submitted from a mobile device ']",No Negative, Clean stylish comfortable well located ,10.0,0
Radisson Blu Portman Hotel London,London,10/17/2016, United Kingdom ,Business,"[' Business trip ', ' Group ', ' Single Room ', ' Stayed 2 nights ', ' Submitted from a mobile device ']",No Negative, i like the place it is near the oxfords street 3 min walk ,9.2,0
The Montcalm Marble Arch,London,12/17/2016, Canada ,Leisure,"[' Leisure trip ', ' Solo traveler ', ' Executive Club Double Room ', ' Stayed 4 nights ', ' Submitted from a mobile device ']",No Negative, Great location great staff very clean and modern,9.6,0
Park Inn by Radisson Uno City Vienna,Vienna,6/27/2016, United Arab Emirates ,Leisure,"[' Leisure trip ', ' Couple ', ' Standard Double or Twin Room ', ' Stayed 4 nights ']", A bit outdated Far from night attractions Hallway smells with too much air freshener , Friendly and helpful staff Quiet Homey ambiance Clean With ref and kettle ,8.3,0
Millennium Hotel London Knightsbridge,London,9/3/2015, Saudi Arabia ,Leisure,"[' Leisure trip ', ' Family with young children ', ' Standard Twin Room ', ' Stayed 6 nights ', ' Submitted from a mobile device ']", Nothing, Everything,10.0,0
Hotel Casa Bonay,Barcelona,6/2/2016, Netherlands ,Leisure,"[' Leisure trip ', ' Couple ', ' Superior Double Room ', ' Stayed 2 nights ']", Very noisy room We were on the 1st floor and could hear everything from the bar downstairs , Nice location a short walk away from Plaza Catalunya Room itself was comfortable nice living space ,8.3,0
Ramada Apollo Amsterdam Centre,Amsterdam,6/15/2017, Canada ,Leisure,"[' Leisure trip ', ' Family with young children ', ' Deluxe Twin Room with City View ', ' Stayed 3 nights ']", The dinner menu in the restaurant was very limited we ate the same things a couple of times , There was a problem with the booking I had booked two rooms and had received confirmation But on arrival Booking com had somehow made an error and there was only one room booked the staff immediately phoned Booking com and sorted it out and managed to give us adjoining rooms Great job and extremely friendly,7.9,0
citizenM London Shoreditch,London,5/30/2017, United Kingdom ,Leisure,"[' Leisure trip ', ' Couple ', ' Double Room ', ' Stayed 1 night ', ' Submitted from a mobile device ']",No Negative, Bed was huge Checking in was so easy The room had smart technology so everything was controlled by an iPad Really different and a bit eccentric So happy we booked here ,9.2,0
NH Amsterdam Schiller,Amsterdam,7/27/2016, United Kingdom ,Leisure,"[' Leisure trip ', ' Group ', ' Superior Double or Twin Room ', ' Stayed 3 nights ', ' Submitted from a mobile device ']", Nothing, Fantastic staff and location,10.0,0
Hotel du Collectionneur Arc de Triomphe,Paris,1/9/2016, Ukraine ,Leisure,"[' Leisure trip ', ' Couple ', ' Superior King Room ', ' Stayed 2 nights ', ' Submitted from a mobile device ']", very expensive minibar, good service,9.2,0
Petit Palace Museum,Barcelona,9/26/2015, Australia ,Leisure,"[' Leisure trip ', ' Couple ', ' Romantic Offer Double Room ', ' Stayed 2 nights ', ' Submitted from a mobile device ']", Hotel is a bit dated, Great location value for money air conditioner worked well friendly staff great enclosed balcony,8.3,0
Andaz Amsterdam Prinsengracht A Hyatt Hotel,Amsterdam,3/20/2016, United Kingdom ,Leisure,"[' Leisure trip ', ' Family with older children ', ' 2 rooms ', ' Stayed 3 nights ', ' Submitted from a mobile device ']",No Negative, Service fantastic Location unbeatable,8.8,0
Ayre Hotel Gran V a,Barcelona,2/12/2016, United Kingdom ,Leisure,"[' Leisure trip ', ' Solo traveler ', ' Double or Twin Room ', ' Stayed 3 nights ']",No Negative, The breakfast was great Excellent location Airport bus stops nearby Access to some English speaking TV channels ,10.0,0
Hotel Okura Amsterdam,Amsterdam,9/30/2015, Netherlands ,Leisure,"[' Leisure trip ', ' Couple ', ' Superior Double Twin Room ', ' Stayed 1 night ', ' Submitted from a mobile device ']",No Negative, We were lucky and received an upgrade to a presidential suite ,9.6,0
The Hoxton Holborn,London,5/23/2016, Australia ,Leisure,"[' Leisure trip ', ' Solo traveler ', ' Deluxe Room ', ' Stayed 1 night ', ' Submitted from a mobile device ']", Restaurant service disappointing Was seated for breakfast at an unset table outside set restaurant area not a particular issue whereupon I became invisible I had to get up ask for service Similar experience the previous evening when wanting a cup of coffee I did enjoy the coffee when it came , Very stylish modern hotel Very comfortable room bed although lighting could be better Breakfast menu excellent complementary breakfast useful if early departure Location close to tube restaurants theatre very handy for my stay,8.3,0
Expo Hotel Barcelona,Barcelona,7/12/2017, United Kingdom ,Leisure,"[' Leisure trip ', ' Couple ', ' Standard Double or Twin Room with Balcony ', ' Stayed 1 night ', ' Submitted from a mobile device ']", Nothing to dislike , Modern and clean ,8.8,0
The Cavendish London,London,6/29/2017, United Kingdom ,Leisure,"[' Leisure trip ', ' Couple ', ' Classic Double Room ', ' Stayed 1 night ']", Room was a bit small but there are options for bigger ones , Really nice and modern hotel in a great location View from the room was amazing Requested a room on a top floor and was given one pleasant stay ,9.6,0
88 Studios,London,7/18/2016, United Kingdom ,Leisure,"[' Leisure trip ', ' Family with older children ', ' Triple Studio ', ' Stayed 1 night ']", SIZE OF THE ROOM FOR THREE BEDS WAS TIGHT, THE FACILITIES IN THE ROOM,7.9,0
The Leonard Hotel,London,9/15/2015, United Kingdom ,Leisure,"[' Leisure trip ', ' Solo traveler ', ' Single Room with Shower ', ' Stayed 1 night ']",No Negative, The staff were very friendly helpful Very knowledgeable of area etc Everything was done with a smile pleasure to have stayed there would definitely do it again ,10.0,0
Park Plaza Westminster Bridge London,London,4/10/2017, United Kingdom ,Leisure,"[' Leisure trip ', ' Couple ', ' Superior Double Room ', ' Stayed 2 nights ']", Atrium view room great but couldnt open window so little stuffy, Superb bed excellent coffee shop Espressomente staff brilliant esp Julian Concierge went beyond the call of duty Stephen Just fantastic ,9.6,0
Hampshire Hotel Amsterdam American,Amsterdam,10/13/2015, United Kingdom ,Leisure,"[' Leisure trip ', ' Group ', ' Classic Double Room ', ' Stayed 3 nights ', ' Submitted from a mobile device ']", N a, Good hotel,9.6,0
H10 Port Vell 4 Sup,Barcelona,8/8/2015, United States of America ,Leisure,"[' Leisure trip ', ' Couple ', ' Double or Twin Room ', ' Stayed 4 nights ']", Last night we stayed the hotel roof bar was booked out for a private party Bummed we missed out gin and tonic on the roof for our last night , Staff was very friendly and accommodating Breakfast was not included in our deal so it was very expensive but totally worth it the one time we got it ,10.0,0
NH Collection Amsterdam Grand Hotel Krasnapolsky,Amsterdam,7/30/2016, Australia ,Leisure,"[' Leisure trip ', ' Family with older children ', ' 2 rooms ', ' Stayed 2 nights ', ' Submitted from a mobile device ']",No Negative, The breakfast had an excellent selection ,7.9,0
ME Milan Il Duca,Milan,10/7/2015, Bahrain ,Leisure,"[' Leisure trip ', ' Couple ', ' Deluxe Double Room ', ' Stayed 4 nights ', ' Submitted from a mobile device ']", Ordering at breakfast on some days took a long time due to limited staff, The decor the newness of the property the room size the friendliness of the staff,9.6,0
Cram,Barcelona,8/4/2016, Italy ,Leisure,"[' Leisure trip ', ' Couple ', ' Double Room 2 Adults ', ' Stayed 5 nights ']", Toilet door can not be closed, Very centra comfortable room,9.2,0
St Martins Lane A Morgans Original,London,10/22/2016, United Kingdom ,Business,"[' Business trip ', ' Solo traveler ', ' Standard ', ' Stayed 1 night ', ' Submitted from a mobile device ']", Good Cuban reataurant but not for the returning business traveller , The basics bed and shower are of excellent quality ,8.8,0
H tel Da Vinci Spa,Paris,10/5/2016, United Kingdom ,Leisure,"[' Leisure trip ', ' Couple ', ' Standard Room with Spa Access ', ' Stayed 2 nights ']", The room 403 is a little too small for comfort, The spa is awesome the staff were helpul chatty and fun,9.6,0
Hilton London Wembley,London,11/27/2016, United Kingdom ,Unknown,"[' Couple ', ' King Guest Room ', ' Stayed 1 night ']", bed hard staff should have let us no to book restaurant early because of events at wembley,No Positive,10.0,0
Barcelona Princess,Barcelona,10/30/2015, Kuwait ,Leisure,"[' Leisure trip ', ' Couple ', ' Double or Twin Room with Sea View ', ' Stayed 1 night ']", Nothing, Location and value of money,8.8,0
The Sumner Hotel,London,2/29/2016, United Kingdom ,Leisure,"[' Leisure trip ', ' Couple ', ' Executive Double or Twin Room ', ' Stayed 1 night ', ' Submitted from a mobile device ']",No Negative, Lovely room perfect location Very quiet and relaxing ,8.8,0
Club Quarters Hotel Gracechurch,London,8/9/2016, Ireland ,Leisure,"[' Leisure trip ', ' Couple ', ' Small Queen Room ', ' Stayed 2 nights ', ' Submitted from a mobile device ']", It s abit dated Cleanliness is not there You could tell the carpet and duvet needs a thorough clean The toilet design needs an upgrade So are the doors of the closet and the toilet the tables in the room are all dated , The facilities gym ice free water coffee and tea ,7.9,0
Hilton London Paddington,London,8/28/2016, United Kingdom ,Leisure,"[' Leisure trip ', ' Couple ', ' Double Guest Room ', ' Stayed 1 night ', ' Submitted from a mobile device ']", Getting the bill right in the bar , Location,7.5,0
Grange Langham Court Hotel,London,12/23/2016, Australia ,Leisure,"[' Leisure trip ', ' Couple ', ' Double Room ', ' Stayed 3 nights ', ' Submitted from a mobile device ']",No Negative, The staff were so lovely on our check in for our honeymoon trip We were kindly upgraded and they also added another lovely touch by sending us strawberry cheesecake on our first night The hotel is located in an amazing area with close access to so many places The bed was comfy a tad small but we re 2 tall people and the bathroom was lovely and clean ,10.0,0
Leonardo Hotel Vienna,Vienna,1/7/2016, Italy ,Leisure,"[' Leisure trip ', ' Couple ', ' Comfort Double or Twin Room ', ' Stayed 2 nights ', ' Submitted from a mobile device ']", So strange a 4 hotel which asks 6 for wifi It is the first time I see it and I saw alot of similar hotels , Located not in the center but very close to the metro Nice staff they hosted us in the executive lounge even if ee came before check in time ,7.5,0
Clayton Hotel Chiswick,London,1/9/2017, United Kingdom ,Leisure,"[' Leisure trip ', ' Couple ', ' Deluxe Double Room ', ' Stayed 1 night ', ' Submitted from a mobile device ']",No Negative, Clean rooms Nice hotel,10.0,0
Aparthotel Mariano Cubi Barcelona,Barcelona,3/30/2017, South Africa ,Business,"[' Business trip ', ' Couple ', ' Superior Double Room with Terrace ', ' Stayed 3 nights ', ' Submitted from a mobile device ']", Nothing,No Positive,8.3,0
Hotel Maison FL,Paris,12/5/2016, Canada ,Leisure,"[' Leisure trip ', ' Couple ', ' Classic Double Room ', ' Stayed 1 night ']", having a ramp for wheelchairs and then being able to use it for huge luggage would be a fantastic add on for by passing the complicated 3 4 steps of the stairs at the main door, basically everything was very good location staff bedroom comfort bed quality ,9.6,0
Hotel Berna,Milan,5/30/2017, Australia ,Leisure,"[' Leisure trip ', ' Couple ', ' Quality Double or Twin Room ', ' Stayed 1 night ', ' Submitted from a mobile device ']", Some may expect a lttle more hot food at breakfast although there are plenty of high quality alternatives No peppermint tea among the huge selection in room and at breakfast my wife only drinks peppermint , Pre stay communication by hotel was excellent Fridge was stocked with free soft drinks included breakfast was excellent Large stylish room with very comfortable bed Staff managed to make me feel special Highly recommend this hotel ,10.0,0
Apollofirst Boutique Hotel,Amsterdam,10/17/2016, Latvia ,Leisure,"[' Leisure trip ', ' Solo traveler ', ' Standard Single Room ', ' Stayed 1 night ']", The room and towel could be cleaner ,No Positive,7.1,0
Upper Diagonal,Barcelona,7/20/2016, United States of America ,Leisure,"[' Leisure trip ', ' Couple ', ' Superior Double Room ', ' Stayed 2 nights ', ' Submitted from a mobile device ']",No Negative, Location Fine accomodations,9.6,0
H10 Cubik 4 Sup,Barcelona,5/25/2017, United States of America ,Leisure,"[' Leisure trip ', ' Couple ', ' Superior Double or Twin Room with City View ', ' Stayed 2 nights ', ' Submitted from a mobile device ']", The bedroom was odd shaped and the breakfast room was in the basement They don t tell you they will serve you a full breakfast if you ask Otherwise European buffet The junior suite was not no much a suite as a slightly larger room , Loved the roof deck and showers bathroom ,8.3,0
Landmark London,London,12/5/2015, United Kingdom ,Leisure,"[' Leisure trip ', ' Couple ', ' Deluxe Double Room ', ' Stayed 1 night ']", Breakfast is expensive , Spacious luxurious comfortable room Great location ,9.6,0
WestCord Fashion Hotel Amsterdam,Amsterdam,6/28/2016, United Kingdom ,Leisure,"[' Leisure trip ', ' Couple ', ' Large Double Room ', ' Stayed 2 nights ']", Nothing, Fabulous loved every minute The bed was really comfortable and the Lattes were gorgeous Would definately go back to this hotel,10.0,0
Strand Palace Hotel,London,4/10/2017, United Kingdom ,Leisure,"[' Leisure trip ', ' Solo traveler ', ' Standard Single Room ', ' Stayed 1 night ']", 2 lifts out of order that was pretty crap , The room was excellent for once the online publicity pictures were accurate The single bedroom was more than comfortable with excellent facilities Best Blackout Blinds I ve ever had in a Hotel I am planning to book again for my Christmas Vacation ,9.5,0
NH Collection Amsterdam Barbizon Palace,Amsterdam,5/15/2017, United Kingdom ,Leisure,"[' Leisure trip ', ' Family with young children ', ' Superior Double or Twin Room ', ' Stayed 2 nights ', ' Submitted from a mobile device ']",No Negative, For 700 euros would of liked breakfast included,10.0,0
Best Western Plus Hotel Felice Casati,Milan,5/24/2016, United Kingdom ,Leisure,"[' Leisure trip ', ' Couple ', ' Economy Double Room ', ' Stayed 3 nights ', ' Submitted from a mobile device ']", A TSHIRT went missing from our room the issue was resolved but was a bit questionable they were helpful but took a while to get to a procedure, The breakfast was amazing location was amazing clean hotel clean rooms staff are helpful and friendly,9.6,0
The Montcalm Marble Arch,London,7/18/2017, Oman ,Leisure,"[' Leisure trip ', ' Family with young children ', ' Deluxe Double Room ', ' Stayed 2 nights ', ' Submitted from a mobile device ']", Nothing, The locations Nd the stafe ,9.6,0
Hotel Daniel Vienna,Vienna,8/5/2015, India ,Leisure,"[' Leisure trip ', ' Couple ', ' Standard Double Room ', ' Stayed 2 nights ']", Breakfast is expensive no kettle in room, Lovely parking great area to stay as its very close to the belvedere palace renting out bikes was an amazing experience,7.9,0
Windsor Hotel Milano,Milan,11/24/2015, United Kingdom ,Leisure,"[' Leisure trip ', ' Couple ', ' 2 rooms ', ' Stayed 2 nights ']", No tea and coffee facilities in room, Friendly helpful staff beautifully refurbished hotel good location,7.5,0
Park Plaza Westminster Bridge London,London,10/29/2016, United Kingdom ,Leisure,"[' Leisure trip ', ' Group ', ' Studio King ', ' Stayed 1 night ']", One of my group has claustrophobia and avoids lifts We had to explain this to staff before we were shown the staircase which is only for staff The building is a maze and it was difficult to find them as they are not marked One receptionist in the spa insisted we use the lift despite our explanation possibly a language barrier not ours She eventually understood and showed us the stairs There must be plenty of people who have a problem with lifts , Pool room beds bathroom Luxurious Perfect location for South Bank ,9.2,0
Hotel Park Villa,Vienna,7/31/2016, Austria ,Leisure,"[' Leisure trip ', ' Couple ', ' Standard Double Room ', ' Stayed 2 nights ']",No Negative, Very nice location parking in front of the hotel,9.6,0
Grange Strathmore Hotel,London,6/24/2017, United Kingdom ,Business,"[' Business trip ', ' Solo traveler ', ' Standard Single Room ', ' Stayed 1 night ', ' Submitted from a mobile device ']", No air cond nevertheless there was a fan but Fan stopped working just after 4am woke and too hot to sleep then , Location Convenient to business venue south kensington tube station Side road off main street traffic ,7.5,0
The Principal London,London,1/9/2016, United Kingdom ,Leisure,"[' Leisure trip ', ' Couple ', ' Champagne Shopping package Double Room ', ' Stayed 2 nights ', ' Submitted from a mobile device ']", Breakfast seemed chaotic the first morning we went to the buffet to get our cooked breakfast when we returned to the table it had been completely cleared the very disinterested supervisor apologised but did nothing in the end we had to go to another table to get cutlery and cups breakfast was now cold coffee did eventually arrive I like hot milk with my coffee which wasn t a problem but in the second morning the hot milk arrived but was quite clearly off it took some minutes for anyone to come close to the table and even longer to get a replacement cup and milk the cup had a huge chip in the rim so yet again we had to wait, On the whole all the staff were very helpful and professional and friendly especially Max on the concierge desk making sure we had a car booked to take us to the Ritz for dinner and the very polite helpful doorman,8.8,0
London Marriott Hotel Kensington,London,1/29/2016, United Kingdom ,Leisure,"[' Leisure trip ', ' Couple ', ' Deluxe Queen Room ', ' Stayed 3 nights ', ' Submitted from a mobile device ']",No Negative, First time in London with my other half we had a great time and was easy to travel because of the location of the hotel close to Earles court station friendly staff and will go out of there way to help you,10.0,0
Paris Marriott Champs Elysees Hotel,Paris,2/10/2017, Egypt ,Business,"[' Business trip ', ' Solo traveler ', ' Deluxe Room ', ' Stayed 4 nights ', ' Submitted from a mobile device ']", Value of the money is a high , Location and service of the team inside is great,9.2,0
Holiday Inn London Camden Lock,London,2/12/2017, United Kingdom ,Leisure,"[' Leisure trip ', ' Solo traveler ', ' Double Room ', ' Stayed 2 nights ', ' Submitted from a mobile device ']",No Negative, The little touches such as quotes hand written on the mirror in reception,9.2,0
Claridge s,London,1/26/2016, United Kingdom ,Leisure,"[' Leisure trip ', ' Couple ', ' Superior King Room ', ' Stayed 1 night ', ' Submitted from a mobile device ']",No Negative, Everything Quality hotel Couldnt do enough for us ,10.0,0
LaGare Hotel Milano Centrale MGallery by Sofitel,Milan,5/30/2017, France ,Leisure,"[' Leisure trip ', ' Couple ', ' Superior King Room ', ' Stayed 1 night ']", Away from the historic center and the area is not extraordinary Attention book your seats to enjoy the roof top bar The place is full of Milanese youth from outside , 5 10 min walking from the train station and metro Relaxing in the spa after visiting museum and shopping in the quadrilatero de oro Aperetivo time on the roof top bar and enjoying the view on bosco verticale and diamond towers Closed by the Excelsior Hotel and his cigar lounge,8.8,0
Hotel SB Icaria Barcelona,Barcelona,3/27/2017, Ireland ,Unknown,"[' Family with young children ', ' Triple Room ', ' Stayed 3 nights ', ' Submitted from a mobile device ']", Lunch food was bland no rich flavours and menu was basic,No Positive,9.2,0
The Montcalm At Brewery London City,London,7/16/2017, United Kingdom ,Leisure,"[' Leisure trip ', ' Couple ', ' Deluxe Double Room ', ' Stayed 1 night ', ' Submitted from a mobile device ']",No Negative, The staff were helpful and accommodating It was one of the comfiest cleanest rooms I ve ever stayed in I had a parcel delivered and set up in my room no problems we were also upgraded because of my partners birthday ,9.2,0
DoubleTree by Hilton London Victoria,London,8/2/2016, United Kingdom ,Leisure,"[' Leisure trip ', ' Couple ', ' Double Room ', ' Stayed 1 night ', ' Submitted from a mobile device ']", Price, Location,9.2,0
Radisson Blu Hotel Amsterdam,Amsterdam,9/25/2015, United Kingdom ,Leisure,"[' Leisure trip ', ' Group ', ' Business Double or Twin Room ', ' Stayed 4 nights ', ' Submitted from a mobile device ']",No Negative, Comfortable hotel with great breakfast stayed in business room which was definitely worth the extra cost,8.8,0
Park Plaza Westminster Bridge London,London,9/28/2015, Saudi Arabia ,Leisure,"[' Leisure trip ', ' Solo traveler ', ' Superior Twin Room with Internal View ', ' Stayed 2 nights ']", Distance from Tube No amenities e g water tea bags and sugar in room , Space of room and design ,7.1,0
M by Montcalm Shoreditch London Tech City,London,6/19/2016, United Kingdom ,Leisure,"[' Leisure trip ', ' Couple ', ' Deluxe Double ', ' Stayed 1 night ', ' Submitted from a mobile device ']", It was all great , Being upgraded The use of a phone in room to find places to eat Very high tech rooms The pool sauna had a very good atmosphere and immaculate Being able to charge phone with hotel s charger Close to tube station and great places to eat such as The Blues Kitchen and The Breakfast Club,10.0,0
Villa Panth on,Paris,1/22/2017, Netherlands ,Leisure,"[' Leisure trip ', ' Couple ', ' Classic Room ', ' Stayed 4 nights ']",No Negative, quiet room with street view well done interior design,8.8,0
Ramada Apollo Amsterdam Centre,Amsterdam,12/22/2015, Israel ,Leisure,"[' Leisure trip ', ' Couple ', ' Standard Double Room ', ' Stayed 3 nights ']", I asked for late checkout without extra payment and they ask me for 10 EURO per hour , Value for money,7.1,0
Best Western Plus Seraphine Hammersmith Hotel,London,6/20/2017, United Kingdom ,Leisure,"[' Leisure trip ', ' Group ', ' Executive Triple Room ', ' Stayed 1 night ', ' Submitted from a mobile device ']", Food, Hotel was very nice did not spend much time in the hotel really but over all exerlant ,8.3,0
Holiday Inn London Stratford City,London,8/19/2016, United Kingdom ,Leisure,"[' Leisure trip ', ' Group ', ' Queen Room Non Smoking ', ' Stayed 1 night ', ' Submitted from a mobile device ']",No Negative, Superb location Concierge so friendly and helpful Hotel staff very pleasant and friendly also Would highly recommend and definitely coming back ,10.0,0
Hotel Da Vinci,Milan,9/15/2016, Israel ,Leisure,"[' Leisure trip ', ' Family with older children ', ' 2 rooms ', ' Stayed 1 night ']",No Negative, was great for a short stop very good breakfast,8.8,0
Hotel Indigo London Kensington,London,6/30/2016, Ireland ,Leisure,"[' Leisure trip ', ' Couple ', ' Queen Room ', ' Stayed 2 nights ']", Its not in Europe anymore, Staff are excellent Location Excellent Perfect ,10.0,0
Best Western PLUS Epping Forest,London,12/21/2016, United Kingdom ,Leisure,"[' Leisure trip ', ' Couple ', ' Standard Double Room ', ' Stayed 1 night ', ' Submitted from a mobile device ']",No Negative, staff care was very good,10.0,0
Novotel London Tower Bridge,London,9/20/2015, Canada ,Business,"[' Business trip ', ' Solo traveler ', ' Superior Room with Queen Bed Sofa ', ' Stayed 2 nights ', ' Submitted from a mobile device ']", For Breakfast A for effort but for a French hotel of this quality I expect better care for eggs better selection of cheese and fruit , Great location staff and facilities ,9.6,0
New Linden Hotel,London,8/30/2015, United Kingdom ,Leisure,"[' Leisure trip ', ' Couple ', ' Standard Double Room ', ' Stayed 2 nights ', ' Submitted from a mobile device ']", The cover on the bed was heavy , The location was great very short walk from the tube ,8.8,0
Glam Milano,Milan,8/9/2016, China ,Leisure,"[' Leisure trip ', ' Family with older children ', ' Superior Triple Room ', ' Stayed 2 nights ', ' Submitted from a mobile device ']", NOTHING Just perfect , EVERYTHING I booked a triple but there was something wrong with the room so the hotel upgraded me to a junior suite which has a perfect view of the Milano centrale station The half board surprised me and saved me some money too The staff is so nice ,10.0,0
St Martins Lane A Morgans Original,London,2/14/2017, United Kingdom ,Leisure,"[' Leisure trip ', ' Family with young children ', ' Standard ', ' Stayed 1 night ', ' Submitted from a mobile device ']", I d like a kettle in the room please with tea coffee , As always the welcome from the Reception team was superb the room was great although smaller than we have previously stayed in and the location is perfect for us ,10.0,0
Charlotte Street Hotel,London,2/8/2017, United Kingdom ,Leisure,"[' Leisure trip ', ' Solo traveler ', ' Deluxe Room ', ' Stayed 1 night ', ' Submitted from a mobile device ']", Bar closed at 11 because it was Sunday and nowhere to sit and have a night cap with friends very disappointing, Love the bar great lively atmosphere Hotel superb location,8.8,0
Shepherd s Bush Boutique Hotel,London,3/3/2016, United Kingdom ,Business,"[' Business trip ', ' Solo traveler ', ' Twin Room ', ' Stayed 2 nights ', ' Submitted from a mobile device ']", Should have been less expensive for single occupancy, Rooms very peaceful and quiet despite being close to railway Many restaurants close by Close to tube stations,9.2,0
De Vere Devonport House,London,1/29/2017, United Kingdom ,Leisure,"[' Leisure trip ', ' Couple ', ' Double Room ', ' Stayed 1 night ', ' Submitted from a mobile device ']", Bathroom a bit dated, Food very tasty excellent friendly staff,8.3,0
Four Seasons Hotel George V Paris,Paris,11/14/2015, Russia ,Leisure,"[' Leisure trip ', ' Couple ', ' Four Seasons Suite ', ' Stayed 1 night ']", The only thing that is a killer are the prices they are not too unreasonable 200 Euro for a modest in room breakfast 400 Euro for an airport transfer While I can afford this it is way too much even in comparison to other 5 star hotels anywhere in the world , Excellent staff clean room perfect facilities A great wifi with excellent speed you have a free version and you can upgrade to a high speed internet connection for a certain amount The food delivered by room service is very tasty and food is fresh Concierge is perfect The SPA is magnificent with very excellent massages and treatments Our first stay in this hotel but this is now a favourite for us ,9.6,0
Ayre Hotel Caspe,Barcelona,2/2/2016, Turkey ,Leisure,"[' Leisure trip ', ' Couple ', ' Double or Twin Room ', ' Stayed 3 nights ']", No kettle in room High room price , Nice design comfortable room location,8.3,0
Best Western Plus Seraphine Hammersmith Hotel,London,3/1/2016, Ireland ,Leisure,"[' Leisure trip ', ' Group ', ' Executive Triple Room ', ' Stayed 2 nights ']",No Negative, Room size was good size very clean nice shower tea and coffee in room Breakfast was good plenty to eat near to the underground,8.3,0
Shangri La Hotel at The Shard London,London,5/3/2016, United Kingdom ,Leisure,"[' Leisure trip ', ' Couple ', ' Premier Shard King Room ', ' Stayed 1 night ']", if I had to pick something the price, Everything from room comfort staff friendliness service food at breakfast etc etc,9.6,0
Axel Hotel Barcelona Urban Spa Adults Only,Barcelona,9/15/2016, Austria ,Leisure,"[' Leisure trip ', ' Couple ', ' Double or Twin Room ', ' Stayed 2 nights ']",No Negative, As we came for the 2nd time we got a free room upgrade Very freindly stuff ans nice rooms and pool Terrasse ,10.0,0
Millennium Copthorne Hotels at Chelsea Football Club,London,3/6/2016, United Kingdom ,Leisure,"[' Leisure trip ', ' Couple ', ' Superior Double Room ', ' Stayed 1 night ', ' Submitted from a mobile device ']", Very dirty carpet in our bedroom 1415 Really stained , Good location,8.3,0
Courtyard by Marriott Vienna Schoenbrunn,Vienna,11/5/2015, Australia ,Leisure,"[' Leisure trip ', ' Solo traveler ', ' Standard Double Room ', ' Stayed 2 nights ']", There was no assitance or amenity provided to carry three bags of luggage to the room at check in or from the room at check out Limited lunch menu No room with a view , Proximity to the Schonbrunn Palace makes this accomodation comfortable for tourists keen on exploring the Palace or attending music concerts at the Palace Excellent orthopaedic mattresses ,7.5,0
Hilton London Canary Wharf,London,10/23/2016, United Kingdom ,Leisure,"[' Leisure trip ', ' Group ', ' Family Room ', ' Stayed 1 night ', ' Submitted from a mobile device ']",No Negative, Location,7.9,0
The Hoxton Shoreditch,London,6/17/2016, United Kingdom ,Leisure,"[' Leisure trip ', ' Couple ', ' Deluxe Double Room ', ' Stayed 2 nights ']", Nothing it was all as to be expected , Ideal Location nice design and style of rooms Bit of a hotspot at night in the bar area Food and cocktails were delicious ,9.6,0
Austria Trend Hotel Park Royal Palace Vienna,Vienna,5/3/2016, United Kingdom ,Leisure,"[' Leisure trip ', ' Group ', ' Special Offer Deluxe Room ', ' Stayed 3 nights ']", A little further out than we had anticipated but a very easy commute into the city , Amazing breakfast and excellent quality of service and amenities I would thoroughly recommend this hotel ,9.2,0
Grange St Paul s Hotel,London,12/12/2016, United Kingdom ,Leisure,"[' Leisure trip ', ' Couple ', ' Superior Double Room ', ' Stayed 2 nights ', ' Submitted from a mobile device ']", The bath tub is hard to shower in , Beautiful and amazing facilities staff are easily approachable,10.0,0
L Hotel Pergol se Paris,Paris,11/1/2015, Kyrgyzstan ,Business,"[' Business trip ', ' Solo traveler ', ' Standard Double Room ', ' Stayed 1 night ']", breakfast choice is very nice but expensive 18 eur and I was not informed by teh receptionist about the express breakfast option which is a set of muesli juice croissants etc for 9 eur This would have been perfect for me as I didn t eat much anyway after paying 18 eur , everything was nice,9.6,0
Aparthotel Adagio Vienna City,Vienna,8/30/2015, United Kingdom ,Leisure,"[' Leisure trip ', ' Couple ', ' Superior Studio with City View ', ' Stayed 1 night ', ' Submitted from a mobile device ']", Pillows were too hard and big,No Positive,8.8,0
Hazlitt s,London,5/5/2016, United Kingdom ,Leisure,"[' Leisure trip ', ' Couple ', ' Superior Double Room ', ' Stayed 2 nights ', ' Submitted from a mobile device ']", Nothing not to like, Lovely decor and atmosphere and very friendly staff by all very low key A real find,9.6,0
Le Parisis Paris Tour Eiffel,Paris,7/5/2017, Australia ,Leisure,"[' Leisure trip ', ' Couple ', ' Double Room ', ' Stayed 1 night ', ' Submitted from a mobile device ']", Toilet room very small , Good location Small but comfortable room friendly staff ,8.8,0
Novotel Paris Centre Bercy,Paris,5/22/2017, United Kingdom ,Leisure,"[' Leisure trip ', ' Family with young children ', ' Standard room with 1 queen bed and sofa ', ' Stayed 2 nights ', ' Submitted from a mobile device ']",No Negative, The staff were extra attentive to my children on Sunday there were kids activities going on at breakfast and lunch really good,8.8,0
Crowne Plaza Amsterdam South,Amsterdam,8/1/2017, Turkey ,Leisure,"[' Leisure trip ', ' Couple ', ' Superior Double or Twin Room ', ' Stayed 2 nights ', ' Submitted from a mobile device ']", Nespresso machine would be nice and breakfast was a little bit expensive, Excelleny staff very friendly helpfull kind Hotel is really clean and relax It seems a little bit far from city centre but very close to metro tram and it takes just 5 10 minutes to reach city centre ,9.6,0
Ambassade Hotel,Amsterdam,9/26/2016, United Kingdom ,Leisure,"[' Leisure trip ', ' Group ', ' Deluxe Double or Twin Room with Canal View ', ' Stayed 3 nights ', ' Submitted from a mobile device ']", Nothing all good , Perfect location for all the sights Very friendly helpful staff All requests met with a smile We stayed in the main property with a view of the canal There was some road noise but otherwise a quiet location Some of the rooms are accessed from the road but not a problem Lovely bar area ,9.6,0
Best Western Plus Hotel Felice Casati,Milan,6/19/2017, Italy ,Leisure,"[' Leisure trip ', ' Group ', ' Twin Room ', ' Stayed 1 night ']", Nothing Everything was fine , Location is great from station and hotel was quiet and appropriately equipped ,9.2,0
Shaftesbury Hyde Park International,London,11/24/2015, Denmark ,Leisure,"[' Leisure trip ', ' Solo traveler ', ' Deluxe Single Room ', ' Stayed 2 nights ', ' Submitted from a mobile device ']", The pillows were too hard , It was a beautiful hotel in old English style I stayed at Grand Royale London Hyde Park across the street ,9.6,0
Copthorne Tara Hotel London Kensington,London,1/31/2017, Ireland ,Leisure,"[' Leisure trip ', ' Group ', ' Standard Double Room ', ' Stayed 2 nights ', ' Submitted from a mobile device ']", Rude bar manager couldn t order a cocktail in main bar had to go to cocktail bar drinks were disaster should have staff that can make cocktails they were abysmal flat coke in long island ice tea wrong glass and no crushed ice in margarita split baby Guinness mojitos were average, Comfortable room,7.1,0
Holiday Inn London Camden Lock,London,3/12/2017, United Kingdom ,Leisure,"[' Leisure trip ', ' Couple ', ' Double Room ', ' Stayed 1 night ', ' Submitted from a mobile device ']",No Negative, Perfect Location,9.2,0
Le M ridien Barcelona,Barcelona,5/25/2016, United States of America ,Leisure,"[' Leisure trip ', ' Couple ', ' Deluxe King or Twin Room ', ' Stayed 1 night ', ' Submitted from a mobile device ']",No Negative, Wonderful place to stay very home feeling ,10.0,0
H10 Port Vell 4 Sup,Barcelona,8/13/2015, Australia ,Leisure,"[' Leisure trip ', ' Couple ', ' 2 rooms ', ' Stayed 3 nights ', ' Submitted from a mobile device ']", Long delay to check in,No Positive,9.2,0
Novotel London Wembley,London,11/1/2015, Bahrain ,Leisure,"[' Leisure trip ', ' Family with young children ', ' Superior Queen Suite with Sofa ', ' Stayed 1 night ', ' Submitted from a mobile device ']", Location very far from centre Didnt feel like I was in London , Spacious suite Helpful staff Nearby stadium and outlet,9.2,0
Twenty Nevern Square Hotel,London,12/23/2015, United Kingdom ,Leisure,"[' Leisure trip ', ' Couple ', ' Deluxe Double Room ', ' Stayed 2 nights ', ' Submitted from a mobile device ']", Nothing loved it, Lovely room and bathroom massive luxurious towels and a private terrace staff attentive great location and a great deal continental breakfast with lots of choices will definitely stay again,9.6,0
Charlotte Street Hotel,London,8/28/2015, United Kingdom ,Leisure,"[' Leisure trip ', ' Couple ', ' Superior Room ', ' Stayed 1 night ']", The first room had scaffolding up on the nextdoor building which wasn t a great view , Being upgraded Lovely furnishings Candle welcome gift Location is excellent with many restaurants bars etc in Charlotte Street Great Bar and honesty bar in the lounge ,10.0,0
The Grosvenor,London,1/14/2017, United States of America ,Leisure,"[' Leisure trip ', ' Family with young children ', ' 2 rooms ', ' Stayed 1 night ', ' Submitted from a mobile device ']",No Negative, I love the location of this property we have stayed here before on our travels through London The rooms are comfortable and clean and the staff are always friendly and helpful ,10.0,0
Hotel Mailberger Hof,Vienna,12/20/2016, United Kingdom ,Leisure,"[' Leisure trip ', ' Couple ', ' Superior Double Room ', ' Stayed 4 nights ']", Hotel does not offer evening meals although there are plenty of suitable restaurants nearby so not a real problem , The location is ideal to explore the old town of Vienna Easy walking to Stephens Cathedral Hofburg and Spanish Riding School Museum Quarter is also an easy walk away Our double room was large and traditionally furnished ,9.2,0
The Chamberlain,London,2/15/2016, United Kingdom ,Leisure,"[' Leisure trip ', ' Couple ', ' Luxury Double Room ', ' Stayed 2 nights ', ' Submitted from a mobile device ']", Only showed rugby instead of playing one on one screen and football on another to give guests the choice so had to go elsewhere , Got upgraded at no extra cost room was lovely and modern and spotless Great location to everything couldn t have been any better great value for money Lift was broken but were able to use their secondary lift which was fine for us as on 4th floor Gave us a complimentary drink for the inconvenience Food and drink was reasonable ,8.8,0
Sina The Gray,Milan,1/3/2017, United Kingdom ,Leisure,"[' Leisure trip ', ' Couple ', ' Double Room ', ' Stayed 2 nights ', ' Submitted from a mobile device ']", No tea or coffee making facilities in room No ironing room facilities available unless you paid for the restricted service No welcome drink upon check in as stated by booking com, Couldnt have wished for a better location ,7.1,0
citizenM London Shoreditch,London,10/28/2016, United Kingdom ,Business,"[' Business trip ', ' Solo traveler ', ' Double Room ', ' Stayed 3 nights ']", nothing, very modern place great communal areas large comfy beds,10.0,0
The Piccadilly London West End,London,7/21/2016, Poland ,Leisure,"[' Leisure trip ', ' Family with older children ', ' Premier Twin Room ', ' Stayed 1 night ', ' Submitted from a mobile device ']", Nothing , Staff were excellent friendly and very helpful Location first class ,9.6,0
Vienna Marriott Hotel,Vienna,11/6/2016, United Kingdom ,Business,"[' Business trip ', ' Solo traveler ', ' Double or Twin Room ', ' Stayed 1 night ']", Bathroom needed a refurb, Bed very comfy easy access friendly and helpful staff,8.3,0
Condes de Barcelona,Barcelona,7/25/2017, Italy ,Leisure,"[' Leisure trip ', ' Couple ', ' Urban Double or Twin Room ', ' Stayed 3 nights ']", the coffee the coffee and the coffee , excellent breakfast also for celiacs horrible coffee though but we soon realized that s a spanish or at least catalan problem excellent beds very nice practical bathroom ,10.0,0
Karma Sanctum Soho Hotel,London,10/11/2015, United Kingdom ,Leisure,"[' Leisure trip ', ' Couple ', ' Superior Double Room ', ' Stayed 1 night ', ' Submitted from a mobile device ']", Minor things Got name wrong on TVs welcome No tea making facilities No toast with English breakfast , Decor quality of furnishings in the room Free wif Excellent location,7.9,0
United Lodge Hotel and Apartments,London,12/18/2015, United Kingdom ,Unknown,"[' Couple ', ' Classic Double Room ', ' Stayed 1 night ']", Room was far too hot , Easy to find quiet rooms comfy bed and good facilities Breakfast was good value ,8.8,0
Crowne Plaza London Docklands,London,1/3/2017, United Kingdom ,Leisure,"[' Leisure trip ', ' Solo traveler ', ' Queen Room ', ' Stayed 1 night ']", Did not sleep very well , Nice layout of the hotel Unfortunately noisy air con machine in the room even though it was switched off ,7.5,0
H tel Belloy Saint Germain By Happyculture,Paris,7/20/2017, United States of America ,Leisure,"[' Leisure trip ', ' Couple ', ' Standard Double Room ', ' Stayed 2 nights ', ' Submitted from a mobile device ']",No Negative, We really enjoyed the free portable wifi ,9.6,0
Arthotel ANA Boutique Six,Vienna,5/17/2017, Hungary ,Business,"[' Business trip ', ' Solo traveler ', ' Double Room ', ' Stayed 1 night ']",No Negative, Cosy hotel in a great location Very nice staff at the reception ,9.6,0
London Marriott Hotel Regents Park,London,12/13/2016, Switzerland ,Leisure,"[' Leisure trip ', ' Solo traveler ', ' Deluxe King with Balcony ', ' Stayed 4 nights ', ' Submitted from a mobile device ']", Every morning the stuff had to confirm with the front desk if I had inclusive breakfast , The breakfast is amazing The cleanliness of the hotel The stuff really great ,9.2,0
Catalonia Ramblas 4 Sup,Barcelona,4/18/2017, United Kingdom ,Leisure,"[' Leisure trip ', ' Family with young children ', ' Family Room 4 guest ', ' Stayed 3 nights ']",No Negative, The whole experience,9.6,0
Britannia International Hotel Canary Wharf,London,6/6/2016, United Kingdom ,Leisure,"[' Leisure trip ', ' Couple ', ' Standard Double Room without Window ', ' Stayed 1 night ', ' Submitted from a mobile device ']", Lack of air conditioning in rooms it just doesn t work Queues at check in , Amazing value for centre of Canary Wharf and have stayed there on a few occasions for that reason It s outdated but location just great We ve stopped staying there now due to the lack of air conditioning in the rooms It was okay in the winter but in the warmer weather it s been unbearable at night as you can t open the windows The staff are generally helpful but there can be a long queue at check in I also left an item in the room and it was never returned they said it wasn t there even though I made a special trip to collect it Luckily it was valuable to me but not irreplaceable ,7.1,0
The Park City Grand Plaza Kensington Hotel,London,9/22/2016, Saudi Arabia ,Unknown,"[' Group ', ' Deluxe Double Room ', ' Stayed 7 nights ', ' Submitted from a mobile device ']", Cleaning is poor, Location,7.0,0
H tel Brighton Esprit de France,Paris,7/17/2017, United States of America ,Leisure,"[' Leisure trip ', ' Couple ', ' Deluxe Double Room with Eiffel Tower view ', ' Stayed 7 nights ']", Had our room key stop working on three different occasions Staff immediately corrected the issue though and was extremely apologetic One elevator was inoperable during our stay but the hotel was in the process of making repairs during our stay and when we left , Great place in a great location Staff was highly professional and went out of their way to meet all our needs ,9.2,0
Ch teau Monfort Relais Ch teaux,Milan,4/13/2017, Ireland ,Leisure,"[' Leisure trip ', ' Couple ', ' Superior Double or Twin Room ', ' Stayed 2 nights ', ' Submitted from a mobile device ']",No Negative, Beautiful hotel situated not that close to a metro but there is a tram line outside the door Staff are beyond helpful We were upgraded to a stunning room with a brilliant view Would 100 stay again Felt so welcome in the hotel Thank you,9.6,0
Shangri La Hotel at The Shard London,London,5/15/2017, United Kingdom ,Unknown,"[' Couple ', ' Premier King Room with City View ', ' Stayed 1 night ', ' Submitted from a mobile device ']", This is hard to answer Very hard Absolutely loved it all , It was my partner s birthday so the staff and i were planning our stay accordingly 2 months ahead with dinner reservations and room bookings They kept promt with giving me replies and they were very helpful and polite However upon arrival the staff gave me a surprise and upgraded our room to a suite The gym and pool facilities are amazing and the toilets Oh my Gosh the in room toilets are amazing But the suite they had given us without any extra charges was the highlight It took my partner and I quite a few hours to just absorb all of that We had dinner in hutong which isnt part of Shangri La but part of the Shard restaurants but we got peckish after midnight so we ordered room service afterwards and even that was amazing Thank you very much everyone ,10.0,0
Attica 21 Barcelona Mar,Barcelona,5/19/2016, United Kingdom ,Leisure,"[' Leisure trip ', ' Couple ', ' Double or Twin Room ', ' Stayed 4 nights ']", Only minor Criticism is it would have been nice if the roof pool was open later as we always got back after sightseeing and would have looked to relax with a few drinks , Staff were very polite and helpful room was very modern and fresh given the price,9.2,0
Great Northern Hotel A Tribute Portfolio Hotel London,London,9/6/2016, United Kingdom ,Leisure,"[' Leisure trip ', ' Couple ', ' King Room ', ' Stayed 1 night ', ' Submitted from a mobile device ']", No closet space we did not need it for a night but would have been a drawback for a longer stay , Beautiful and comfortable room Extra bonus was the pantry nice touch ,9.2,0
Copthorne Tara Hotel London Kensington,London,10/6/2015, United Kingdom ,Leisure,"[' Leisure trip ', ' Couple ', ' Superior Plus Double Room ', ' Stayed 3 nights ', ' Submitted from a mobile device ']", Sounds of the trains at night was a bit distracting , Location close to museums and restaurants Staff were always pleasant and helpful Lovely area to explore ,9.6,0
H10 Urquinaona Plaza,Barcelona,9/16/2016, Australia ,Leisure,"[' Leisure trip ', ' Couple ', ' Double Room ', ' Stayed 3 nights ', ' Submitted from a mobile device ']", Basic rooms where small the rooms look out onto reception which is a bit depressing no real Natural light , Breakfast was good Location is perfect not to far from the la rumbla Cool decor ,8.8,0
Melia Vienna,Vienna,10/20/2015, Switzerland ,Leisure,"[' Leisure trip ', ' Couple ', ' Deluxe Double Room ', ' Stayed 4 nights ']",No Negative, Spacious rooms view comfort 57th floor restaurant ,8.8,0
Portobello House,London,3/14/2017, Portugal ,Business,"[' Business trip ', ' Family with young children ', ' Club King Room ', ' Stayed 2 nights ']",No Negative, THE LOCATION NEAR PORTOBELLO ROAD NEAR METRO AND DIRECT TO BAKER STREET THE STAFF THE BED IS VERY CONFORTABLE BREAKFAST ENOUGH LUNCH FOOD OK,8.8,0
IH Hotels Milano Ambasciatori,Milan,11/3/2016, Turkey ,Business,"[' Business trip ', ' Group ', ' 2 rooms ', ' Stayed 1 night ']", the wifi should be better, the staff was very friendly the breakfast was good excellent location,7.1,0
Pullman Paris Centre Bercy,Paris,8/15/2015, Kuwait ,Leisure,"[' Leisure trip ', ' Family with older children ', ' Family Room Two connecting Rooms ', ' Stayed 1 night ', ' Submitted from a mobile device ']",No Negative, The staff s are good Everything was good ,9.6,0
Vice Versa,Paris,10/21/2015, Belgium ,Leisure,"[' Leisure trip ', ' Couple ', ' Classic Room ', ' Stayed 1 night ', ' Submitted from a mobile device ']",No Negative, The staff is just great and very friendly The hotel is just awesome ,10.0,0
Park Plaza Victoria Amsterdam,Amsterdam,10/17/2016, United Kingdom ,Business,"[' Business trip ', ' Solo traveler ', ' Superior King Room ', ' Stayed 3 nights ', ' Submitted from a mobile device ']", Prefer a double Bed to twin, Bar v nice,9.2,0
Hotel du Vin Cannizaro House Wimbledon,London,6/15/2017, United Kingdom ,Business,"[' Business trip ', ' Group ', ' Double Room ', ' Stayed 1 night ']", lovely hotel but all but one member of staff really let it down, lovely hotel but all but one member of staff really let it down,7.9,0
Holiday Inn London Kensington,London,7/3/2017, United Kingdom ,Leisure,"[' Leisure trip ', ' Group ', ' Standard Room ', ' Stayed 2 nights ', ' Submitted from a mobile device ']", Bar staff, Great shower good breakfast ,7.5,0
St Paul s Hotel,London,12/6/2015, United Kingdom ,Leisure,"[' Leisure trip ', ' Couple ', ' Classic Double Room ', ' Stayed 1 night ', ' Submitted from a mobile device ']", Room had too many chairs so felt a bit crowded , Comfy bed great welcome early check in peaceful room but near River and shops and good access to centre Great shower too ,9.6,0
Hotel Schani Wien,Vienna,10/24/2016, United Kingdom ,Leisure,"[' Leisure trip ', ' Group ', ' Double or Twin Room ', ' Stayed 1 night ']",No Negative, great location friendly staff a hotel with a difference,9.6,0
The Grosvenor,London,7/3/2017, United Kingdom ,Leisure,"[' Leisure trip ', ' Group ', ' Standard Double Room ', ' Stayed 2 nights ', ' Submitted from a mobile device ']", Breakfast was coke and poor quality, Nothing,7.5,0
Novotel London West,London,5/6/2017, United Arab Emirates ,Business,"[' Business trip ', ' Solo traveler ', ' Superior Room ', ' Stayed 4 nights ', ' Submitted from a mobile device ']",No Negative, I liked the staff hospitality,10.0,0
Millennium Gloucester Hotel London,London,8/23/2016, United Kingdom ,Leisure,"[' Leisure trip ', ' Couple ', ' Standard Double Room ', ' Stayed 1 night ', ' Submitted from a mobile device ']",No Negative, It was really warm and friendly staff room was lovely and clean location amazing ,9.6,0
H tel du Minist re,Paris,12/21/2015, China ,Business,"[' Business trip ', ' Solo traveler ', ' Deluxe Double or Twin Room ', ' Stayed 5 nights ']", I suggest hotel could consider change some breakfast or guests need to have the same thing every morning , Location is perfect for me and staff is so hospitality and polite ,9.6,0
The Grand at Trafalgar Square,London,3/15/2017, Russia ,Leisure,"[' Leisure trip ', ' Family with young children ', ' Superior Queen Room ', ' Stayed 2 nights ']", A little dusty mattress and pillows getting old and saggy probably time for a change , Microwave and tea making equipment in room Water dispensing machine on every floor ,7.9,0
Golden Tulip Amsterdam West,Amsterdam,6/5/2016, Australia ,Leisure,"[' Leisure trip ', ' Group ', ' Standard Double or Twin Room ', ' Stayed 2 nights ', ' Submitted from a mobile device ']", The shower was a bit too hot and we couldn t work out how to turn it to a cooler setting , The very helpful staff made our day when we needed help tracking down or luggage from the airline ,9.6,0
H tel des Champs Elys es,Paris,7/18/2016, New Zealand ,Leisure,"[' Leisure trip ', ' Couple ', ' Classic Double Room ', ' Stayed 4 nights ', ' Submitted from a mobile device ']",No Negative, It was close to everything The staff were fantastic and nothing was ever a problem I think they love KIWI s,9.2,0
Edouard 7 Paris Op ra,Paris,9/14/2015, United Kingdom ,Leisure,"[' Leisure trip ', ' Family with older children ', ' Superior Room with a shower or a bath ', ' Stayed 3 nights ', ' Submitted from a mobile device ']", Bar was being renovated so only a small room available to sit in , Very clean beautifully decorated Excellent staff very friendly helpful ,9.2,0
San Domenico House,London,8/8/2016, France ,Business,"[' Business trip ', ' Solo traveler ', ' Deluxe Double Room ', ' Stayed 3 nights ', ' Submitted from a mobile device ']", Bit dated No coffee machine in room, Pleasant staff and Terrasse,7.1,0
The Principal London,London,8/11/2015, United Kingdom ,Unknown,"[' Solo traveler ', ' Single Room ', ' Stayed 1 night ', ' Submitted from a mobile device ']",No Negative, Beautiful high gothic hotel covered in marble just gorgeous and well sited for central London the British Museum ucl soas and other places of interest Good for Living in Squares ,10.0,0
Mokinba Hotels Baviera,Milan,12/29/2015, Italy ,Leisure,"[' Leisure trip ', ' Couple ', ' Double or Twin Room ', ' Stayed 3 nights ', ' Submitted from a mobile device ']",No Negative, Will visit back for sure,8.3,0
WestCord Fashion Hotel Amsterdam,Amsterdam,5/1/2017, United Kingdom ,Leisure,"[' Leisure trip ', ' Couple ', ' Large Double Room ', ' Stayed 3 nights ', ' Submitted from a mobile device ']", Think we got some wires crossed when I asked her for toilet paper she gave me a box of tissues pillows were square that s just a personal dislike because i couldn t get comfortable , Staff were helpful lobby was modern and funky it s easy to get back and for when you have the tram sussed The hotel map really helped us and was full of info ,7.9,0
London Marriott Hotel West India Quay,London,11/9/2016, United Kingdom ,Leisure,"[' Leisure trip ', ' Couple ', ' Deluxe King Room with Water View ', ' Stayed 2 nights ']", Going home, Water view without getting out of bed Fab location Great food room service,9.6,0
Hotel degli Arcimboldi,Milan,2/18/2016, Poland ,Business,"[' Business trip ', ' Solo traveler ', ' Double Room ', ' Stayed 2 nights ']",No Negative, The buffet dinner with very good quality price,7.9,0
Glam Milano,Milan,1/15/2016, Russia ,Business,"[' Business trip ', ' Solo traveler ', ' Superior Double Room ', ' Stayed 1 night ', ' Submitted from a mobile device ']", Would be perfect with fresh orange juice for breakfast, Friendly and fast check in great room very fresh and clean The best value for money in Milano I have ever experienced Keep up the great level will stay again Special regards to the reception staff and consequent regards to the manager you have a great team ,9.6,0
NH Collection Amsterdam Barbizon Palace,Amsterdam,1/3/2017, United Kingdom ,Leisure,"[' Leisure trip ', ' Couple ', ' Superior Double or Twin Room ', ' Stayed 4 nights ', ' Submitted from a mobile device ']", Nothing to not like , Everything was absolutley spot on ,10.0,0
Royal Passeig de Gracia,Barcelona,10/17/2016, United Kingdom ,Business,"[' Business trip ', ' Solo traveler ', ' Comfort Room ', ' Stayed 3 nights ']", layout of the hotel, Rooms were spacious clean,8.3,0
Britannia International Hotel Canary Wharf,London,4/6/2016, United Kingdom ,Leisure,"[' Leisure trip ', ' Group ', ' Standard Double Room without Window ', ' Stayed 2 nights ', ' Submitted from a mobile device ']", The air conditioning didn t seem to work properly and because you can t open the window our room reached 26d at times , Really nice hotel with lovely clean rooms and helpful staff ,9.6,0
Warwick Paris Former Warwick Champs Elysees ,Paris,6/18/2017, Lebanon ,Business,"[' Business trip ', ' Couple ', ' Superior Queen Room ', ' Stayed 5 nights ', ' Submitted from a mobile device ']", Small bed small room, Location is great,7.1,0
Room Mate Aitana,Amsterdam,9/20/2015, Canada ,Leisure,"[' Leisure trip ', ' Couple ', ' Queen Room Upper Floors ', ' Stayed 5 nights ', ' Submitted from a mobile device ']", Nothing, View,10.0,0
H10 Port Vell 4 Sup,Barcelona,12/12/2016, United Kingdom ,Leisure,"[' Leisure trip ', ' Family with young children ', ' Double or Twin Room ', ' Stayed 3 nights ', ' Submitted from a mobile device ']", Although the toilet cubicle has its own door there was no door between the main bathroom area and the bedroom meaning that you are fairly exposed when in the shower or drying off outside the shower if the person you re sharing with comes too close I was sharing with my mum and also often holiday with friends so they should really add a sliding door for privacy , The staff were all so welcoming and helpful The rooftop terrace was fantastic ,10.0,0
Austria Trend Hotel Savoyen Vienna,Vienna,6/3/2017, United States of America ,Leisure,"[' Leisure trip ', ' Solo traveler ', ' Deluxe Room ', ' Stayed 1 night ', ' Submitted from a mobile device ']", Pretty much everything was fine Didn t have much of a view but we were there only one night You out did yourselves The place we stayed in Salzburg the next night was awful compared to your place of business , The staff and the concierge were very patient and accommodating The breakfast was expensive for us But we were able to find local dining around the area I was also given great directions from the airport to your hotel via email Almost immediately And was able to research on my end what to do with the information provided Excellent ,7.9,0
The Pelham Starhotels Collezione,London,2/14/2016, France ,Business,"[' Business trip ', ' Solo traveler ', ' Superior Double Room ', ' Stayed 1 night ']", Nothing, The room The breakfast The friendliness of the personnel,10.0,0
Sofitel London St James,London,11/3/2016, Qatar ,Leisure,"[' Leisure trip ', ' Couple ', ' Junior Suite ', ' Stayed 6 nights ']", the door key I have to activate it every day twice please improve the magnetic card , location and concierge,8.8,0
K K Hotel George,London,6/20/2016, United Kingdom ,Leisure,"[' Leisure trip ', ' Couple ', ' Classic Double Room ', ' Stayed 2 nights ', ' Submitted from a mobile device ']",No Negative, Location and the beds the best I slept in,9.2,0
Silken Concordia,Barcelona,8/8/2016, Australia ,Leisure,"[' Leisure trip ', ' Solo traveler ', ' Basic Double Room ', ' Stayed 4 nights ']", Struggled to get an opportunity to use the the sun beds by the pool Found that several guests were leaving their belongings on sun beds and were not at the pool This was un fair on other guests and should be monitored, Good size room with comfortable bed Good restaurants and cafes nearby Not very far from Las Ramblas and within walking distance to hop on hop off bus stop,10.0,0
Park Plaza Westminster Bridge London,London,2/18/2016, United Kingdom ,Leisure,"[' Leisure trip ', ' Couple ', ' Superior Double Room with Internal View ', ' Stayed 2 nights ', ' Submitted from a mobile device ']", Price of drinks in the bar a bit overpriced , Breakfast in bed with no extra charge ,9.6,0
Imperial Riding School Renaissance Vienna Hotel,Vienna,9/6/2016, United Kingdom ,Leisure,"[' Leisure trip ', ' Couple ', ' Double or Twin Room ', ' Stayed 1 night ']",No Negative, The Salsa evening and entertainment on offer nice touch The pool is always an excellent amenity and the reception staff were extremely pleasant The reception staff left a really good impression We are definitely thinking of returning to Vienna if not this year then early 2017 I think Vienna is easily one of the most impressive and interesting cities I have visited in Europe Your hotel will be the first we will check to see if you have availability ,9.2,0
Hotel Barcelona Universal,Barcelona,5/8/2016, United Kingdom ,Leisure,"[' Leisure trip ', ' Group ', ' Triple Room ', ' Stayed 4 nights ']", room was ideal for 3 but not too sure about lack of natural daylight but room was only for sleeping in so not too much of a problem , location was good for our purposes Staff very helpful when we checked in they gave us a map and told us which area not to go in and where we could find a selection of restaurants ,8.8,0
Holiday Inn London Stratford City,London,12/1/2015, United Kingdom ,Leisure,"[' Leisure trip ', ' Couple ', ' Queen Room Non Smoking ', ' Stayed 1 night ', ' Submitted from a mobile device ']", None, Great location,10.0,0
The Montague On The Gardens,London,9/11/2016, United States of America ,Business,"[' Business trip ', ' Solo traveler ', ' Classic King Room ', ' Stayed 2 nights ']",No Negative, This was my second time staying at the Montague on the Gardens which should indicate my pleasure with the first stay There really is nothing to critique from the location of the hotel to the food served the comfort of the rooms and above all the superlative service ,10.0,0
Axel Hotel Barcelona Urban Spa Adults Only,Barcelona,8/1/2017, France ,Leisure,"[' Leisure trip ', ' Couple ', ' Double or Twin Room ', ' Stayed 1 night ', ' Submitted from a mobile device ']", Over priced for very small room No space to put clothes Bathroom is even tinier, Great bar nice clean hotel ,7.1,0
Hotel Kavalier,Vienna,9/5/2015, Romania ,Leisure,"[' Leisure trip ', ' Family with young children ', ' 3 rooms ', ' Stayed 2 nights ']", Tourists, Breakfast,8.3,0
Canary Riverside Plaza Hotel,London,3/13/2017, United Kingdom ,Leisure,"[' Leisure trip ', ' Couple ', ' Standard King Room ', ' Stayed 1 night ', ' Submitted from a mobile device ']", Tea and coffee not in room upon arrival but was arranged once requested , Amazing spa ,8.8,0
Strand Palace Hotel,London,9/26/2016, United Kingdom ,Leisure,"[' Leisure trip ', ' Couple ', ' Cosy Double Room ', ' Stayed 1 night ']", Such a hard bed , Nice quiet room with good spacious bathroom and excellent shower ,9.6,0
Hilton London Kensington Hotel,London,3/19/2017, United Kingdom ,Leisure,"[' Leisure trip ', ' Group ', ' Twin Hilton Guest Room ', ' Stayed 1 night ', ' Submitted from a mobile device ']", Clearer information on parking costs, Very modern,10.0,0
L Empire Paris,Paris,4/20/2016, Armenia ,Business,"[' Business trip ', ' Group ', ' Superior Double or Twin Room ', ' Stayed 1 night ']", Nothing , High appreciation of the staff especially the lady that was on reception on 13 of April till check out on 14 do not remember the name very helpful communicable and just pleasant It would be a pleasure to be hosted at your hotel next time thanks ,9.2,0
Hotel D Este,Milan,10/22/2016, Russia ,Business,"[' Business trip ', ' Solo traveler ', ' Double or Twin Room ', ' Stayed 2 nights ', ' Submitted from a mobile device ']", Room was rather small, Breakfast location,9.6,0
London Marriott Hotel County Hall,London,3/19/2017, Saudi Arabia ,Business,"[' Business trip ', ' Group ', ' Superior Room with View of Big Ben ', ' Stayed 3 nights ']", refrigerator was not cold enough breakfast could be better , spacious room with comfortable beds great staff and service nice view of big Ben i forgot my phone charger and found it kept well next day ,9.6,0
The Piccadilly London West End,London,7/30/2016, Kuwait ,Leisure,"[' Leisure trip ', ' Family with young children ', ' Premier Double Room ', ' Stayed 4 nights ', ' Submitted from a mobile device ']",No Negative, Excellent location Beautiful rooms Amazing staff especially reception staff ,10.0,0
Windsor Hotel Milano,Milan,7/28/2017, Hong Kong ,Leisure,"[' Leisure trip ', ' Family with young children ', ' Executive Twin Room ', ' Stayed 7 nights ', ' Submitted from a mobile device ']", I did lose my blouse in the room it could have been taken away with hotel linen but it was not found in the end , good location near the tube station and central station also next to savoi hotel where you can have good meal in a luxurious atmosphere ,8.8,0
M by Montcalm Shoreditch London Tech City,London,12/31/2015, United Kingdom ,Leisure,"[' Leisure trip ', ' Couple ', ' Deluxe Double ', ' Stayed 2 nights ', ' Submitted from a mobile device ']", Ntg, Lovely hotel great location,10.0,0
Pertschy Palais Hotel,Vienna,2/1/2017, Turkey ,Business,"[' Business trip ', ' Solo traveler ', ' Deluxe Single Room ', ' Stayed 1 night ']",No Negative, Excellent location,7.5,0
Club Quarters Hotel Gracechurch,London,8/5/2015, United Kingdom ,Business,"[' Business trip ', ' Solo traveler ', ' Standard Queen Room ', ' Stayed 1 night ', ' Submitted from a mobile device ']", No spoons in the room and the fridge was too cold and froze my fruit salad , Great location Friendly staff Chilled water and coffee available in the lounge The lounge was comfy and welcoming Express check out was efficient ,9.2,0
Royal Ramblas,Barcelona,9/1/2016, United Arab Emirates ,Leisure,"[' Leisure trip ', ' Family with young children ', ' Standard Room 1 2 adults ', ' Stayed 3 nights ']", I found a fly in the vegetables at the breakfast, Location is amazing,7.1,0
Park Plaza Westminster Bridge London,London,7/25/2017, United States of America ,Leisure,"[' Leisure trip ', ' Group ', ' Superior Double Room Disability Access ', ' Stayed 2 nights ']", Construction in the area, Pleasant people at the desk plenty of security good location,7.5,0
Holiday Inn Paris Elys es,Paris,6/26/2017, Canada ,Leisure,"[' Leisure trip ', ' Couple ', ' Standard Room ', ' Stayed 2 nights ', ' Submitted from a mobile device ']", None, So close to Metro and attractions ,10.0,0
The Bailey s Hotel London,London,2/12/2017, United Kingdom ,Leisure,"[' Leisure trip ', ' Couple ', ' Classic Double Room ', ' Stayed 3 nights ']", Noise from air conditioning generator on roof we were on 5th floor was intrusive , Excellent location for our purposes friendly and helpful staff clean and comfortable breakfast service good ,10.0,0
Pulitzer Amsterdam,Amsterdam,11/5/2016, Latvia ,Leisure,"[' Leisure trip ', ' Family with young children ', ' Executive Double Room ', ' Stayed 2 nights ', ' Submitted from a mobile device ']", The rooms are on the small side and housekeeping wasnt very good room wasnt vacumed and i found black hairs, The staff is what makes this hotel great And location The breakfast is amazing And take the boat trip from hotel it was really great ,8.3,0
The Montcalm At Brewery London City,London,3/8/2016, United Kingdom ,Leisure,"[' Leisure trip ', ' Couple ', ' Club Double Room ', ' Stayed 1 night ', ' Submitted from a mobile device ']",No Negative, Friendly hotel quiet location room very comfortable and breakfast in the Jugged Hair was really good would stay here again,10.0,0
Sofitel Legend The Grand Amsterdam,Amsterdam,12/13/2015, United Kingdom ,Leisure,"[' Leisure trip ', ' Couple ', ' Junior King Suite with View 2 Adults ', ' Stayed 2 nights ', ' Submitted from a mobile device ']", Doorman was a bit grumpy if I was forced to criticise , Beautiful hotel and great location Very nice staff could not fault Our butler Domingo deserves a mention along with Fabion and Dennis made great martinis ,9.2,0
WestCord Fashion Hotel Amsterdam,Amsterdam,5/25/2017, Israel ,Leisure,"[' Leisure trip ', ' Couple ', ' Large Double Room ', ' Stayed 3 nights ']",No Negative, The hotel was absolutely beautiful the bed was very comfort and the steff was nice and helpful,9.6,0
Catalonia Diagonal Centro,Barcelona,8/6/2015, Australia ,Leisure,"[' Leisure trip ', ' Family with older children ', ' Triple Room ', ' Stayed 6 nights ']",No Negative, location and the cleanness and services was good at the front desk,9.2,0
St James Court A Taj Hotel London,London,8/30/2016, United Kingdom ,Leisure,"[' Leisure trip ', ' Couple ', ' Classic Double Room ', ' Stayed 1 night ', ' Submitted from a mobile device ']", Cost of the drinks Lack if pool , Fantastic service Quality hotel Beautiful room ,8.8,0
Ozo Hotel,Amsterdam,1/29/2017, United States of America ,Leisure,"[' Leisure trip ', ' Couple ', ' Double Room ', ' Stayed 2 nights ', ' Submitted from a mobile device ']", We requested a late checkout by 2 hours and were granted However staff opened our hotel door twice during this time Very rude , Good location free parking was really nice ,7.5,0
Strand Palace Hotel,London,12/10/2015, United States of America ,Business,"[' Business trip ', ' Solo traveler ', ' Standard Single Room ', ' Stayed 4 nights ']", Man banged at my door 630 AM claiming to do a Bathroom Check Front desk said he was not with the hotel and had to send security up , Location breakfast cleanliness,8.3,0
Hotel Saint Petersbourg Opera,Paris,12/5/2015, United Kingdom ,Leisure,"[' Leisure trip ', ' Couple ', ' Double or Twin Room ', ' Stayed 2 nights ', ' Submitted from a mobile device ']",No Negative, Location and staff Bed comfortable too and balcony superb ,9.6,0
Park Plaza Victoria Amsterdam,Amsterdam,7/18/2016, Puerto Rico ,Leisure,"[' Leisure trip ', ' Family with older children ', ' Double Room ', ' Stayed 4 nights ', ' Submitted from a mobile device ']",No Negative, service staff location location location,10.0,0
Uptown Palace,Milan,2/7/2017, Switzerland ,Leisure,"[' Leisure trip ', ' Travelers with friends ', ' Suite ', ' Stayed 1 night ', ' Submitted from a mobile device ']", Nothing, I loved everything about the hotel the staff are great and welcoming the hotel is modern and the rooms are amazing,9.2,0
Best Western Blue Tower Hotel,Amsterdam,2/6/2017, United Kingdom ,Leisure,"[' Leisure trip ', ' Solo traveler ', ' Standard Double or Twin Room ', ' Stayed 1 night ']", Could do with a smoking area of note with parasols etc , Great breakfast comfy room Location a bit a way from city centre but it is worth finding the right tram or bus ,9.6,0
Karma Sanctum Soho Hotel,London,5/1/2016, United Kingdom ,Leisure,"[' Leisure trip ', ' Group ', ' Superior Double Room ', ' Stayed 2 nights ', ' Submitted from a mobile device ']", Hole in floor outside shower wardrobe soft close door facility didn t work settee s in bar sunken it s supposed to be 5 star rating but no complimentary water on 1st night , Comfy beds enjoyable stay but the hotel needs a little re vamp Tired furnishings ,7.1,0
Catalonia Port,Barcelona,8/6/2015, Iceland ,Leisure,"[' Leisure trip ', ' Family with older children ', ' Double or Twin Room ', ' Stayed 4 nights ']",No Negative, wonderful staff that cared for us and our safety ,9.6,0
H tel De Buci by MH,Paris,2/18/2017, New Zealand ,Business,"[' Business trip ', ' Solo traveler ', ' Boudoir Double Room ', ' Stayed 7 nights ', ' Submitted from a mobile device ']", renovations are never enjoyable when starting anywhere, the room was lovely and a good size for one person ,8.8,0
Eurostars Bcn Design,Barcelona,2/8/2016, United Kingdom ,Business,"[' Business trip ', ' Couple ', ' Basic Double Room ', ' Stayed 1 night ']", no towel rails by sink the sink is too small , location,7.9,0
Hotel Esther a,Amsterdam,6/17/2016, United Kingdom ,Leisure,"[' Leisure trip ', ' Couple ', ' Deluxe Double or Twin Room ', ' Stayed 7 nights ', ' Submitted from a mobile device ']", Breakfast was expensive and crowded with hotel guests If a smiling waitress had come over to our table looked after our tea or coffee order things would have felt a lot better alas it didn t happen and we had to join the queue , Very friendly staff Comfortable room Wonderful situation,9.2,0
St Pancras Renaissance Hotel London,London,10/10/2016, United Kingdom ,Leisure,"[' Leisure trip ', ' Family with young children ', ' Deluxe Room Barlow Wing ', ' Stayed 1 night ', ' Submitted from a mobile device ']", I really can t think of anything I would say is a negative about the hotel, The architecture of the hotel the Victorian staircase which I was told has featured in one of the Harry Potter movies and one of the Spiderman movies movie The staff were wonderful The room was spacious and clean with a big comfortable bed The food was very nice the location of the hotel is excellent with its own entrance into the train station,9.6,0
St James Court A Taj Hotel London,London,10/5/2015, China ,Leisure,"[' Leisure trip ', ' Solo traveler ', ' Classic King Room ', ' Stayed 3 nights ']", Bathroom was small and pokey and decor was tired , Good staff Excellent rapid check out process,7.1,0
Barcel Raval,Barcelona,9/8/2016, United Kingdom ,Leisure,"[' Leisure trip ', ' Couple ', ' Superior Double or Twin Room ', ' Stayed 4 nights ']", The view from the room overlooked the neighbouring apartments therefore couldn t open the curtains as builders were there Would have preferred a room with a different outlook , The bed was very comfortable and big the rooftop terrace was a delight ,8.3,0
Club Quarters Hotel Lincoln s Inn Fields,London,7/21/2017, United Kingdom ,Leisure,"[' Leisure trip ', ' Solo traveler ', ' Club Level Classic Rooms ', ' Stayed 1 night ', ' Submitted from a mobile device ']",No Negative, The room i stayed in was modern and had a sleek design Its located one floor down on floor C so there is no window witch didn t bother me The newly fitted suite made up for it A spacious ensuite bathroom with shower All round solid room ,10.0,0
Dorsett Shepherds Bush,London,9/2/2016, Mauritius ,Unknown,"[' Family with young children ', ' Deluxe Double Room ', ' Stayed 3 nights ', ' Submitted from a mobile device ']", Nothing , Cleanliness and staff scored top marks Location of hotel makes it my top destination whenever I visit London unless I fail to reserve a room ,9.6,0
Rosewood London,London,6/12/2016, Egypt ,Business,"[' Business trip ', ' Solo traveler ', ' Grand Premier Suite ', ' Stayed 3 nights ']",No Negative, Great team amazing attention to detail ,10.0,0
H10 Urquinaona Plaza,Barcelona,3/31/2016, United Kingdom ,Leisure,"[' Leisure trip ', ' Family with young children ', ' Double Room ', ' Stayed 1 night ', ' Submitted from a mobile device ']", Nothing have recommended to others already , Gorgeous hotel in a very central location I messed up our room booking booked for 2 rather than 3 and they upgraded us to a bigger room without fuss Nice modern facilities Really comfy bed Great view Lovely staff who were super helpful and friendly Lovely breakfast ,10.0,0
Bermondsey Square Hotel A Bespoke Hotel,London,7/20/2016, United Kingdom ,Leisure,"[' Leisure trip ', ' Couple ', ' Superior Double Room ', ' Stayed 1 night ', ' Submitted from a mobile device ']", Breakfast was a bit unorganised, Nicely styled,7.1,0
Good Hotel London,London,4/22/2017, United Kingdom ,Leisure,"[' Leisure trip ', ' Family with young children ', ' Double Room ', ' Stayed 1 night ', ' Submitted from a mobile device ']", I feel the price of breakfast was a little steep , The beds were so comfy I wanted to take them home The staff were all super friendly id definitely stay here again ,9.6,0
Hotel Okura Amsterdam,Amsterdam,3/6/2016, Netherlands ,Leisure,"[' Leisure trip ', ' Couple ', ' Deluxe Double Twin Room ', ' Stayed 1 night ']", The bathroom was incredibly hot , The size of our room with the space allocated to each zone was wonderful The room felt very luxurious our bed was heavenly The staff were fantastic The waiting service in Ciel Bleu restaurant was balletic beautifully coordinated friendly respectful professional The hotel is beautiful The recently renovated pool is incredibly peaceful with a wonderful view onto the Japanese garden ,9.6,0
Shaftesbury Hyde Park International,London,1/4/2017, United Kingdom ,Leisure,"[' Leisure trip ', ' Couple ', ' Deluxe Double Room ', ' Stayed 3 nights ', ' Submitted from a mobile device ']",No Negative, Initially checking in we were not happy with the room as deluxe double was a small double bed right against the window which had condensation on the inside I had just had brain surgery to remove a tumour so was vulnerable and this was a Christmas present but one call to reception and it was sorted Being new years eve they had no other rooms that night but the next day we were upgraded and to a club room and on the first night we received a complimentary bottle of wine so excellent time had,9.6,0
Park Hyatt Vienna,Vienna,10/30/2015, Kazakhstan ,Leisure,"[' Leisure trip ', ' Couple ', ' Park Studio King ', ' Stayed 3 nights ']", Price , Very good location and amazing building ,9.6,0
Hilton London Wembley,London,1/12/2016, United Kingdom ,Leisure,"[' Leisure trip ', ' Couple ', ' Deluxe King Room with Stadium View ', ' Stayed 2 nights ', ' Submitted from a mobile device ']",No Negative, We stayed here as part of my girlfriends birthday weekend and I also proposed to her The staff were more than helpful and helped with the surprise absolutely brilliant ,10.0,0
Best Western Premier Kaiserhof Wien,Vienna,3/17/2016, United States of America ,Leisure,"[' Leisure trip ', ' Couple ', ' Classic Double Room ', ' Stayed 7 nights ', ' Submitted from a mobile device ']", Mattress could have been more comfortable but this is always subjective All in all the stay was great , Very very clean hotel Friendly staff Excellent breakfast Clean crisp linens Really pleasant stay Would stay here again as I am very picky when it comes to accommodations Hats off to how clean the hotel was ,9.6,0
Rosa Grand Milano Starhotels Collezione,Milan,12/7/2016, United States of America ,Leisure,"[' Leisure trip ', ' Couple ', ' Superior Double Room ', ' Stayed 1 night ', ' Submitted from a mobile device ']",No Negative, Everything,10.0,0
DoubleTree by Hilton London Westminster,London,8/24/2016, United Kingdom ,Leisure,"[' Leisure trip ', ' Couple ', ' Queen Room ', ' Stayed 1 night ', ' Submitted from a mobile device ']",No Negative, Excellent hotel great value very comfortable stay Would definitely stay here again ,8.8,0
London Marriott Hotel Marble Arch,London,6/14/2017, United States of America ,Leisure,"[' Leisure trip ', ' Group ', ' Executive Double Room with Two Double Beds with Lounge Access ', ' Stayed 2 nights ', ' Submitted from a mobile device ']",No Negative, The staff was so helpful and super accomodating ,9.6,0
Armani Hotel Milano,Milan,12/22/2015, ,Leisure,"[' Leisure trip ', ' Couple ', ' Deluxe Double Room ', ' Stayed 1 night ', ' Submitted from a mobile device ']", A little too expensive for what you get, Location and staff friendlyness,8.8,0
H tel des Ducs D Anjou,Paris,11/8/2016, United Kingdom ,Unknown,"[' Group ', ' Standard Double Room ', ' Stayed 2 nights ']",No Negative, Location was insanely good staff was really nice interior was great ,10.0,0
INK Hotel Amsterdam MGallery by Sofitel,Amsterdam,6/28/2016, Norway ,Leisure,"[' Leisure trip ', ' Couple ', ' Superior King Room ', ' Stayed 3 nights ', ' Submitted from a mobile device ']",No Negative, The bed was excellent And the staff was very helpful ,10.0,0
Corus Hotel Hyde Park,London,8/16/2016, United Kingdom ,Leisure,"[' Leisure trip ', ' Couple ', ' Standard Double ', ' Stayed 2 nights ']", pricey breakfast, helpful staff,7.5,0
Park Plaza County Hall London,London,3/19/2017, United Kingdom ,Leisure,"[' Leisure trip ', ' Family with young children ', ' Superior Twin Room ', ' Stayed 1 night ', ' Submitted from a mobile device ']", Bed too soft and air conditioning was poor The room was really hot , Excellent position good size room and bathroom ,9.2,0
ADI Doria Grand Hotel,Milan,3/18/2017, Bulgaria ,Business,"[' Business trip ', ' Couple ', ' Classic Double or Twin Room ', ' Stayed 1 night ', ' Submitted from a mobile device ']",No Negative, Elegant hotel ,9.6,0
Imperial Riding School Renaissance Vienna Hotel,Vienna,8/8/2015, Australia ,Leisure,"[' Leisure trip ', ' Group ', ' Double or Twin Room ', ' Stayed 4 nights ', ' Submitted from a mobile device ']", We had booked with the understanding we would have two beds but the hotel had accepted a large tourist group and tried to give us a queen sized bed It was disappointing to have to have words with the staff after arriving following a long train ride Luckily we had the paper trail , The hotel was clean and reasonably located near trams and The Belvedare Museum The wifi in the lobby was disappointing no kettle in the room was more disappointing and a cup of tea at five euros quite disappointing The air conditioning was good ,7.5,0
DoubleTree By Hilton London Excel,London,8/24/2016, United Kingdom ,Leisure,"[' Leisure trip ', ' Couple ', ' One Bedroom Queen Suite ', ' Stayed 1 night ', ' Submitted from a mobile device ']", Same as above, Spaces for parking is very limited ,7.5,0
Gran Hotel Torre Catalunya,Barcelona,10/20/2015, United Kingdom ,Leisure,"[' Leisure trip ', ' Couple ', ' Superior Double Room ', ' Stayed 2 nights ']", Limited access to spa smell in bathroom, Location views 17th floor ,8.3,0
Exe Laietana Palace,Barcelona,2/2/2016, Germany ,Leisure,"[' Leisure trip ', ' Couple ', ' Double or Twin Room 1 2 Adults ', ' Stayed 2 nights ', ' Submitted from a mobile device ']",No Negative, Great location in Gothic Quarter easy location for a cab to drop you off Easy access to metro Decent breakfast Very friendly staff with held tips ,8.8,0
Inntel Hotels Amsterdam Centre,Amsterdam,11/14/2015, Ireland ,Leisure,"[' Leisure trip ', ' Couple ', ' Superior Double Room ', ' Stayed 4 nights ', ' Submitted from a mobile device ']", The break fast was not included in the price, Helpful staff Very good location Clean hotel,7.5,0
Mercure Paris Opera Grands Boulevards,Paris,4/25/2016, Denmark ,Leisure,"[' Leisure trip ', ' Couple ', ' Standard Double Room ', ' Stayed 5 nights ']", The std room was extreamly small, Perfect breakfast,8.3,0
M venpick Hotel Amsterdam City Centre,Amsterdam,10/6/2015, Canada ,Leisure,"[' Leisure trip ', ' Couple ', ' Classic Twin Room ', ' Stayed 1 night ', ' Submitted from a mobile device ']",No Negative, Only one night stay so review based on a short stay Beautiful modern contemporary rooms with ample room and great view About a 10 minute walk to Central station and the edge of the central and red light district ,9.2,0
citizenM Amsterdam,Amsterdam,12/13/2015, Belgium ,Leisure,"[' Leisure trip ', ' Couple ', ' Double Room ', ' Stayed 1 night ']", couldn t figure out how to turn off the mood lights coffee machine in the room would be nice , one of the most comfortable beds I ve ever slept in,9.2,0
Mercure Secession Wien,Vienna,5/31/2016, Poland ,Leisure,"[' Leisure trip ', ' Couple ', ' Junior Suite ', ' Stayed 3 nights ']",No Negative, Location excellent Quiet room despite the proximity of the street Private parking Helpful pleasant staff ,8.3,0
ME Milan Il Duca,Milan,12/5/2016, United States of America ,Leisure,"[' Leisure trip ', ' Couple ', ' Double Room ', ' Stayed 2 nights ', ' Submitted from a mobile device ']", The service was amazing, Croissant were old but yes the bed was very comfortable,10.0,0
Best Western Plus Seraphine Hammersmith Hotel,London,7/15/2016, France ,Leisure,"[' Leisure trip ', ' Solo traveler ', ' Standard Double Room ', ' Stayed 1 night ']", Being woken by a faulty fire alarm at midnight , The staff both morning and evening shifts went out of their way to help us find restaurants and make many bookings for a very good taxi service ,10.0,0
St George s Hotel Wembley,London,2/24/2016, United Kingdom ,Leisure,"[' Leisure trip ', ' Couple ', ' Superior Double Room ', ' Stayed 2 nights ', ' Submitted from a mobile device ']",No Negative, Had a great stay Staff very friendly and helpful ,10.0,0
Le Relais Montmartre,Paris,5/27/2017, New Zealand ,Leisure,"[' Leisure trip ', ' Group ', ' Classic Double Room ', ' Stayed 1 night ', ' Submitted from a mobile device ']",No Negative, Easy to get to from airport In a great location Staff very friendly and helpful,8.3,0
Hampshire Hotel The Manor Amsterdam,Amsterdam,1/17/2016, United Kingdom ,Business,"[' Business trip ', ' Solo traveler ', ' Superior Double Room ', ' Stayed 2 nights ']",No Negative, bright decor great breakfast,9.6,0
Club Quarters Hotel St Paul s,London,3/29/2017, United Kingdom ,Leisure,"[' Leisure trip ', ' Travelers with friends ', ' Small Queen Room ', ' Stayed 1 night ', ' Submitted from a mobile device ']", Cleanliness , Location ,7.5,0
H10 London Waterloo,London,4/28/2016, Ireland ,Business,"[' Business trip ', ' Solo traveler ', ' Double Room with City View 1 Adult ', ' Stayed 1 night ']", Restaurant Limited dinner menu service slow , Very comfortable clean room,8.8,0
Catalonia Plaza Catalunya,Barcelona,8/18/2016, United Kingdom ,Leisure,"[' Leisure trip ', ' Group ', ' Double or Twin Room with Terrace ', ' Stayed 2 nights ']", Nothing, Close to the heart of Barcelona Staff were excellent and friendly Rooms were clean and tidy ,10.0,0
Brunelleschi Hotel,Milan,3/23/2016, Estonia ,Leisure,"[' Leisure trip ', ' Solo traveler ', ' Double Room ', ' Stayed 1 night ']", seems a little worn out and night clubs a bit too close around, It has very good location to Duomo area also nice staff at the reception when arrived very helpful and kind in the morning a little grumpy but still had ordered taxi for 5 a m to airport,7.5,0
Radisson Blu Edwardian Grafton,London,10/10/2016, United Kingdom ,Leisure,"[' Leisure trip ', ' Couple ', ' Standard Double or Twin Room ', ' Stayed 2 nights ']", Room a bit small Overlooked by adjacent office and only means of privacy was to fully close blinds making room dark during day time , Friendly staff and excellent location for transport ,7.1,0
Holiday Inn London Kensington Forum,London,2/24/2017, United Kingdom ,Business,"[' Business trip ', ' Solo traveler ', ' Double or Twin Room Non Smoking ', ' Stayed 1 night ']",No Negative, Pleasantly surprised by size of room Good size Comfy clean bed Decent breakfast ,8.3,0
The Rockwell,London,2/17/2017, Ireland ,Leisure,"[' Leisure trip ', ' Solo traveler ', ' Superior Single Room ', ' Stayed 1 night ', ' Submitted from a mobile device ']", No bath tub, Location,7.5,0
Eurostars Grand Marina Hotel GL,Barcelona,8/1/2016, Saudi Arabia ,Unknown,"[' Family with young children ', ' Family Suite 2 Adults 2 Children ', ' Stayed 8 nights ', ' Submitted from a mobile device ']", Quilety of tha towels and slibers too bad,No Positive,7.9,0
AC Hotel Barcelona Forum a Marriott Lifestyle Hotel,Barcelona,11/1/2015, United States of America ,Leisure,"[' Leisure trip ', ' Solo traveler ', ' Double or Twin Room with Sea View ', ' Stayed 4 nights ', ' Submitted from a mobile device ']", Long walking distance to take the subway, The View Location in a new area modern The staff breakfast confortable bed,9.6,0
Hotel Am Konzerthaus Vienna MGallery by Sofitel,Vienna,6/29/2017, Australia ,Leisure,"[' Leisure trip ', ' Couple ', ' Superior Double Room ', ' Stayed 1 night ', ' Submitted from a mobile device ']", Breakfast see above, The hotel and the staff were very pleasant friendly and helpful We had dinner and breakfast at Oskars the restaurant but wouldn t recommend this The dinner was mediocre and the breakfast poor Plenty of it but all the hot food came out of Bain Marie s and was mediocre at best The hotel is a 3 minute walk to the Koncerthaus which is very convenient if you have booked a show there ,9.6,0
Hotel Plaza Athenee Paris,Paris,7/31/2017, United Kingdom ,Leisure,"[' Leisure trip ', ' Family with young children ', ' Deluxe Junior Suite ', ' Stayed 1 night ', ' Submitted from a mobile device ']", Very expensive Very , Everything especially the amazing service,10.0,0
Clayton Crown Hotel London,London,6/18/2017, United Kingdom ,Leisure,"[' Leisure trip ', ' Couple ', ' Deluxe Double Room ', ' Stayed 3 nights ', ' Submitted from a mobile device ']", The food was over priced and the menu was minimal , The staff were friendly and helpful Would definitely go back next time I m in London Room was clean and had everything you need Bed was comfortable Only thing missing was a fridge we realised that after we bought some drinks Overall I loved it and I would definitely go back ,10.0,0
Park Plaza Westminster Bridge London,London,8/15/2015, Kuwait ,Leisure,"[' Leisure trip ', ' Family with older children ', ' Superior Double Room with Internal View ', ' Stayed 3 nights ', ' Submitted from a mobile device ']", Nothing, Great location Very welcoming staff Excellent service Nice rooms,10.0,0
Hampshire Hotel The Manor Amsterdam,Amsterdam,3/9/2017, Israel ,Leisure,"[' Leisure trip ', ' Family with young children ', ' Superior Double Room ', ' Stayed 1 night ']", Was a bit disappointed on the parking It said they had parking but basically it was not free and they had may 6 8 parking places which were all taken , Room clean breakfast was fine Location good Close to the Tram 15 minutes to the City Centre,8.8,0
The Capital,London,3/20/2016, Hong Kong ,Business,"[' Business trip ', ' Solo traveler ', ' Classic Double Room ', ' Stayed 1 night ']", room facilities, Great service very comfortable bed great location,8.8,0
Hotel Spadari Al Duomo,Milan,4/19/2016, Bahrain ,Business,"[' Business trip ', ' Family with older children ', ' Classic Double Room ', ' Stayed 3 nights ']", The room given to us was next to the elevator and after we insisted on change the staff accommodated our request and changed our room ,No Positive,8.8,0
Park Plaza Victoria London,London,5/21/2017, Luxembourg ,Business,"[' Business trip ', ' Couple ', ' Superior Queen Room ', ' Stayed 3 nights ', ' Submitted from a mobile device ']", Room very noisy separate to next room with an internal door we could here everything ,No Positive,7.1,0
Britannia International Hotel Canary Wharf,London,3/16/2017, United Kingdom ,Unknown,"[' Solo traveler ', ' Standard Double Room without Window ', ' Stayed 1 night ', ' Submitted from a mobile device ']", It was dirty and the second floor smelled of something putrid I saw a dead body was carried out I think it should be known if we were staying needy to a dead body I asked the staff and they didn t say anything I d like to have known what was going on The smell was disgusting I was planning on staying an extra two days but had to leave I was also woken up at 4am by music next door and then 8pm by cleaners and 10am Far from a good nights sleep ,No Positive,7.1,0
Sansi Pedralbes,Barcelona,8/27/2015, United Kingdom ,Leisure,"[' Leisure trip ', ' Family with older children ', ' Double or Twin Room ', ' Stayed 6 nights ']", Breakfast was very limited, The staff were excellent very helpful Great location,9.6,0
Sydney House Chelsea,London,1/21/2016, United Kingdom ,Unknown,"[' Couple ', ' Deluxe Double Room ', ' Stayed 1 night ', ' Submitted from a mobile device ']",No Negative, The welcome from the staff was extremely warm Room very clean and cosy with one of the most comfortable beds ever and we ve stayed in a lot of hotels Couldn t fault it and will be back soon ,10.0,0
Rosewood London,London,12/30/2016, United Kingdom ,Leisure,"[' Leisure trip ', ' Group ', ' Premier Twin Room ', ' Stayed 1 night ', ' Submitted from a mobile device ']",No Negative, Excellent breakfast juices were amazing ,10.0,0
Amba Hotel Charing Cross,London,11/2/2015, United States of America ,Leisure,"[' Leisure trip ', ' Couple ', ' Executive King Room ', ' Stayed 7 nights ']",No Negative, I ve stayed in hundreds of hotels and honestly this was the best staff and most user friendly hotel I ve ever stayed in I loved the free breakfasts happy hours and everything free in the minibar It s location can t be beat either ,10.0,0
The Trafalgar Hilton,London,7/4/2016, United Kingdom ,Leisure,"[' Leisure trip ', ' Group ', ' Deluxe King Room ', ' Stayed 1 night ']", Staff varied somewhat between very helpful and a bit too official Slow service at breakfast Rooftop bar not open when it mattered to us , Great location in Trafalgar Square High quality London hotel looks the part feels premium but not ostentatious Comfortable room great shower and a good night s sleep Great welcome with complimentary champagne from a member of staff in the lift ,7.1,0
Holiday Inn London Camden Lock,London,10/20/2015, United Kingdom ,Leisure,"[' Leisure trip ', ' Couple ', ' Double Room ', ' Stayed 1 night ', ' Submitted from a mobile device ']", Enjoyed every minute x Not a bad word to say x, Our room was amazing overlooking Camden Lock with the mist comfortable bed imaginable xXx We had an incredible experience xXx,10.0,0
Hotel Wandl,Vienna,7/21/2017, United Kingdom ,Business,"[' Business trip ', ' Solo traveler ', ' Double Room ', ' Stayed 3 nights ', ' Submitted from a mobile device ']", No A C in the room During summer in Vienna this is almost unbearable , Good location friendly staff great breakfast ,10.0,0
The Piccadilly London West End,London,1/14/2017, United Kingdom ,Leisure,"[' Leisure trip ', ' Couple ', ' Premier Double Room ', ' Stayed 1 night ', ' Submitted from a mobile device ']",No Negative, Complimentary prosecco on arrival free room upgrade excellent location very helpful staff ,10.0,0
Rubens At The Palace,London,1/3/2016, United Kingdom ,Leisure,"[' Leisure trip ', ' Couple ', ' Royal Double Room ', ' Stayed 1 night ', ' Submitted from a mobile device ']",No Negative, Staff were very friendly in a good location within walking distance of most attractions ,9.6,0
Millennium Hotel London Knightsbridge,London,11/24/2015, United Kingdom ,Leisure,"[' Leisure trip ', ' Couple ', ' Standard Double Room ', ' Stayed 2 nights ']", Instructions on upgrade which was offered and accepted were not the best despite having access to club lounge it was not explained that breakfast was served there with the price included in the upgrade price Also could not access the club lounge with our bedroom keys Replaced when asked but it was an irritation Breakfast buffet arrangements in main restaurant and in club lounge spoiled by inadequate heating of hot food servings cold by the time you got to table, Location and access for a visit to London was the main reason for booking and not disappointed Staff were cheery and helpful when needed First impressions very good,7.5,0
Blakemore Hyde Park,London,11/15/2015, United Kingdom ,Leisure,"[' Leisure trip ', ' Couple ', ' Club Double Room ', ' Stayed 2 nights ']", Room not ready on our arrival but the lounge was comfortable , Location is excellent for exploring London with good access to the station ,8.8,0
H10 Art Gallery 4 Sup,Barcelona,8/29/2015, Andorra ,Leisure,"[' Leisure trip ', ' Solo traveler ', ' Deluxe Double Room with Patio ', ' Stayed 1 night ', ' Submitted from a mobile device ']", Lack of sunbeds around mini pool I think all good hotels should put free mineral water in room , Parking pillow menu helpful staff,8.3,0
De Vere Devonport House,London,1/29/2017, United Kingdom ,Leisure,"[' Leisure trip ', ' Couple ', ' Double Room ', ' Stayed 1 night ']", The food which was part of the deal was disappointing Breakfast was adequate but watery yogurt in a jug tasteless melon dry croissants The evening meal was mixed both soup and risotto were too salty Too little care taken Though the service for both breakfast and dinner was good , Brilliant location for views across the river and access to river and rail transport into London Right next to Maritime Museum and Greenwich park Comfortable room recently furnished and decorated Pleasant staff ,9.6,0
Novotel London Wembley,London,11/13/2016, United Kingdom ,Leisure,"[' Leisure trip ', ' Couple ', ' Superior Queen Room ', ' Stayed 1 night ', ' Submitted from a mobile device ']", It s not a problem, The stafff everyone was kind helpful polite Very clean and tidy 5 minute walk from Wembley Park underground station,9.6,0
Austria Trend Hotel Ananas Wien,Vienna,12/27/2016, Switzerland ,Leisure,"[' Leisure trip ', ' Couple ', ' Classic Double Room ', ' Stayed 2 nights ', ' Submitted from a mobile device ']", Housekeeping noisy early in the morning, Good location very close to the metro station 2 stops for stephensplatz hotel very clean,8.3,0
De Vere Devonport House,London,12/5/2016, United Kingdom ,Leisure,"[' Leisure trip ', ' Couple ', ' Double Room ', ' Stayed 1 night ', ' Submitted from a mobile device ']",No Negative, Perfect location very friendly and helpful staff Late checkout was perfect for a lazy Sunday ,8.8,0
St George s Hotel Wembley,London,2/10/2016, Netherlands ,Leisure,"[' Leisure trip ', ' Solo traveler ', ' Budget Single Room ', ' Stayed 2 nights ']", Had better breakfasts in 4 star hotels and the location is a bit further away from the city centre but in a nice neighbourhood with shops restaurants and tube and train close , Ive been sleeping in a lot of hotels lately and LOVED this hotel Kind staff comfortable bed big and modern rooms good price Would definitely stay here again ,9.6,0
Adria Boutique Hotel,London,5/8/2017, United Kingdom ,Leisure,"[' Leisure trip ', ' Family with young children ', ' 2 rooms ', ' Stayed 2 nights ']", socket not near a mirror so difficult to dry hair , comfy bed lovely bathroom excellent breakfast,10.0,0
Banks Mansion All Inclusive Hotel,Amsterdam,2/9/2016, United Kingdom ,Leisure,"[' Leisure trip ', ' Couple ', ' Deluxe Double Room ', ' Stayed 1 night ', ' Submitted from a mobile device ']", Leaving, All excellent Bed best if hrs sleep I ve ever had,10.0,0
Hotel Esther a,Amsterdam,9/4/2016, United Kingdom ,Leisure,"[' Leisure trip ', ' Couple ', ' Classic Double or Twin Room ', ' Stayed 3 nights ', ' Submitted from a mobile device ']", Nothing worthwhile needing comment, The room and most comfortable we overlooked canal free coffee etc with cakes well laid out room ex choices for breakfast food would stay again lobby staff very helpful ,10.0,0
Waldorf Astoria Amsterdam,Amsterdam,9/15/2015, France ,Leisure,"[' Leisure trip ', ' Couple ', ' King Grand Premier Room ', ' Stayed 2 nights ']",No Negative, excellent staff,9.6,0
Best Western Seraphine Kensington Olympia,London,3/25/2017, United States of America ,Leisure,"[' Leisure trip ', ' Couple ', ' Deluxe Double Room ', ' Stayed 9 nights ', ' Submitted from a mobile device ']", I did not sleep well as the bed was not very comfortable to me but I have a pretty nice bed at home , Loved the availability of the breakfast this was huge and the location was perfect close to grocery parks and family The staff were very gracious and supportive ,8.8,0
Great St Helen Hotel,London,9/7/2015, Spain ,Business,"[' Business trip ', ' Solo traveler ', ' Double Room ', ' Stayed 1 night ', ' Submitted from a mobile device ']",No Negative, Very good location friendly staff,8.8,0
DoubleTree by Hilton London Victoria,London,4/24/2016, United Kingdom ,Leisure,"[' Leisure trip ', ' Solo traveler ', ' Twin Room ', ' Stayed 1 night ']", Plastic bag in the bins Room a little warm and unable to open the windows properly, The bed was very comfortable The welcoming staff were helpful and polite Breakfast staff were helpful and attentive Breakfast was excellent and gave a really wide choice to suit different travellers and the display was lovely Shower nice and warm,9.2,0
Club Quarters Hotel St Paul s,London,4/20/2017, United Arab Emirates ,Leisure,"[' Leisure trip ', ' Group ', ' Superior Queen Room ', ' Stayed 5 nights ', ' Submitted from a mobile device ']", Small room Not enough for my friends and my luggages , Location is excellent More restaurants outside the hotel ,7.9,0
Radisson Blu Edwardian Berkshire,London,12/16/2016, United Arab Emirates ,Leisure,"[' Leisure trip ', ' Family with young children ', ' Deluxe Double or Twin Room ', ' Stayed 5 nights ', ' Submitted from a mobile device ']", when we arrived at 4 30 pm our room was not ready and altough we had had a couple of mail exchange about our room before because we had a child with us even after waiting for the room to be cleaned they could give us really a bad room Although it was a king deluxe room But the staff s approach was really helpful and apologatic and to compansate this they transferred us to a suite next they and we had complimentary breakfast suite room was big for london standarts and comfortable but there were some technical problems Blinking lamps dripping sink broken hairdryer etc after experiencing the room we stayed first night we decided that in case we go to london again we d stay in this hotel only if we can afford the suite room which is quite expensive , Hotel s location was really convenient Oxford street is full of shops and subway station and bus stops are just few steps away from the hotel Staff was always very kind and warm We experienced some problems at hotel but their approach was what make the experience better anyway Breakfast was good ,7.1,0
Ramada Apollo Amsterdam Centre,Amsterdam,11/7/2016, Ireland ,Leisure,"[' Leisure trip ', ' Solo traveler ', ' Standard Double Room ', ' Stayed 2 nights ']",No Negative, The staff were lovely very friendly and went the extra mile Beautiful views from the 17th floor bar and restaurant,9.6,0
The Chesterfield Mayfair,London,12/5/2016, United Kingdom ,Leisure,"[' Leisure trip ', ' Couple ', ' Classic King Twin Room ', ' Stayed 1 night ', ' Submitted from a mobile device ']", A little pricey but got what we paid for , This hotel is outstanding in every capacity particularly the staff were extremely helpful and personable Nothing was too much trouble the location was great for us and I will definitely be coming back and recommending this to others ,10.0,0
Hotel Regina,Milan,10/27/2015, United Kingdom ,Business,"[' Business trip ', ' Group ', ' Single Room ', ' Stayed 1 night ']",No Negative, Clean Italian great location friendly staff,7.9,0
The Student Hotel Amsterdam City,Amsterdam,10/2/2015, Indonesia ,Leisure,"[' Leisure trip ', ' Couple ', ' Queen Room ', ' Stayed 2 nights ', ' Submitted from a mobile device ']", Lack of lighting in the room One additional floor lamp would be great in helping the room feels more comfy, The environment was unique and fresh,7.5,0
Mayflower Hotel Apartments,London,11/23/2015, South Africa ,Leisure,"[' Leisure trip ', ' Couple ', ' Executive Double Room ', ' Stayed 3 nights ']", Access to the rooms were with a tiny lift that was very slow and the corridors were narrow and confusing, Good location with easy access to all public transport,7.1,0
DoubleTree by Hilton London Docklands Riverside,London,3/21/2017, United Kingdom ,Leisure,"[' Leisure trip ', ' Family with young children ', ' Queen Guest Room ', ' Stayed 1 night ', ' Submitted from a mobile device ']", The fact I thought I d book the actual Hilton on canary warf to arrive and the taxi driver said no people always do that,No Positive,7.1,0
Knightsbridge Hotel,London,5/3/2017, Philippines ,Leisure,"[' Leisure trip ', ' Solo traveler ', ' Junior Suite ', ' Stayed 3 nights ', ' Submitted from a mobile device ']", I think the reception is very simple compared to the over all interior of the hotel, The cuisine and service is good I stayed at the Junior Suite color Green and i found the layout of the ro perfect with 3 big windows,10.0,0
Hotel Kavalier,Vienna,6/8/2016, Romania ,Leisure,"[' Leisure trip ', ' Solo traveler ', ' Standard Single Room ', ' Stayed 1 night ', ' Submitted from a mobile device ']", the room i stayed in had two smaller beds and it did not feel too spacious , it was clean and quiet good breakfast closeness to the A1 was good for me and one of the main reasons i chose the hotel excellent value for the price the mini fridge which was unexpectedly silent came in handy ,8.8,0
The Grand at Trafalgar Square,London,5/31/2016, United Kingdom ,Leisure,"[' Leisure trip ', ' Couple ', ' Standard Queen Room ', ' Stayed 1 night ', ' Submitted from a mobile device ']", No dislikes everything was great, Staff very helpful and friendly excellent shower ,10.0,0
DoubleTree by Hilton Amsterdam Centraal Station,Amsterdam,2/9/2017, Saudi Arabia ,Leisure,"[' Leisure trip ', ' Solo traveler ', ' Queen Room with Mobility Access ', ' Stayed 2 nights ', ' Submitted from a mobile device ']", I already informed the property I ll arrive early morning so I expected the check in would be before 12 since I arrived the hotel 7 30 a m they let me check in around 14 00 , The location is fantastic ,8.8,0
DoubleTree by Hilton London Hyde Park,London,8/18/2016, United States of America ,Leisure,"[' Leisure trip ', ' Family with older children ', ' 2 rooms ', ' Stayed 2 nights ', ' Submitted from a mobile device ']", I have nothing bad to report, The staff was friendly and helpful Wonderful location next to park Rooms were clean and nice Breakfast was very good with hot and cold offerings Nice bar and restaurant on site,10.0,0
Strand Palace Hotel,London,1/3/2016, United Kingdom ,Leisure,"[' Leisure trip ', ' Couple ', ' Executive King Room with Air Conditioning ', ' Stayed 3 nights ', ' Submitted from a mobile device ']", The initial receptionist was a bit dour She was helpful enough but could have been more friendly , The room was very clean and comfortable The location is excellent I found most of the staff very helpful I took unwell and the Duty Manager was very kind to me ,10.0,0
The Leonard Hotel,London,9/14/2016, United Kingdom ,Business,"[' Business trip ', ' Solo traveler ', ' Single Room with Shower ', ' Stayed 2 nights ']", IT WAS A BIT EXPENSIVE, BED WAS COMFY STAFF WERE SUPER HELPFUL AND FRIENDLY,9.6,0
Urban Lodge Hotel,Amsterdam,11/29/2016, Netherlands ,Leisure,"[' Leisure trip ', ' Solo traveler ', ' Basic Double Room ', ' Stayed 1 night ']", poor wifi connection I specifically asked and paid for a room with bathtub and the bathtub plug was not working, great comfortable bed good breakfast plenty of public transport options nearby,8.8,0
The Waldorf Hilton,London,12/12/2016, United Kingdom ,Leisure,"[' Leisure trip ', ' Family with young children ', ' Double Double Room ', ' Stayed 1 night ']", Reception not very informative Not keen on scrambled eggs being cooked so far in advance, Concierge very helpful,7.9,0
Holiday Inn Paris Gare de l Est,Paris,10/6/2016, United Kingdom ,Leisure,"[' Leisure trip ', ' Group ', ' Standard Double or Twin Room ', ' Stayed 2 nights ', ' Submitted from a mobile device ']", Nothing, Location and cleanliness,9.6,0
Copthorne Tara Hotel London Kensington,London,1/3/2016, New Zealand ,Leisure,"[' Leisure trip ', ' Family with older children ', ' Superior Twin Room ', ' Stayed 3 nights ', ' Submitted from a mobile device ']",No Negative, The comfort of our room and central location was ideal for our time staying Breakfast was very nice and staff were friendly,10.0,0
Adria Boutique Hotel,London,6/18/2017, France ,Leisure,"[' Leisure trip ', ' Solo traveler ', ' Small Single Room ', ' Stayed 2 nights ']", I didn t like the fact that you have to ring the reception eveytime you enter the hotel, The location is great and the decoration is rather elegant Breakfast is good value for the money,7.9,0
Hilton London Wembley,London,4/10/2017, United Kingdom ,Business,"[' Business trip ', ' Couple ', ' Deluxe King Room with Stadium View ', ' Stayed 1 night ', ' Submitted from a mobile device ']", Everything was lovely wasn t nothing we didn t like , Staff were lovely and polite Hotel was excellent and really nice ,9.6,0
Simm s Hotel,Vienna,4/12/2016, United Arab Emirates ,Leisure,"[' Leisure trip ', ' Solo traveler ', ' Comfort Double Room ', ' Stayed 2 nights ', ' Submitted from a mobile device ']", No slippers in the room , Very fast wifi Location is great ,9.2,0
Senator Hotel Vienna,Vienna,7/25/2017, United States of America ,Leisure,"[' Leisure trip ', ' Group ', ' City Room ', ' Stayed 3 nights ']", Air conditioning didn t work We tried two different rooms At full blast the room was 77 F 25 c and very humid We chose this hotel only because they promised air conditioning so we were very disappointed Open wifi worked fine but could be a problem easier for hackers Hotel has lots of tour bus guests not a problem for us but lobby and elevators are congested in early morning and afternoon Nice stairs though , We got the room at a huge discount that made it affordable Because they had run out of rooms with two beds they gave us a corner room with three beds and large windows It s an American style hotel with large rooms an elevator clean and comfortable Easy access to center metro train stations with Tram 43 less than a block away Close to several supermarkets and a laundromat Excellent cheap restaurant just across from the tram stop lots more within a few blocks Neighborhood felt safe and clean ,8.8,0
Grand Royale London Hyde Park,London,11/25/2015, United Kingdom ,Leisure,"[' Leisure trip ', ' Couple ', ' Deluxe Double Room ', ' Stayed 1 night ', ' Submitted from a mobile device ']",No Negative, Everything Fabulous Cant wait till next visit,10.0,0
Hotel Capitol Milano,Milan,11/16/2016, United Kingdom ,Leisure,"[' Leisure trip ', ' Group ', ' Single Room ', ' Stayed 2 nights ']", Nothing, Staff Attitude Value for money Breakfast,10.0,0
The Cumberland A Guoman Hotel,London,7/31/2016, Bahrain ,Leisure,"[' Leisure trip ', ' Solo traveler ', ' Standard Double Room ', ' Stayed 1 night ', ' Submitted from a mobile device ']",No Negative, Serivec,10.0,0
TheWesley,London,12/7/2015, Greece ,Business,"[' Business trip ', ' Solo traveler ', ' Standard Single Room ', ' Stayed 1 night ']", Closest elevators wasn t working Price a bit steep with no breakfast included , Location Clean and functional rooms ,7.9,0
Thistle Kensington Gardens,London,11/22/2015, United Kingdom ,Leisure,"[' Leisure trip ', ' Couple ', ' Standard Double Room ', ' Stayed 4 nights ', ' Submitted from a mobile device ']", Room was a little small,No Positive,7.5,0
The Hoxton Holborn,London,1/16/2016, Ireland ,Business,"[' Business trip ', ' Solo traveler ', ' Deluxe Room ', ' Stayed 2 nights ', ' Submitted from a mobile device ']", Staff at the restaurant Italian girl when we finished our meal but still were having drinks was notoriously asking us to leave saying that she has other guests We were not informed upfront that the reservation is time limited That wasn t a good experience very small room no electricity plug ins in the toilet not enough light in the room no gym in the hotel, centralny located pleasant staff at the reception fantastic crowd downstairs,8.3,0
Novotel London West,London,12/15/2015, United Kingdom ,Leisure,"[' Leisure trip ', ' Group ', ' Executive Premium Room with a Queen Bed ', ' Stayed 1 night ']", the young foreign receptionist was hard work and couldn t understand how I had booked 2 rooms each for two adults in my name but our friends would occupy the second room but didn t share our surname , the hotel was clean warm and modern the superior rooms well equipped and comfortable,9.2,0
Hilton London Olympia,London,7/24/2016, United Arab Emirates ,Leisure,"[' Leisure trip ', ' Family with older children ', ' Double Guest Room ', ' Stayed 3 nights ']", room are too small, Staff very helpful,8.3,0
The Toren,Amsterdam,1/21/2016, Italy ,Leisure,"[' Leisure trip ', ' Solo traveler ', ' Single Room ', ' Stayed 2 nights ']",No Negative, Great attention and it was quite an experience to lodge in an old house from XVII century was that no I knew the space would be small but anyway I liked the room and their distribution Very nice personnel there and way good drinks in the bar by Riks I think is like that Overall very warm and handy people working there in a fabolous place ,9.6,0
Avenida Palace,Barcelona,6/9/2017, United States of America ,Leisure,"[' Leisure trip ', ' Couple ', ' Twin Room 1 2 Adults ', ' Stayed 4 nights ']", T,No Positive,8.8,0
The Westin Paris Vend me,Paris,4/30/2017, France ,Leisure,"[' Leisure trip ', ' Solo traveler ', ' Superior Room ', ' Stayed 2 nights ']",No Negative, the concierge staff was wonderful And Aubrey at checkout was superb Merci beau coup ,9.2,0
Mimi s Hotel Soho,London,7/7/2017, United Kingdom ,Leisure,"[' Leisure trip ', ' Couple ', ' Deluxe Double Room ', ' Stayed 2 nights ']", Everything is small not just the room bathroom but the bar eating area reception etc No pastries available at breakfast they hadn t arrived yet , Great location Good quality finishes to everything Room temperature control appeared to work brilliantly with no noise Comfortable bed ,7.9,0
Austria Trend Hotel Doppio Wien,Vienna,2/3/2017, Italy ,Unknown,"[' With a pet ', ' Solo traveler ', ' Classic Twin Room ', ' Stayed 1 night ', ' Submitted from a mobile device ']", The cost for dog was 10 euro It would be nice to be mentioned this amount on booking page ,No Positive,8.8,0
Landmark London,London,9/5/2016, Saudi Arabia ,Leisure,"[' Leisure trip ', ' Family with young children ', ' 2 rooms ', ' Stayed 9 nights ']", Nothing, Everything,10.0,0
Hotel Rathaus Wein Design,Vienna,6/6/2016, United Kingdom ,Leisure,"[' Leisure trip ', ' Couple ', ' Double Room ', ' Stayed 2 nights ', ' Submitted from a mobile device ']",No Negative, Lovely boutique type hotel Staff fantastic ,10.0,0
Grand Hotel Central,Barcelona,4/11/2016, United Kingdom ,Leisure,"[' Leisure trip ', ' Family with older children ', ' Deluxe King Room ', ' Stayed 5 nights ', ' Submitted from a mobile device ']", Nothing, Every thing,9.6,0
AC Hotel Paris Porte Maillot by Marriott,Paris,4/9/2016, Oman ,Leisure,"[' Leisure trip ', ' Couple ', ' Standard Double or Twin Room ', ' Stayed 2 nights ', ' Submitted from a mobile device ']", Air conditioning needs to be controlled from the room it self, Good size room with good size lobby and walkway 7 min walk to subway,7.5,0
K K H tel Cayr Saint Germain des Pr s,Paris,2/17/2017, United Kingdom ,Leisure,"[' Leisure trip ', ' Couple ', ' Executive Room ', ' Stayed 3 nights ', ' Submitted from a mobile device ']", Rooms ment to be sound proof but could hear next door arguing on occasions, Location,8.8,0
Shaftesbury Premier London Paddington,London,10/27/2015, United Kingdom ,Business,"[' Business trip ', ' Solo traveler ', ' Deluxe Double Room ', ' Stayed 1 night ']", awakward to find way in had to do 2 circuits to work out were the entrance was, good vibrant area parking good off of the congestion charging zone and close to one of our sites,9.2,0
Holiday Inn London Oxford Circus,London,5/19/2016, United Kingdom ,Business,"[' Business trip ', ' Solo traveler ', ' Twin Room ', ' Stayed 2 nights ', ' Submitted from a mobile device ']", Very thin walls I could hear everything , Great breakfast,7.1,0
H tel Horset Op ra Best Western Premier Collection,Paris,7/5/2016, Norway ,Leisure,"[' Leisure trip ', ' Group ', ' Double Room ', ' Stayed 2 nights ', ' Submitted from a mobile device ']",No Negative, The breakfast,7.5,0
London Bridge Hotel,London,3/8/2016, United Kingdom ,Business,"[' Business trip ', ' Solo traveler ', ' Standard Double Room ', ' Stayed 1 night ', ' Submitted from a mobile device ']", Price for breakfast, Great location lovely room,9.2,0
WestCord Fashion Hotel Amsterdam,Amsterdam,1/7/2016, United Kingdom ,Leisure,"[' Leisure trip ', ' Solo traveler ', ' Large Twin Room ', ' Stayed 2 nights ', ' Submitted from a mobile device ']", Could hear noise from the next room at times , Room was very clean ,9.2,0
Park Grand Paddington Court,London,4/21/2017, United Kingdom ,Leisure,"[' Leisure trip ', ' Couple ', ' Deluxe Double Room ', ' Stayed 3 nights ']",No Negative, We were celebrating our golden wedding and were moved to a better room,7.5,0
Park Plaza County Hall London,London,2/20/2017, United Kingdom ,Leisure,"[' Leisure trip ', ' Family with young children ', ' Studio Double Family ', ' Stayed 2 nights ', ' Submitted from a mobile device ']", A little busy so had to queue for breakfast but was half term and guidance is given on busy times Ate breakfast in ground floor bar area on second day but food was a little cold , Good quality breakfast Good sized studio room for family Friendly staff Clean room Clean hotel Close to tube and all south bank amenities ,9.6,0
Hotel SB Diagonal Zero Barcelona 4 Sup,Barcelona,1/31/2016, United Kingdom ,Leisure,"[' Leisure trip ', ' Couple ', ' Deluxe Double or Twin Room ', ' Stayed 4 nights ', ' Submitted from a mobile device ']", One of the perks we were told of before we arrived was free spa access but on arrival were told that was only for 1 day Our room description also said sea view but the view from our window wasn t great as it looked straight onto a big building and there was definitely no sea view ,No Positive,7.1,0
Holiday Inn London Kensington,London,3/18/2016, United Kingdom ,Leisure,"[' Leisure trip ', ' Family with older children ', ' Standard Twin Room ', ' Stayed 13 nights ', ' Submitted from a mobile device ']", Central location and the large size of room numbers tempts guests enjoying night out which tends to be loud at early hours of night Thin wall also not helps the situation , Close to station ,7.1,0
Corendon Vitality Hotel Amsterdam,Amsterdam,4/5/2017, United Kingdom ,Leisure,"[' Leisure trip ', ' Couple ', ' Standard Queen Room ', ' Stayed 2 nights ']", i booked this hotel because it had a swimming pool even though it was further out of the town It didnt mention anywhere when booking that the pool wasnt free to use you had to pay 15 euros extra which i thought was terrible We didnt use the pool, beds really comfy and staff were amazing with info rooms were brilliant and restaurant breaksfast was fab,8.8,0
Mayflower Hotel Apartments,London,4/10/2017, United Kingdom ,Leisure,"[' Leisure trip ', ' Family with young children ', ' Superior One Bedroom Apartment ', ' Stayed 2 nights ', ' Submitted from a mobile device ']", Top floor apartment on corner of Warwick Road with no lift Needed more bowls plates and glasses Only 2 of each and place set up for 4 , Great location Good transport links ,8.3,0
Hotel Am Parkring,Vienna,11/3/2016, United Kingdom ,Leisure,"[' Leisure trip ', ' Solo traveler ', ' Double Room with St Stephen s Cathedral View ', ' Stayed 3 nights ']", There was nothing I disliked in the hotel , I loved everything about the room I booked at this hotel My room was on the 13th floor the top one and had a lovely panoramic view of Vienna The veranda was so large that I could actually throw a party there if I wanted Never had I seen such a spacious veranda The hotel is centrally located and one can easily get around on foot and or by public transport I would highly recommend this hotel to anyone and I would definitely book it again ,9.2,0
Rosewood London,London,7/27/2016, United Kingdom ,Leisure,"[' Leisure trip ', ' Couple ', ' Executive King Room ', ' Stayed 1 night ', ' Submitted from a mobile device ']", That we had to leave, The style and the ambience,10.0,0
Hotel degli Arcimboldi,Milan,8/6/2015, Germany ,Leisure,"[' Leisure trip ', ' Couple ', ' Double Room ', ' Stayed 2 nights ', ' Submitted from a mobile device ']", shower in toilet , Good Hotel ,8.8,0
Hotel Esther a,Amsterdam,10/8/2015, United States of America ,Leisure,"[' Leisure trip ', ' Couple ', ' Classic Double or Twin Room ', ' Stayed 5 nights ', ' Submitted from a mobile device ']", There was no ventilation fan or window in the bathroom so it was very stuffy , Had an amazing stay with hotel estherea while in Amsterdam The hotel was so welcoming helpful and even got my husband and I into a restaurant that has been booked for weeks We cannot wait to recommend and stay with them again ,9.6,0
Starhotels Echo,Milan,6/7/2016, United Kingdom ,Leisure,"[' Leisure trip ', ' Family with young children ', ' Two Connecting Double Rooms ', ' Stayed 2 nights ']", Shame outdoor pools are not heated , Excellent breakfast with daily specials Great kids club till 9pm allowing adults to have a meal together ,9.2,0
Shaftesbury Metropolis London Hyde Park,London,3/1/2017, United Kingdom ,Unknown,"[' Solo traveler ', ' Deluxe Single Room ', ' Stayed 1 night ']", It was noisy until after 11 30pm The tube I could hear underground and my window looked out onto a lounge area I was lucky as only a few people but could have been noisy if large crowd decided to have little catch up there Noise from other rooms on floorboards But sort of all expected in central location , The staff were just lovely I am Vegan and the breakfast staff made sure there was plenty for me and were very helpful and welcoming and proactive to guest needs They all seemed to enjoy their jobs and take a pride in what they were doing Guest were a priority but if not helping guests they were active in cleaning and stocking up Great to see The whole place was very clean and tidy The room was clean sparkly and comfortable Everything I needed ,9.2,0
Novotel London Wembley,London,9/22/2015, United Kingdom ,Leisure,"[' Leisure trip ', ' Group ', ' Superior Queen Room ', ' Stayed 1 night ']",No Negative, Excellent location for Wembley stadium and for getting into London Staff were very accommodating ,9.6,0
Grange Tower Bridge Hotel,London,8/22/2016, Netherlands ,Leisure,"[' Leisure trip ', ' Couple ', ' Superior Twin Room ', ' Stayed 2 nights ']", Breakfast was quite expensive but it looked nice and plenty to choose from We always like to go out for breakfast and there are plenty of good places in the neighbourhood , The pool and spa facilities were very nice a 25m lap pool with 3 lanes and a nice jacuzzi Kids are only allowed in the pool at certain times which we liked as it allows for a nice relaxing swim The free wifi was very good and extremely fast Best hotel wifi I ever encoutered Location was great in a nice neighbourhood with enough shops pubs and restaurants and close to the subway so it s easy to get around London ,8.8,0
LaGare Hotel Milano Centrale MGallery by Sofitel,Milan,5/16/2017, Philippines ,Leisure,"[' Leisure trip ', ' Couple ', ' Superior King Room ', ' Stayed 1 night ']", Booked this hotel partly because of the rooftop bar However it was still closed during our stay It would have been helpful is Booking com was able to inform us of this beforehand Maybe a sidenote on the property s page , Nice modern interiors Reception staff were very warm and helpful Room was clean with an amazing view of the city Bathroom was clean with nice modern toilet fixtures ,10.0,0
Hotel Atmospheres,Paris,8/11/2015, United Kingdom ,Leisure,"[' Leisure trip ', ' Family with older children ', ' Standard Twin Room ', ' Stayed 3 nights ', ' Submitted from a mobile device ']",No Negative, Lovely friendly helpful staff great location,9.6,0
Park Plaza Westminster Bridge London,London,8/25/2016, Singapore ,Leisure,"[' Leisure trip ', ' Family with young children ', ' Studio King Family ', ' Stayed 3 nights ']", The lighting system in the rooms was very confusing and you could never get all the lights on in both rooms at the same time , Well laid out rooms and great location ,9.6,0
The Grosvenor,London,10/11/2015, United Kingdom ,Leisure,"[' Leisure trip ', ' Couple ', ' Deluxe Double Room ', ' Stayed 1 night ']",No Negative, Fantastic decor the lobby is stunning Friendly and helpful staff Lovely room with very comfortable bed 45 minute walk from Trafalgar Square,10.0,0
Holiday Inn London Kensington,London,12/18/2015, United Kingdom ,Leisure,"[' Leisure trip ', ' Solo traveler ', ' Standard Double Room ', ' Stayed 1 night ']",No Negative, The friendliness and professionalism of the staff they were universally prepared to go that extra mile The bar was comfortable and good to relax in room great ,9.6,0
Shaftesbury Premier London Paddington,London,2/16/2016, United Kingdom ,Leisure,"[' Leisure trip ', ' Couple ', ' Deluxe Double Room ', ' Stayed 2 nights ', ' Submitted from a mobile device ']", Bathroom was a bit small , Lovely bed good size ,7.1,0
Golden Tulip Amsterdam Riverside,Amsterdam,8/30/2016, United Kingdom ,Leisure,"[' Leisure trip ', ' Solo traveler ', ' Superior Double Room ', ' Stayed 3 nights ', ' Submitted from a mobile device ']", originally booked to stay in the west of Amsterdam but stayed at riverside instead it was a little further away but really easy to get into Amsterdam central by tram hotel is only a short distance away from the tram station and perfect for a weekend away , The room I stayed in was lovely with an amazing view comfy bed and great shower perfect ,9.6,0
Shangri La Hotel at The Shard London,London,4/10/2016, United Kingdom ,Leisure,"[' Leisure trip ', ' Couple ', ' Deluxe King Room with City View ', ' Stayed 1 night ', ' Submitted from a mobile device ']",No Negative, The whole experience and visit was amazing the staff were so friendly and made our 20th wedding anniversary so special The best view from our suite Xx,9.6,0
Suite Hotel 900 m zur Oper,Vienna,8/3/2016, Canada ,Leisure,"[' Leisure trip ', ' Solo traveler ', ' Budget Single Room ', ' Stayed 4 nights ']", Nothing , Excellent location 2 minutes to Taubstummengasse metro station 5 minutes to Karlsplatz metro station and just 15 minutes walking to the City Center and most Vienna s Attractions like Opera House Kartnerstrasse and the Donner Fountain Belvedere Palace Albertina Karlskirche Graben Street and St Stephen Cathedral Super friendly polite and helpful staff very clean Hotel Excellent breakfast with varieties Good air conditioning and WIFI Very safe city and great people,10.0,0
Expo Hotel Barcelona,Barcelona,4/23/2017, Australia ,Leisure,"[' Leisure trip ', ' Couple ', ' Standard Double or Twin Room with Balcony ', ' Stayed 1 night ', ' Submitted from a mobile device ']", Squeaky beds loose door knob into bathroom , Best choice buffet breakfast ,10.0,0
H tel Juliana Paris,Paris,5/15/2016, Turkey ,Leisure,"[' Leisure trip ', ' Couple ', ' Club Double Room ', ' Stayed 4 nights ']",No Negative, We stayed in a club room which was a good size for a Paris hotel room The hotel was very quite clean and staff was very friendly Hotel was decorated with a elegant taste and the items used were high quality and very well selected In addition location was very good a minute walk to Seine ,9.2,0
Gainsborough Hotel,London,5/18/2016, United Kingdom ,Business,"[' Business trip ', ' Solo traveler ', ' Deluxe Double Room ', ' Stayed 1 night ']", No coffee tea in room noisy air duct droning all night, helpful staff,7.5,0
La Villa Haussmann,Paris,2/3/2017, United Kingdom ,Leisure,"[' Leisure trip ', ' Solo traveler ', ' Superior Double Room ', ' Stayed 1 night ', ' Submitted from a mobile device ']", Very bad smell in the lift , The breakfast was amazing ,9.6,0
Pullman London St Pancras,London,5/25/2017, United Kingdom ,Business,"[' Business trip ', ' Solo traveler ', ' Classic King Room ', ' Stayed 2 nights ', ' Submitted from a mobile device ']",No Negative, Great location Great staff Quiet room given the location Big kudos for number and location of electrical outlets in the room ,10.0,0
Mercure London Paddington Hotel,London,2/5/2017, Australia ,Leisure,"[' Leisure trip ', ' Solo traveler ', ' Standard Twin Room ', ' Stayed 5 nights ']", When we were stuck in the lift I didn t like how the staff said it was something we did, The location of the hotel,7.1,0
The Justin James Hotel,London,10/20/2016, United Kingdom ,Leisure,"[' Leisure trip ', ' Couple ', ' Double Room ', ' Stayed 1 night ']",No Negative, Easy to find parking at the front was excellent helpful staff,7.5,0
The Stafford London,London,8/7/2016, Saudi Arabia ,Leisure,"[' Leisure trip ', ' Group ', ' Deluxe King Room ', ' Stayed 10 nights ', ' Submitted from a mobile device ']", We never get our welcome drink But it is not a major thing, Great location staff and nice breakfast,9.2,0
Barcel Sants,Barcelona,8/13/2016, United Kingdom ,Leisure,"[' Leisure trip ', ' Family with older children ', ' Deluxe Double or Twin Room ', ' Stayed 1 night ', ' Submitted from a mobile device ']", Only staying one night , Friendly helpful staff Room service was fabulous ,10.0,0
Hotel Les Rives de Notre Dame,Paris,6/15/2016, United States of America ,Leisure,"[' Leisure trip ', ' Group ', ' Standard Double Room ', ' Stayed 3 nights ']", I really had no complaints about the hotel itself or the staff who are very friendly and helpful , It was wonderful to be so close to Notre Dame and to be able to walk to places we wanted to see It was very quiet ,9.6,0
Best Western Palm Hotel,London,6/23/2017, Belgium ,Business,"[' Business trip ', ' Solo traveler ', ' Standard Double Room ', ' Stayed 1 night ']", food wasn t that brilliant I mean to me maybe it s good to Uk standards , upgraded room airco in the room with temperature above 30 more than welcome,8.8,0
Best Western Premier Kapital Op ra,Paris,8/21/2016, Australia ,Leisure,"[' Leisure trip ', ' Group ', ' Standard Double Room ', ' Stayed 1 night ', ' Submitted from a mobile device ']",No Negative, Amazing bathroom Lovely big opening windows onto the street very spacious by European standards ,9.6,0
Crowne Plaza London Kings Cross,London,3/27/2016, United Kingdom ,Leisure,"[' Leisure trip ', ' Couple ', ' Double Room with Sofa Bed Non Smoking ', ' Stayed 1 night ', ' Submitted from a mobile device ']", Extra charge to use swimming pool, Lovely room good breakfast,7.9,0
Hilton Garden Inn Milan North,Milan,3/30/2016, Iran ,Leisure,"[' Leisure trip ', ' Couple ', ' King Room ', ' Stayed 5 nights ', ' Submitted from a mobile device ']", Some small facilities like toothpaste and slippers are not at room but is ignorable , Comfort cleanliness responsible staffs ,9.6,0
Kingsway Hall Hotel,London,4/25/2017, United Kingdom ,Leisure,"[' Leisure trip ', ' Couple ', ' Deluxe Double Room ', ' Stayed 2 nights ', ' Submitted from a mobile device ']", The room was uncomfortably hot and the windows did not open, Staff were happy to respond quickly and positively to problems,7.9,0
Golden Tulip Amsterdam West,Amsterdam,7/17/2016, United Kingdom ,Leisure,"[' Leisure trip ', ' Couple ', ' Standard Double or Twin Room ', ' Stayed 2 nights ', ' Submitted from a mobile device ']", i did not find anything wrong except I would rather have bottled water in the room than tea and coffee machine , Busy popular hotel but relaxed and quiet for a good night s sleep Hotel is not central but 2 mins on the tram and you are there the tram stop is straight outside the hotel Food excellent especially breakfast ,9.5,0
Hotel du Collectionneur Arc de Triomphe,Paris,10/13/2016, Canada ,Leisure,"[' Leisure trip ', ' Couple ', ' Superior King Room ', ' Stayed 6 nights ', ' Submitted from a mobile device ']", The restaurant was very poor We ordered steaks and it wasn t cooked probably and the fries were cold The burger was raw in the middle All three of us had to send our meals back and we waited over 45 minutes for it and had to go somewhere else to eat after I had complained to night manager of the hotel and the charges were not reflected on my final bill Personally everything was good but the restaurant,No Positive,9.2,0
Hotel V Nesplein,Amsterdam,4/23/2017, Saudi Arabia ,Leisure,"[' Leisure trip ', ' Couple ', ' Comfort Double or Twin Room ', ' Stayed 5 nights ', ' Submitted from a mobile device ']",No Negative, Excellent location friendly staff very nice romantic restaurant with delicious food ,10.0,0
Gran Hotel Torre Catalunya,Barcelona,6/10/2017, Hungary ,Business,"[' Business trip ', ' Solo traveler ', ' Comfort Double or Twin Room for Single Use ', ' Stayed 1 night ']", The breakfast was not included in the price , The bed was comfortable and the bath well equipped Location near the station is great and still not noisy ,8.8,0
Park Plaza County Hall London,London,3/20/2017, United Kingdom ,Leisure,"[' Leisure trip ', ' Family with young children ', ' Executive Studio City View Family ', ' Stayed 1 night ', ' Submitted from a mobile device ']",No Negative, The views were fantastic Beautiful hotel With professional friendly staff ,10.0,0
Mercure Amsterdam Sloterdijk Station,Amsterdam,5/4/2017, United Kingdom ,Leisure,"[' Leisure trip ', ' Couple ', ' Standard Double Room ', ' Stayed 2 nights ', ' Submitted from a mobile device ']",No Negative, Very modern and amazing rain forest shower,10.0,0
Park Plaza County Hall London,London,4/2/2016, United Kingdom ,Leisure,"[' Leisure trip ', ' Family with young children ', ' Studio Double Family ', ' Stayed 6 nights ']", Internet was not free of charge , I enjoyed my stay and liked the coffee maker in the room ,9.6,0
Gran Hotel Torre Catalunya,Barcelona,9/9/2015, United States of America ,Leisure,"[' Leisure trip ', ' Group ', ' Comfort Double Room ', ' Stayed 3 nights ']",No Negative, very comfortable rooms nice location,10.0,0
Hotel Ares Eiffel,Paris,4/3/2016, United Kingdom ,Business,"[' Business trip ', ' Solo traveler ', ' Classic Double Room ', ' Stayed 3 nights ', ' Submitted from a mobile device ']", Not much, Location well presented helpful staff no complaints at all,9.2,0
Rathbone,London,2/17/2016, Ireland ,Business,"[' Business trip ', ' Solo traveler ', ' Single Room ', ' Stayed 1 night ', ' Submitted from a mobile device ']", Street noise makes it difficult to sleep room decor a little dated, Great location comfortable bed and great pillows,7.9,0
Grand Royale London Hyde Park,London,4/30/2016, United Kingdom ,Leisure,"[' Leisure trip ', ' Solo traveler ', ' Superior Double Room ', ' Stayed 1 night ']",No Negative, Lovely room and staff Great location ,9.6,0
Hotel Barcelona Catedral,Barcelona,1/2/2017, Denmark ,Leisure,"[' Leisure trip ', ' Group ', ' Double or Twin Room 1 2 Adults ', ' Stayed 3 nights ']",No Negative, Excellent service from front desk staff especially the bell boy Jordi who also took care of our check in ,10.0,0
Holiday Inn London Camden Lock,London,12/20/2016, United States of America ,Leisure,"[' Leisure trip ', ' Couple ', ' Double Room ', ' Stayed 2 nights ', ' Submitted from a mobile device ']",No Negative, Great location good breakfast wonderful staff ,10.0,0
Glam Milano,Milan,7/17/2016, United Kingdom ,Leisure,"[' Leisure trip ', ' Family with older children ', ' Superior Triple Room ', ' Stayed 2 nights ', ' Submitted from a mobile device ']", Restaurant seating wasn t great and a bit haphazard, Quirky room fantastic bathroom Really comfy beds,9.6,0
Holiday Inn London Wembley,London,5/4/2017, United Kingdom ,Leisure,"[' Leisure trip ', ' Couple ', ' Queen Room ', ' Stayed 1 night ', ' Submitted from a mobile device ']", Check in took a while, Bed was very comfy room extremely clean,8.8,0
H tel Hor,Paris,10/25/2016, Netherlands ,Business,"[' Business trip ', ' Solo traveler ', ' Classic Double Room ', ' Stayed 1 night ']", Wifi is not working , Very good location ,7.9,0
Leonardo Hotel Vienna,Vienna,9/29/2016, Saudi Arabia ,Leisure,"[' Leisure trip ', ' Couple ', ' Superior Double Room with free unlimited WIFI ', ' Stayed 8 nights ']", nothing , Location was perfect near to metro station central train station near to Mariahilf street Shopping food street Reception staff was very good when I arrived the checking in procedure took me 5 min only what ever I asked they give to us also the staff smiling all time also when I checked out it took 5 min and they did not charge me more than the price that I got from booking I would stay in the hotel if I visit Vienna again Billa ,9.2,0
Graben Hotel,Vienna,11/3/2016, Switzerland ,Business,"[' Business trip ', ' Solo traveler ', ' Single Room ', ' Stayed 3 nights ']", room size and a very hard mattrass Head pillows need to be replaced , very friendly staff and very accommodating,7.1,0
FourSide Hotel Vienna City Center,Vienna,6/25/2017, Romania ,Business,"[' Business trip ', ' Solo traveler ', ' Superior Double Room ', ' Stayed 5 nights ', ' Submitted from a mobile device ']", Very bad mattresses on bed causing problems to back should be rapidly replaced, Very good location close to metro station clean rooms nice staff,7.5,0
H tel L Echiquier Op ra Paris MGallery by Sofitel,Paris,3/5/2016, Germany ,Business,"[' Business trip ', ' Solo traveler ', ' Classic Room with Queen Bed ', ' Stayed 6 nights ', ' Submitted from a mobile device ']", N A, FABULOUS Staff location facilities perfect Was there a week on business only a few steps from next metro station lots of shops in the area Bonne Nouvelle also great bar restaurant area but street hotel is on is very quiet loved it here definitely again ,10.0,0
The Square Milano Duomo,Milan,9/29/2015, United States of America ,Leisure,"[' Leisure trip ', ' Couple ', ' Deluxe Double or Twin Room ', ' Stayed 4 nights ']", The AC didn t operate correctly No restaurant in the hotel and very poor room service, Amazing breakfast with a very wide selection Nice casual bar in lobby that offered small appetizers for happy hour,8.3,0
NH Collection Amsterdam Barbizon Palace,Amsterdam,4/28/2017, United States of America ,Leisure,"[' Leisure trip ', ' Couple ', ' Superior Double or Twin Room ', ' Stayed 1 night ', ' Submitted from a mobile device ']", Price went too high on weekend, Location next to train station,8.8,0
Holiday Inn London Kensington,London,5/17/2016, United Kingdom ,Leisure,"[' Leisure trip ', ' Solo traveler ', ' Standard Single Room ', ' Stayed 2 nights ']",No Negative, the staff go out of their way to make you feel comfortable Excellent service lovely well kept and update hotel the room was quite spacious for a single bed room modern bathroom lovey stay overall ,10.0,0
Hotel Plaza Elys es,Paris,7/16/2017, Qatar ,Leisure,"[' Leisure trip ', ' Couple ', ' Superior Double or Twin Room ', ' Stayed 1 night ', ' Submitted from a mobile device ']", room very small but for the price very good, location and staff very helpfull,9.6,0
Palazzo Parigi Hotel Grand Spa Milano,Milan,7/6/2016, Finland ,Leisure,"[' Leisure trip ', ' Family with young children ', ' 2 rooms ', ' Stayed 4 nights ']", The breakfast was the most expencive I ever had 40 euros per person I think in hotel on this price cathegory the breakfast should be included for a room , The hotel was perfect So clean and great service Big points for great pool area and sauna The staff was amazing very helpful kind and they fulfilled all our wishes in a second ,9.6,0
Hotel Daniel Vienna,Vienna,8/20/2015, Australia ,Leisure,"[' Leisure trip ', ' Group ', ' Standard Double Room ', ' Stayed 1 night ', ' Submitted from a mobile device ']", I travelled with my brother so having the glass shower didn t really work for us but it s perfect for couples , The room was comfortable and staff friendly Location was good but not within walking distance however public transport was right in front of the hotel Parking underground was excellent ,7.9,0
H tel Exquis by Elegancia,Paris,2/23/2016, Turkey ,Leisure,"[' Leisure trip ', ' Couple ', ' Double Room Intemporelle ', ' Stayed 3 nights ']", The rooms are very small,No Positive,9.6,0
Courtyard by Marriott Amsterdam Arena Atlas,Amsterdam,11/29/2015, Turkey ,Leisure,"[' Leisure trip ', ' Solo traveler ', ' Standard Double Room ', ' Stayed 1 night ']",No Negative, Location Staff,9.6,0
Pullman London St Pancras,London,12/12/2016, United Kingdom ,Leisure,"[' Leisure trip ', ' Family with young children ', ' Classic Twin Room ', ' Stayed 2 nights ', ' Submitted from a mobile device ']", Busy breakfast and having only bar stool seating available but understand why , Everything from the door man s welcome the desk staffs friendliness and help with information the breakfast staff and bar staff for their swift service and finally the doorman for helping with our cases when we left,10.0,0
DoubleTree by Hilton London Ealing,London,3/22/2016, Ireland ,Business,"[' Business trip ', ' Solo traveler ', ' Double Room ', ' Stayed 2 nights ']",No Negative, Friendly Welcome and helpful Staff at all times,9.2,0
Pullman Paris Montparnasse,Paris,8/16/2015, United Kingdom ,Leisure,"[' Leisure trip ', ' Family with young children ', ' Classic Room with 2 double beds 2 Adults ', ' Stayed 3 nights ', ' Submitted from a mobile device ']",No Negative, Breakfast bed ,7.5,0
Novotel Paris Gare De Lyon,Paris,6/8/2016, United Kingdom ,Unknown,"[' Couple ', ' Superior Room with Queensize Bed and Single Sofa Bed 2 Adults 1 Child ', ' Stayed 2 nights ', ' Submitted from a mobile device ']", Finish the soap, Hotel is clean and quiet,9.2,0
Grand H tel Du Palais Royal,Paris,3/20/2016, Sweden ,Leisure,"[' Leisure trip ', ' Couple ', ' Superior Room ', ' Stayed 2 nights ']",No Negative, The staff was particularly thoughtful they payed special attention to my husbands birthday Tasteful interieur beautiful nicely renovated hotel Excellent location ,9.2,0
Hotel Berna,Milan,9/3/2015, South Africa ,Leisure,"[' Leisure trip ', ' Couple ', ' Comfort Double or Twin Room ', ' Stayed 1 night ']",No Negative, Helpfulness of staff,10.0,0
Apex Temple Court Hotel,London,12/30/2016, United Arab Emirates ,Leisure,"[' Leisure trip ', ' Family with young children ', ' City King Room ', ' Stayed 2 nights ', ' Submitted from a mobile device ']",No Negative, Cosy hotel great restaurant with lovely food,8.8,0
Catalonia Plaza Catalunya,Barcelona,1/14/2016, South Korea ,Leisure,"[' Leisure trip ', ' Couple ', ' Double or Twin Room ', ' Stayed 3 nights ']",No Negative, location,8.3,0
Montcalm Royal London House City of London,London,12/15/2016, Netherlands ,Leisure,"[' Leisure trip ', ' Couple ', ' Deluxe Double Room ', ' Stayed 1 night ']", The room was small although average for London and was not really special Just a good room However for a 5 hotel you expect something special , The hotel is new and therefore very clean The staff is friendly You get a smartphone with a map and free 4g internet which is really nice for foreigners without a UK phone plan ,7.9,0
The Pelham Starhotels Collezione,London,8/9/2015, Turkey ,Business,"[' Business trip ', ' Solo traveler ', ' Superior Double Room ', ' Stayed 1 night ', ' Submitted from a mobile device ']",No Negative, Reception staff,7.5,0
Park Grand London Kensington,London,1/6/2017, United Kingdom ,Leisure,"[' Leisure trip ', ' Couple ', ' Superior Double Room ', ' Stayed 2 nights ', ' Submitted from a mobile device ']", Rooms were a lot smaller than expected especially after browsing photos before booking A little disappointed , Breakfast was fantastic a never ending supply of good quality food ,8.3,0
Park Plaza Victoria London,London,5/24/2017, Hungary ,Leisure,"[' Leisure trip ', ' Couple ', ' Superior Queen Room ', ' Stayed 2 nights ', ' Submitted from a mobile device ']",No Negative, The staff was very kind and helpful The room was clean and comfortable A food was delicious Evetything was good ,10.0,0
Mercure Josefshof Wien,Vienna,12/27/2016, Belarus ,Leisure,"[' Leisure trip ', ' Family with young children ', ' Classic Single Room ', ' Stayed 4 nights ', ' Submitted from a mobile device ']",No Negative, Location is superb personal is very helpful and welcoming breakfast were substantial and varied,10.0,0
Park Avenue Baker Street,London,7/2/2017, United Kingdom ,Leisure,"[' Leisure trip ', ' Couple ', ' Club Double Room ', ' Stayed 2 nights ', ' Submitted from a mobile device ']", There was a few marks in the walls and a stain on the carpet which should of been cleaned better but did not effect our stay in anyway and I would definitely stay again , The location was great and the bed was so comfy for me as I have a bad back and the staff were really nice and helpful the breakfast was also very good ,10.0,0
Hotel Miramar Barcelona GL,Barcelona,12/3/2016, Bahrain ,Leisure,"[' Leisure trip ', ' Solo traveler ', ' Deluxe Double or Twin Room ', ' Stayed 3 nights ']", I couldn t extend my stay do pre planned commitments , Everything went well so happy Staff members were all great too,10.0,0
Golden Tulip Amsterdam West,Amsterdam,11/10/2015, United Kingdom ,Leisure,"[' Leisure trip ', ' Couple ', ' Standard Double or Twin Room ', ' Stayed 3 nights ', ' Submitted from a mobile device ']", Nothing, staff were very helpful with directions and being able to check in early as we arrived at 10am,10.0,0
Club Quarters Hotel St Paul s,London,8/14/2016, United States of America ,Business,"[' Business trip ', ' Solo traveler ', ' Standard Queen Room ', ' Stayed 4 nights ', ' Submitted from a mobile device ']", 3rd floor room overlooking side street was very loud from late night trash collection and early morning deliveries Bring earplugs ,No Positive,7.9,0
Hotel Mediolanum,Milan,5/23/2016, Taiwan ,Leisure,"[' Leisure trip ', ' Couple ', ' Double or Twin Room ', ' Stayed 1 night ', ' Submitted from a mobile device ']", No venting in the bathroom , Great buffet breakfast ,8.3,0
25hours Hotel beim MuseumsQuartier,Vienna,4/3/2017, Macedonia ,Leisure,"[' Leisure trip ', ' Group ', ' Standard Double Room ', ' Stayed 3 nights ']", AC noisy, Great location wonderful staff always happy and helpful Great rooftop bar and delicious food at the Restaurant ,9.2,0
Royal Saint Michel,Paris,7/9/2017, United States of America ,Leisure,"[' Leisure trip ', ' Group ', ' Twin Room ', ' Stayed 3 nights ', ' Submitted from a mobile device ']", WiFi didn t work for 2 3 day stay They finally rebooted the modem it worked but was slow , Location staff were amazing Breakfast was well worth the money,9.2,0
DoubleTree by Hilton London Chelsea,London,10/31/2016, United Kingdom ,Leisure,"[' Leisure trip ', ' Couple ', ' Queen Guest Room ', ' Stayed 1 night ']", the walls in the rooms were not very sound proof we were woken up on numerous occasions by other guests talking in adjoining rooms, breakfast and location were excellent,7.5,0
Hotel Erzherzog Rainer,Vienna,3/23/2016, Italy ,Business,"[' Business trip ', ' Solo traveler ', ' Single Room ', ' Stayed 2 nights ', ' Submitted from a mobile device ']", Just a single right handed only spoon in the fresh fruit area of the breakfast buffet A minor thing that won t affect your stay , Hotel s location is great a couple of minutes walk from Taubstummengasse metro station and less than 10 from Karlsplatz There are a lot of shops of all kinds food stores and restaurants in the surroundings The room was spacious and quiet It had a lot 5 I think of electrical sockets Checkout at 12 There was a bath tub and everything looked clean The minibar had a good selection of drinks WiFi just worked and you can connect multiple devices to a maximum of 3 if I remember correctly Great value for that discounted price Great value if you can afford it at full price too ,10.0,0
Corendon Vitality Hotel Amsterdam,Amsterdam,2/16/2016, United Kingdom ,Leisure,"[' Leisure trip ', ' Couple ', ' Deluxe King Room ', ' Stayed 4 nights ', ' Submitted from a mobile device ']", I asked for a kingsize cover on our kingsize bed weeks before arrival which was accepted upon arrival it was single covers on the bed Black out blinds at certain times wouldn t let us put up or down and sometimes very late at night they would randomly go up down The price I paid more than 300 should probably include breakfast , Bed comfy the smart tv and also the blackout blinds The spa was lovely ,8.8,0
Ten Manchester Street Hotel,London,4/5/2017, United Kingdom ,Business,"[' Business trip ', ' Group ', ' Superior Double Room ', ' Stayed 1 night ', ' Submitted from a mobile device ']", Room was small breakfast was limited , Staff and location excellent,9.2,0
Grand Hotel Amr th Amsterdam,Amsterdam,1/3/2016, Egypt ,Leisure,"[' Leisure trip ', ' Group ', ' Deluxe Room ', ' Stayed 1 night ', ' Submitted from a mobile device ']", No smoking place in the hotel, Location helpful smiling staff facilities in the room and bathroom,10.0,0
Catalonia Magdalenes,Barcelona,10/3/2016, United Kingdom ,Leisure,"[' Leisure trip ', ' Couple ', ' Double or Twin Room ', ' Stayed 3 nights ', ' Submitted from a mobile device ']", Price of breakfast too expensive considering what we paid for room, Perfect location and helpful staff,9.6,0
W Barcelona,Barcelona,4/30/2017, China ,Leisure,"[' Leisure trip ', ' Travelers with friends ', ' Wonderful Sky Room ', ' Stayed 1 night ', ' Submitted from a mobile device ']", The only thing I don t like is the shower gel and shampoo I think they can use a better brand other than Bliss for the price of the hotel, The staffs are very nice and very welcoming I got a room on the 24th floor and the view is literally amazing ,10.0,0
De Vere Devonport House,London,11/4/2016, United Kingdom ,Leisure,"[' Leisure trip ', ' Couple ', ' Double Room ', ' Stayed 2 nights ']", Decor a bit tired and could use double glazing especially on the road side of the hotel, The gentleman in the breakfast room with the long decorated ponytail is something else in a good way Very friendly like all the staff and a real one off And its a pretty good breakfast ,8.8,0
Catalonia Magdalenes,Barcelona,4/30/2017, United Kingdom ,Leisure,"[' Leisure trip ', ' Couple ', ' Superior Double or Twin Room ', ' Stayed 4 nights ', ' Submitted from a mobile device ']",No Negative, Great friendly staff Can not rate highly enough,10.0,0
Arthotel ANA Boutique Six,Vienna,8/13/2015, United Kingdom ,Leisure,"[' Leisure trip ', ' Solo traveler ', ' Single Room ', ' Stayed 5 nights ']",No Negative, Hotel is awesome and brillant very nice ,10.0,0
The Cumberland A Guoman Hotel,London,6/5/2017, United Kingdom ,Leisure,"[' Leisure trip ', ' Couple ', ' Standard Double Room ', ' Stayed 2 nights ', ' Submitted from a mobile device ']", The lighting in the room could have been better, Excellent breakfast freshly cooked and such a choice,9.6,0
Holiday Inn Paris Notre Dame,Paris,6/25/2017, Australia ,Leisure,"[' Leisure trip ', ' Solo traveler ', ' Queen Bed Leisure ', ' Stayed 1 night ', ' Submitted from a mobile device ']", Breakfast looked very average, The staff were terrific professional and helpful ,10.0,0
The Athenaeum,London,10/5/2015, Mexico ,Business,"[' Business trip ', ' Family with young children ', ' Superior Room ', ' Stayed 3 nights ', ' Submitted from a mobile device ']", Room a bit small for the very high price we paid , Excellent service and attention they were very helpful in considering our needs whilst traveling with an infant ,8.3,0
Best Western Premier Hotel Dante,Barcelona,11/24/2015, Romania ,Leisure,"[' Leisure trip ', ' Couple ', ' Double or Twin Room ', ' Stayed 2 nights ']",No Negative, Great ,10.0,0
Sloane Square Hotel,London,5/31/2016, United Kingdom ,Business,"[' Business trip ', ' Family with young children ', ' Double Room ', ' Stayed 2 nights ']", Air condition was located badly affected us too much so that we had to turned it off Linens and sheets are like synthetic well it might not be in fact so in the morning We woke up like in sweat , Location of the hotel is perfect Pretty much close to everywhere Reasonable price according to the other hotels around Clean Friendly people behind the reception ,7.1,0
The Grosvenor,London,10/8/2016, United Kingdom ,Leisure,"[' Leisure trip ', ' Couple ', ' Standard Twin Room ', ' Stayed 1 night ', ' Submitted from a mobile device ']", I have no dislikes, Very easy to check in and room was very comfortable Very nice having tea making facilities and toiletries to use ,10.0,0
La Clef Tour Eiffel,Paris,2/20/2017, South Africa ,Leisure,"[' Leisure trip ', ' Couple ', ' Superior Double or Twin Room ', ' Stayed 6 nights ']",No Negative, Everything was great Will recommend them to anyone ,10.0,0
The Chamberlain,London,12/20/2016, United Kingdom ,Leisure,"[' Leisure trip ', ' Couple ', ' Luxury Double Room ', ' Stayed 2 nights ', ' Submitted from a mobile device ']", Not crucial but might have been easier if tea coffee was available from a dispenser rather than having to request refills from staff , Breakfast was excellent and specially enjoyed the porridge Good choice of cooked food Staff very helpful and attentive,8.8,0
Mercure London Paddington Hotel,London,1/30/2016, New Zealand ,Leisure,"[' Leisure trip ', ' Solo traveler ', ' Standard Double Room ', ' Stayed 1 night ', ' Submitted from a mobile device ']",No Negative, Great location for Paddington station,7.9,0
INK Hotel Amsterdam MGallery by Sofitel,Amsterdam,9/25/2015, United Arab Emirates ,Leisure,"[' Leisure trip ', ' Group ', ' Classic Twin Room ', ' Stayed 1 night ']", bathroom privacy, theme and decoration,10.0,0
Corendon Vitality Hotel Amsterdam,Amsterdam,12/15/2015, United Kingdom ,Leisure,"[' Leisure trip ', ' Couple ', ' Standard Queen Room ', ' Stayed 3 nights ', ' Submitted from a mobile device ']", Cab prices, Everything,9.2,0
Hotel Xanadu,London,10/27/2015, United Kingdom ,Leisure,"[' Leisure trip ', ' Group ', ' 2 rooms ', ' Stayed 1 night ', ' Submitted from a mobile device ']", Booked a twin room but given a double Due to lack of staff it could not be looked into until 11 00pm And then it couldn t be rectified Hotel refused to accept any responsibility due to it being a Booking com reservation , Nice decor facilities and comfort,7.5,0
Golden Tulip Amsterdam West,Amsterdam,1/2/2017, Belgium ,Leisure,"[' Leisure trip ', ' Couple ', ' Standard Double or Twin Room ', ' Stayed 2 nights ']", a small room, very good ambiance and cozy place,7.5,0
St James Court A Taj Hotel London,London,1/1/2017, United States of America ,Leisure,"[' Leisure trip ', ' Couple ', ' Executive King Room ', ' Stayed 4 nights ', ' Submitted from a mobile device ']", Rooms smaller than expected ,No Positive,10.0,0
citizenM London Bankside,London,10/30/2016, United Kingdom ,Leisure,"[' Leisure trip ', ' Couple ', ' Double Room ', ' Stayed 1 night ']", This is more than we usually pay as we are bed and breakfast hosts and travellers but every so often we like a treat It is above our usual budget but that is a personal thing not a complaint, staff fab and helpful location great rooms small but wonderful bed so comfy loved the shower,9.5,0
Hotel Manin,Milan,4/26/2017, United Kingdom ,Leisure,"[' Leisure trip ', ' Group ', ' Double or Twin Room with Park View ', ' Stayed 3 nights ', ' Submitted from a mobile device ']",No Negative, Great location facilities and breakfast choice ,9.6,0
Capri by Fraser Barcelona,Barcelona,11/9/2016, United Kingdom ,Leisure,"[' Leisure trip ', ' Group ', ' Deluxe Studio ', ' Stayed 3 nights ', ' Submitted from a mobile device ']", Whilst we liked the cleanliness of the hotel the products used to clean were rather strong and the smell hits you as soon as you enter , The staff at the hotel are very friendly and helpful The hotel was very well located nearest metro station is Marina which is only three stops to the centre The rooms are spacious and very clean Would definitely stay at hotel Capri again There s a laundry room situatuated on the lower level of the hotel which is free to use great idea ,9.2,0
Mercure Paris Terminus Nord,Paris,6/17/2017, United Kingdom ,Leisure,"[' Leisure trip ', ' Couple ', ' Standard Room with 1 Double Bed ', ' Stayed 1 night ', ' Submitted from a mobile device ']",No Negative, Fantastic location amazing views of Gare de Nord and Sacre Coeur ,9.6,0
Holiday Inn London Wembley,London,3/6/2017, United Kingdom ,Leisure,"[' Leisure trip ', ' Solo traveler ', ' Queen Room ', ' Stayed 1 night ', ' Submitted from a mobile device ']", The breakfast was good to average I do like tea brought to my table in a pot There were enough staff serving to manage this Could there be an option for poached eggs Milk for cereal was not chilled Brown bread ran out Minor things but not the same attention to detail given to the rooms , I liked the attention to detail in the room A kit Kat Blackout curtains Nice toiletries and tea tray Great view from 10th floor Very friendly and welcoming staff Everything was spotless Every sign had been carefully thought out Choice of pillows Everything worked The bed was comfy I liked being able to control the room temperature as I like a cool bedroom Loved the chair with foot rest ,10.0,0
DoubleTree by Hilton Amsterdam Centraal Station,Amsterdam,3/20/2017, United Kingdom ,Leisure,"[' Leisure trip ', ' Group ', ' Twin Guest Room ', ' Stayed 2 nights ', ' Submitted from a mobile device ']", The view from the room over the railway was disappoint Prior to the visit we were not told that the deposit could not be refunded to a debit card and therefore it was returned in cash euros , The room was immaculate very modern and location was perfect ,10.0,0
Blakemore Hyde Park,London,1/18/2016, United Kingdom ,Leisure,"[' Leisure trip ', ' Couple ', ' Club Double Room ', ' Stayed 3 nights ', ' Submitted from a mobile device ']", Distance from tube in winter months, Excellent staff Lovely room Relaxing environment,9.2,0
Hotel Le Squara,Paris,2/20/2016, Russia ,Business,"[' Business trip ', ' Couple ', ' Deluxe Double or Twin Room ', ' Stayed 2 nights ']", Tiny room Expensive breakfast, Superb location near the metro Moulin Rouge and close to Montmartre area Historical renovated building of the hotel makes romantic atmosphere A lot of cafes and bars around,7.5,0
Grange Langham Court Hotel,London,5/7/2017, Germany ,Leisure,"[' Leisure trip ', ' Solo traveler ', ' Single Room ', ' Stayed 3 nights ', ' Submitted from a mobile device ']", I had a room on the ground floor It was a little loud elevator noises little space between door and floor ,No Positive,7.9,0
Mercure Paris Terminus Nord,Paris,5/31/2016, India ,Leisure,"[' Leisure trip ', ' Family with older children ', ' Standard Room with 1 Double Bed ', ' Stayed 1 night ', ' Submitted from a mobile device ']",No Negative, Location and value for money,9.2,0
Rainers Hotel Vienna,Vienna,10/15/2015, United States of America ,Unknown,"[' Couple ', ' Superior Twin Room ', ' Stayed 3 nights ', ' Submitted from a mobile device ']", Not a good location if you are visiting as a tourist, Great restaurant but a little pricey Staff is very helpful,7.5,0
Park Grand Paddington Court,London,6/11/2017, United States of America ,Leisure,"[' Leisure trip ', ' Group ', ' Compact Double Room ', ' Stayed 5 nights ']",No Negative, The English breakfast is delicious It s in a great location short walk to Hyde Park bus and subway stations as well as restaurants and souvenirs shops The hotel even offers a complementary phone that you can use to make local and international calls from and you can use the Google Maps app for directions It was very useful ,10.0,0
London Marriott Hotel Marble Arch,London,10/18/2016, Ireland ,Leisure,"[' Leisure trip ', ' Family with young children ', ' Deluxe Double Room with Two Double Beds ', ' Stayed 2 nights ', ' Submitted from a mobile device ']", The bed linen and pillows are a little old and need upgrading,No Positive,7.1,0
The Yard Milano,Milan,11/25/2015, United Kingdom ,Unknown,"[' Family with older children ', ' Luxury Suite ', ' Stayed 2 nights ', ' Submitted from a mobile device ']",No Negative, Not a cookie cutter experience each room a retro collector s haven uniquely designed with the owner s original pieces from all over the world Breakfast completely delicious a basket of home grown goodies served with a warm smile Like staying in a friend s house with all the trimmings,10.0,0
Barcelona Princess,Barcelona,5/8/2017, Russia ,Leisure,"[' Leisure trip ', ' Solo traveler ', ' Double or Twin Room ', ' Stayed 1 night ', ' Submitted from a mobile device ']", The swimming pool is just ridiculous and soooo small In the picture it looks great but in real sorry that feels more like a joke , The location was good for me as there was a beach in about 10 15 minutes walk The breakfast was really good with various food and drink options,7.9,0
Twenty Nevern Square Hotel,London,7/2/2017, Tajikistan ,Unknown,"[' Solo traveler ', ' Small Double Room ', ' Stayed 1 night ']", Nothing, Very nice hotel staff helpful room comfortable despite their size ,9.2,0
Radisson Blu Edwardian Mercer Street,London,12/19/2016, United Kingdom ,Leisure,"[' Leisure trip ', ' Couple ', ' Superior Double or Twin Room ', ' Stayed 1 night ', ' Submitted from a mobile device ']", Pillows were too bulky for us ,No Positive,8.0,0
Hilton Diagonal Mar Barcelona,Barcelona,8/2/2017, United Kingdom ,Business,"[' Business trip ', ' Solo traveler ', ' King Room with Sea View ', ' Stayed 1 night ', ' Submitted from a mobile device ']", Gym was closed due to being refurbed that s the only downside to my stay at the HILTON, I liked the location staff cleanliness and food,8.8,0
NH Amsterdam Museum Quarter,Amsterdam,4/15/2017, Bermuda ,Leisure,"[' Leisure trip ', ' Solo traveler ', ' Superior Double Room ', ' Stayed 3 nights ']", CONFUSION AT PAYING THE BILL I WAS QUOTED A DAILY RATE BY BOOKING COM BUT AT CHECK OUT THE RECEPTION GAVE A HIGHER RATE FOR ONE DAY STATING THAT THEY CHARGE ACCORDING TO THE DAILY OCCUPANCY RATE AND SINCE ON THAT DAY THE OCCUPANCY WAS HIGHER I WAS TO BE CHARGED MORE THAN THE QUOTED RATE STRANGE FIRST TIME I HAVE ENCOUNTERED THAT MORES EARLY RESERVATIONS REDUNDANT BOOKING COM PLEASE INVESTIGATE , GREAT LOCATION 10 MINS WALK TO TWO GREAT RESTAURANTS IN AMSTERDAM RIJK BEHIND THE MUSEUM AND AUBERGE JEAN AND MARIE DIAGONALLY OVER THE CANAL ,7.9,0
Starhotels Tourist,Milan,11/25/2016, Denmark ,Business,"[' Business trip ', ' Group ', ' Classic Double or Twin Room ', ' Stayed 6 nights ']", Unfortunately the breakfast was not great at all Last year when I was there it was ok but its really gone down I ate a hand full of items the whole time I was there Next time I will book a room without breakfast and just eat at a bar since that turned out better , The location is fantastic in my point of view and for the purpose of my stay The rooms are big for their price and they are clean ,8.8,0
WestCord Fashion Hotel Amsterdam,Amsterdam,9/1/2015, United Kingdom ,Leisure,"[' Leisure trip ', ' Couple ', ' Large Twin Room ', ' Stayed 3 nights ']",No Negative, comfort friendliness of staff convenience of links to the city,10.0,0
Holiday Inn Paris Gare de l Est,Paris,2/14/2017, United States of America ,Leisure,"[' Leisure trip ', ' Family with young children ', ' Standard Double or Twin Room ', ' Stayed 2 nights ', ' Submitted from a mobile device ']", Room should have had an extra roll of toilet paper , Staff was very friendly and accommodating ,7.5,0
Hampshire Hotel Amsterdam American,Amsterdam,8/9/2015, South Africa ,Leisure,"[' Leisure trip ', ' Couple ', ' Classic Double Room ', ' Stayed 4 nights ', ' Submitted from a mobile device ']", Could do with anew firmer bed, Great location Great front desk staff very obliging and helpful Breakfast although pricey was really great ,9.2,0
The Trafalgar Hilton,London,7/11/2017, United Arab Emirates ,Leisure,"[' Leisure trip ', ' Couple ', ' Deluxe King Room ', ' Stayed 2 nights ', ' Submitted from a mobile device ']", Lobby under construction, The room size is spacious and bed was very comfortable Staff very helpful and friendly Great location right at Tafaglar square ,10.0,0
Ch teau Monfort Relais Ch teaux,Milan,4/19/2017, United States of America ,Leisure,"[' Leisure trip ', ' Family with young children ', ' Superior Double or Twin Room ', ' Stayed 3 nights ', ' Submitted from a mobile device ']",No Negative, Great spa,10.0,0
Hotel Louvre Montana,Paris,3/31/2016, United Kingdom ,Leisure,"[' Leisure trip ', ' Group ', ' Classic Double Room ', ' Stayed 2 nights ']", If i was being really picky a separate conditioner and body wash in the shower , Staff were lovely and helpful ,9.6,0
The Montcalm At Brewery London City,London,10/25/2015, United Kingdom ,Leisure,"[' Leisure trip ', ' Couple ', ' Deluxe Double Room ', ' Stayed 1 night ', ' Submitted from a mobile device ']", Would of liked breakfast to be included or cheaper x, The staff were wonderful Room beautiful x,9.6,0
Radisson Blu Edwardian New Providence Wharf,London,5/9/2016, United Kingdom ,Leisure,"[' Leisure trip ', ' Couple ', ' Superior King or Twin Room ', ' Stayed 1 night ']", Booked as it says it is 0 4 miles to the 02 but that is across water taxi cost 18 and took around 35 minutes , Staff were really nice helpful Hotel is furnished very well was very comfortable ,9.6,0
ME London by Melia,London,9/18/2015, United Kingdom ,Unknown,"[' Couple ', ' Deluxe Double Room ', ' Stayed 1 night ', ' Submitted from a mobile device ']", The corridors were extremely dark , The staff were brilliant The hotel was lovely The room was beautiful,7.5,0
Holiday Inn Amsterdam Arena Towers,Amsterdam,9/4/2016, Ireland ,Leisure,"[' Leisure trip ', ' Couple ', ' Executive Double Room ', ' Stayed 4 nights ', ' Submitted from a mobile device ']",No Negative, Loved it,7.9,0
Mercure Paris Montparnasse Raspail,Paris,5/11/2017, Australia ,Leisure,"[' Leisure trip ', ' Family with young children ', ' Standard Room With 2 Zip Beds ', ' Stayed 1 night ']", The website we got off at Gare Parnesse which the hotel website said it was close to and it was actually closer to another less well known Metro stop which meant a longer walk with luggage Getting a double bed when we booked a twin , The staff were helpful ,7.5,0
The Bloomsbury Hotel,London,11/15/2015, Netherlands ,Business,"[' Business trip ', ' Solo traveler ', ' Standard Double Room ', ' Stayed 2 nights ', ' Submitted from a mobile device ']",No Negative, Outstanding service attitude of all personnel high quality boutique,10.0,0
NH Milano Touring,Milan,11/22/2015, United Kingdom ,Leisure,"[' Leisure trip ', ' Family with older children ', ' Superior Double or Twin Room ', ' Stayed 2 nights ', ' Submitted from a mobile device ']", The wait at breakfast time , Particularly the location ,8.8,0
Holiday Inn London Regent s Park,London,5/15/2017, United Kingdom ,Leisure,"[' Leisure trip ', ' Group ', ' Double Room ', ' Stayed 1 night ', ' Submitted from a mobile device ']",No Negative, Good location clean hotel,9.6,0
Hotel Des Saints Peres Esprit de France,Paris,3/6/2017, Belgium ,Leisure,"[' Leisure trip ', ' Group ', ' Club Double Room ', ' Stayed 1 night ']", the lighting connections in the room are not very practical room 108 , The kindness of the staff the bed and the breakfast,8.8,0
LaGare Hotel Milano Centrale MGallery by Sofitel,Milan,7/2/2016, Sweden ,Business,"[' Business trip ', ' Solo traveler ', ' Superior Twin Room ', ' Stayed 1 night ']", that you need the key card for electricity and that it didn t always work I don t have time for errors when I m travelling for business, electric window curtins love,7.5,0
Grand Visconti Palace,Milan,8/29/2016, United States of America ,Leisure,"[' Leisure trip ', ' Couple ', ' Twin Room ', ' Stayed 1 night ']", Did not like added charges for pool jacuzzi jacuzzi water temp was luke warm NOT HOT photos of facility highlights pool area extra charge on arrival NOT GOOD, Facility is clean comfort roomy,9.2,0
Novotel London Wembley,London,7/7/2016, United Kingdom ,Leisure,"[' Leisure trip ', ' Family with older children ', ' Superior Twin Room ', ' Stayed 1 night ', ' Submitted from a mobile device ']", Not being able to order room service at 2pm, Fantastic stay,10.0,0
Shaftesbury Suites London Marble Arch,London,3/21/2016, Switzerland ,Leisure,"[' Leisure trip ', ' Solo traveler ', ' Deluxe Single Room ', ' Stayed 1 night ']",No Negative, Friendly and accomodating staff excellent breakfast good location great sound insulation in the room which is quite rare in the hotels nowadays ,9.6,0
Hotel Barcelona Catedral,Barcelona,10/20/2016, United Kingdom ,Leisure,"[' Leisure trip ', ' Couple ', ' Double or Twin Room 1 2 Adults ', ' Stayed 3 nights ', ' Submitted from a mobile device ']", Service in the bar was slow at times , Room was clean and comfortable Hotel was situated in a great and central location ,9.2,0
Barcel Sants,Barcelona,12/16/2015, Belgium ,Business,"[' Business trip ', ' Solo traveler ', ' Deluxe Double or Twin Room ', ' Stayed 3 nights ']", No proper sport facilities additional fee, Decor of the rooms is nice very bright and comfortable Good breakfast and convenient location ,8.3,0
St James Court A Taj Hotel London,London,1/17/2016, United Arab Emirates ,Leisure,"[' Leisure trip ', ' Solo traveler ', ' Classic Double Room ', ' Stayed 10 nights ']",No Negative, Best location very helpful staff and amazing food ,10.0,0
Corendon Vitality Hotel Amsterdam,Amsterdam,12/22/2016, Ireland ,Leisure,"[' Leisure trip ', ' Group ', ' Standard Twin Room ', ' Stayed 3 nights ']",No Negative, Bedrooms were small enough but beds were really comfortable and the hotel was lovely and quiet at night ensuring a great night s sleep really enjoyed the stay here ,8.3,0
Mondrian London,London,8/17/2016, United Kingdom ,Leisure,"[' Leisure trip ', ' Couple ', ' Studio ', ' Stayed 2 nights ']", Service charge included on all transactions even room service which has it s own delivery charge No hot drinks facilities available in the room tea coffee Shower drain blocked hair on arrival causing flood in bathroom area requiring attention by maintenance team No shower door latch mechanism to stop it creeping open causing water to migrate outside the shower area , Large airy room Very comfortable bed,8.8,0
Hyatt Regency Paris Etoile,Paris,6/1/2016, United States of America ,Leisure,"[' Leisure trip ', ' Couple ', ' Club King Room ', ' Stayed 2 nights ', ' Submitted from a mobile device ']", Facilities could use updating , Nice breakfast buffet Staff was helpful ,9.2,0
H tel Aiglon Esprit de France,Paris,5/3/2016, United Kingdom ,Leisure,"[' Leisure trip ', ' Couple ', ' Superior Double Room ', ' Stayed 2 nights ', ' Submitted from a mobile device ']",No Negative, Luxurious bedding bath robes and slippers Beautiful and well equipped bedroom ,10.0,0
H10 Urquinaona Plaza,Barcelona,1/27/2017, Israel ,Leisure,"[' Leisure trip ', ' Couple ', ' Double Room ', ' Stayed 3 nights ', ' Submitted from a mobile device ']",No Negative, Great hospitality with friendly staff Rooms were great We were upgraded to a larger room which was amazing,10.0,0
Hotel Le Squara,Paris,4/23/2017, Canada ,Leisure,"[' Leisure trip ', ' Couple ', ' Classic Double Room ', ' Stayed 3 nights ']", Nothing pops to mind to complain about , The location is convenient a few steps to the Metro station and to a Hop On Hop off bus stop Easy walking distance to restaurants cafes entertainment Room was quite quiet Room was not overly large but this is to be expected in much of Europe It was clean and stylish and well maintained ,8.8,0
Threadneedles Autograph Collection,London,6/21/2016, United Kingdom ,Leisure,"[' Leisure trip ', ' Couple ', ' Queen Room ', ' Stayed 2 nights ', ' Submitted from a mobile device ']",No Negative, The room was well equipped and very comfortable Lovely to see some of the original features A lovely reception area with a peaceful setting ,9.6,0
La Maison Favart,Paris,12/18/2016, Saudi Arabia ,Business,"[' Business trip ', ' Solo traveler ', ' Deluxe Double Room ', ' Stayed 2 nights ']",No Negative, All The Hotel Staff 100 The Manger Of The Hotel He is Honest Man 100 ,10.0,0
Hallmark Hotel London Chigwell Prince Regent,London,9/6/2016, Israel ,Leisure,"[' Leisure trip ', ' Couple ', ' Superior Double Room ', ' Stayed 7 nights ']", No air conditioning, Bed very comfortable breakfast good ,7.9,0
Mercure Hotel Amsterdam City South,Amsterdam,1/12/2016, United Kingdom ,Leisure,"[' Leisure trip ', ' Couple ', ' Business Double Room ', ' Stayed 2 nights ', ' Submitted from a mobile device ']", Nothing hotel was abs perfect Fifteen mins on metro to centraal Last metro back of a night was just after twelve so be careful Taxi bk from central was 25 Taxi from airport was 45, The huuuuuge bed an really helpful staff,10.0,0
Hotel Okura Amsterdam,Amsterdam,11/2/2016, United Kingdom ,Leisure,"[' Leisure trip ', ' Couple ', ' Special Offer Executive Double Twin Room with Access to Nagomi Health ', ' Stayed 3 nights ', ' Submitted from a mobile device ']", No complaints at all Everything was perfect , Beautiful hotel with excellent facilities Very clean and high standard of service Food in the Serre restaurant was fabulous Spotlessly clean and well kept All staff very friendly and helpful ,10.0,0
Park Plaza Victoria Amsterdam,Amsterdam,5/10/2016, United States of America ,Leisure,"[' Leisure trip ', ' Couple ', ' Executive King Room ', ' Stayed 1 night ']", The hotel ran a little late with our room readiness eg check in time but they did work to expedite the turn over and did offer some unsolicited amends to our delay , Friendliness of the staff and willingness to help problem solve ,8.8,0
Blakemore Hyde Park,London,9/28/2016, Pakistan ,Business,"[' Business trip ', ' Solo traveler ', ' Club Single Room ', ' Stayed 4 nights ', ' Submitted from a mobile device ']", Hidden charges Breakfast was included in room charges but continental only and everything was not included for which have to pay more , Property is very good Everything s new Location is bit away from Paddington ,7.9,0
Radisson Blu Portman Hotel London,London,4/27/2017, Kuwait ,Business,"[' Business trip ', ' Group ', ' Junior Suite ', ' Stayed 5 nights ', ' Submitted from a mobile device ']", Nothing, Everything,7.5,0
Park Plaza Westminster Bridge London,London,12/26/2015, United Kingdom ,Leisure,"[' Leisure trip ', ' Couple ', ' Superior Double Room with Internal View ', ' Stayed 1 night ']",No Negative, can t believe such a beautiful hotel in west london for under 140 a night stay here time time,9.6,0
Room Mate Aitana,Amsterdam,8/18/2016, Italy ,Leisure,"[' Leisure trip ', ' Family with older children ', ' Queen or Two Double Beds Room ', ' Stayed 4 nights ', ' Submitted from a mobile device ']",No Negative, Great location great Staff,10.0,0
Radisson Blu Hotel Amsterdam,Amsterdam,11/10/2015, United Kingdom ,Leisure,"[' Leisure trip ', ' Couple ', ' Standard Double or Twin Room ', ' Stayed 3 nights ']", The hotel bar was nice however it was very expensive and that is why no one really used it if the prices were lower people would use it I think, The staff was very friendly and the breakfast was good,7.9,0
H tel Lancaster Paris Champs Elys es,Paris,3/17/2016, United Kingdom ,Leisure,"[' Leisure trip ', ' Couple ', ' Deluxe Suite ', ' Stayed 4 nights ']", Breakfast was average poorly cooked eggs bit cold and not great for the money , Beautiful hotel with excellent old fashioned service with a smile Stunning suite with beautiful understated decor very spacious ,9.6,0
Hotel Bellevue Wien,Vienna,1/18/2017, Italy ,Leisure,"[' Leisure trip ', ' Family with young children ', ' Standard Double Room ', ' Stayed 9 nights ']", Too hot in the room, All good holidays,7.5,0
Crowne Plaza London Docklands,London,11/4/2016, United Kingdom ,Leisure,"[' Leisure trip ', ' Couple ', ' Standard Double or Twin Room ', ' Stayed 2 nights ', ' Submitted from a mobile device ']", No towel rails in bathrooms, Quiet rooms and cleanliness,10.0,0
De Vere Devonport House,London,1/5/2016, United Kingdom ,Leisure,"[' Leisure trip ', ' Couple ', ' Double Room ', ' Stayed 2 nights ', ' Submitted from a mobile device ']",No Negative, A bigger room and bathroom needed refining,7.1,0
Bilderberg Garden Hotel,Amsterdam,10/5/2016, United Kingdom ,Leisure,"[' Leisure trip ', ' Couple ', ' Executive Double or Twin Room ', ' Stayed 3 nights ']", a bit out of the way from town centre Afraid the bathroom lets it down chips on the bath loose point under the sink mould on plastic strip on shower screen cracked floor tiles Heating difficult to operate , lovely hotel very comfortable,7.5,0
Ilunion Barcelona,Barcelona,12/4/2016, Macedonia ,Business,"[' Business trip ', ' Solo traveler ', ' Double or Twin Room ', ' Stayed 3 nights ', ' Submitted from a mobile device ']",No Negative, Everything,7.5,0
Andaz Amsterdam Prinsengracht A Hyatt Hotel,Amsterdam,7/24/2017, United States of America ,Leisure,"[' Leisure trip ', ' Couple ', ' Garden View Queen ', ' Stayed 1 night ', ' Submitted from a mobile device ']", I loved everything The only thing I didnt care for was at check out I asked to call a specific cab company as they said a return trip would be 25 vs 45 Euro The staff member who was very nice said she could call another one and they ll all be he same price Well it wasn t It was 45 Euro So that was annoying but I am not going to downgrade the wonderful experience we had over 20 Euro , The hotel has a beautiful modern design and is centrally located which allows you the ability to truly just roam during your stay The staff were very accommodating and extremely nice Breakfast was very good and it is a short taxi or train ride to the hotel from the airport ,9.6,0
Club Quarters Hotel Trafalgar Square,London,10/3/2015, United Kingdom ,Leisure,"[' Leisure trip ', ' Family with older children ', ' Superior Queen Room ', ' Stayed 3 nights ', ' Submitted from a mobile device ']", 24 Delay in getting extra pillows after being requested,No Positive,10.0,0
DoubleTree by Hilton London Docklands Riverside,London,12/19/2016, United Kingdom ,Leisure,"[' Leisure trip ', ' Group ', ' Twin Guest Room ', ' Stayed 1 night ']", The location it was either by ferry or a taxi which in our case was expensive , The staff were the best ever they could not do enough for you The breakfast was amazing ,9.2,0
Nhow Milan,Milan,10/27/2015, Hungary ,Leisure,"[' Leisure trip ', ' Couple ', ' Standard Double or Twin Room ', ' Stayed 3 nights ']", too small room small bed a bit worn furniture very overpriced, Cool design good staff exciting neighborhood,7.5,0
Strand Palace Hotel,London,1/10/2017, United Kingdom ,Leisure,"[' Leisure trip ', ' Group ', ' Standard Twin Room ', ' Stayed 3 nights ']",No Negative, The beds were extremely comfortable We had to ask for face cloths and a light bulb to be replaced but everything else in our room was just what we wanted needed The concierge was extremely helpful in booking theatres and a car to Heathrow,10.0,0
Petit Palace Museum,Barcelona,1/5/2017, United States of America ,Leisure,"[' Leisure trip ', ' Couple ', ' 2 rooms ', ' Stayed 2 nights ', ' Submitted from a mobile device ']", I paid for a romantic package and while we got the room we paid for the package we also paid for came with a bottle of champagne and that was never ever delivered , Location was great Breakfast was amazing The room was great too Loved the balconys ,9.6,0
London Marriott Maida Vale,London,8/23/2016, United Kingdom ,Leisure,"[' Leisure trip ', ' Couple ', ' Deluxe King Room ', ' Stayed 1 night ', ' Submitted from a mobile device ']",No Negative, Spacious room with comfortable bed Hotel well located near tube and good restaurants and local area with lots to see within walking distance ,8.8,0
The Chess Hotel,Paris,7/30/2017, Singapore ,Business,"[' Business trip ', ' Solo traveler ', ' Superior Double or Twin Room ', ' Stayed 3 nights ']",No Negative, Attentive staff clean room comfortable bed excellent location,10.0,0
Catalonia Catedral,Barcelona,7/2/2017, United Kingdom ,Leisure,"[' Leisure trip ', ' Solo traveler ', ' Superior Double or Twin Room ', ' Stayed 3 nights ', ' Submitted from a mobile device ']", No night time room service for drinks, Location and pool Great staff too ,8.3,0
The Grosvenor,London,10/14/2015, Argentina ,Leisure,"[' Leisure trip ', ' Group ', ' Executive King Room ', ' Stayed 1 night ', ' Submitted from a mobile device ']", Ir was impersonal, Ir was ok,7.5,0
NH Barcelona Stadium,Barcelona,6/25/2016, United Kingdom ,Leisure,"[' Leisure trip ', ' Solo traveler ', ' Standard Single Room ', ' Stayed 1 night ', ' Submitted from a mobile device ']", The location was a little noisy as next to a main road but this is expected in a city centre , Overall very satisfied adequate for a short stay ,9.6,0
Holiday Inn London Whitechapel,London,1/21/2017, United Kingdom ,Business,"[' Business trip ', ' Solo traveler ', ' Double Room ', ' Stayed 1 night ', ' Submitted from a mobile device ']",No Negative, Location and cleanliness,9.6,0
Rydges Kensington Hotel,London,12/7/2016, United Kingdom ,Business,"[' Business trip ', ' Couple ', ' Standard Queen Room ', ' Stayed 1 night ']", Being asked for 50 deposit for mini bar Minimum room temperature a little too warm , Very clean and comfortable Good continental breakfast Room bed size good bathroom excellent Quiet room at the back ,9.2,0
Club Quarters Hotel St Paul s,London,8/24/2015, United Kingdom ,Leisure,"[' Leisure trip ', ' Couple ', ' Standard Queen Room ', ' Stayed 2 nights ', ' Submitted from a mobile device ']", Nothing all good although I do agree with previous reviews the hotel may require upgrade in the near future, Excellent location Free bottled water is a nice idea We found the rooms to be quiet on the whole apart from the odd door shutting nearby,8.8,0
The Belgrave Hotel,London,12/29/2016, Jersey ,Leisure,"[' Leisure trip ', ' Couple ', ' Executive Double Room ', ' Stayed 1 night ']", Didn t like our room location on the ground floor , The hotel had a lovely feel to it ,8.8,0
Hotel Serhs Rivoli Rambla,Barcelona,4/5/2017, Israel ,Leisure,"[' Leisure trip ', ' Couple ', ' Small Double Room ', ' Stayed 3 nights ']", breakfast was medium, Nice room with nice view Clean and tidy,9.2,0
Hotel Mercure La Sorbonne Saint Germain des Pr s,Paris,8/30/2016, United Kingdom ,Leisure,"[' Leisure trip ', ' Couple ', ' Standard Double Room ', ' Stayed 3 nights ', ' Submitted from a mobile device ']", Quantity of breakfast ran out quicker than replenished , Beds are fabulous Good breakfast selection ,10.0,0
Copthorne Tara Hotel London Kensington,London,10/20/2015, United Kingdom ,Leisure,"[' Leisure trip ', ' Family with older children ', ' Superior Double Room ', ' Stayed 1 night ', ' Submitted from a mobile device ']", There was an obnoxious odor on the approach road to the hotel , Located close to Tube station shops ,7.5,0
New Linden Hotel,London,8/2/2016, United States of America ,Leisure,"[' Leisure trip ', ' Family with young children ', ' Standard Quad Room ', ' Stayed 2 nights ', ' Submitted from a mobile device ']", The standard twin room is really small , We stayed in two different rooms because we we had another person join us later in our trip The first room was a basic room with two twin beds put together It was small as expected in Europe The second room was a family suite room and it was amazing I loved it Spacious and beautiful I wanted to stay there much longer just to enjoy the room Staff was very friendly and so helpful with all kinds of information to make our stay in London wonderful ,9.2,0
Radisson Blu Edwardian Grafton,London,4/16/2016, Finland ,Leisure,"[' Leisure trip ', ' Group ', ' Standard Double or Twin Room ', ' Stayed 2 nights ']", Rooms are still small but I think it is as anywhere in London , Everything was outstanding in general Staff was very helpful and attentive Truly English breakfast plus fresh juices made the day The location is perfect ,9.2,0
Mercure Amsterdam Sloterdijk Station,Amsterdam,8/14/2016, United Kingdom ,Leisure,"[' Leisure trip ', ' Group ', ' Standard Twin Room ', ' Stayed 2 nights ', ' Submitted from a mobile device ']",No Negative, Really lovely staff and beautiful room,10.0,0
WestCord Fashion Hotel Amsterdam,Amsterdam,2/16/2016, United Kingdom ,Leisure,"[' Leisure trip ', ' Couple ', ' Large Double Room ', ' Stayed 4 nights ', ' Submitted from a mobile device ']", Just needed clean bedding, Comfy bed,7.1,0
The Queens Gate Hotel,London,12/1/2015, United Kingdom ,Leisure,"[' Leisure trip ', ' Couple ', ' Standard Queen Room ', ' Stayed 1 night ']", No restaurant as such though bar meals are available and not many other eating places nearby , Very close to the Albert Hall where we were attending a concert Nice neighbourhood and within walking distance of underground and bus stop 10 mins Comfortable warm room with tea coffee minibar Really good buffet breakfast Barman was exceptionally helpful Reasonable price for London ,8.3,0
Milestone Hotel Kensington,London,2/4/2017, United States of America ,Leisure,"[' Leisure trip ', ' Solo traveler ', ' Superior Queen Room ', ' Stayed 2 nights ', ' Submitted from a mobile device ']",No Negative, Staff,9.6,0
DO CO Hotel Vienna,Vienna,12/31/2016, Israel ,Leisure,"[' Leisure trip ', ' Couple ', ' Double Room with City View ', ' Stayed 3 nights ', ' Submitted from a mobile device ']", Uncomfortable beds , Excellent location very good breakfast nice staff ,9.6,0
Blakemore Hyde Park,London,5/31/2017, United Kingdom ,Leisure,"[' Leisure trip ', ' Couple ', ' Club Double Room ', ' Stayed 2 nights ']", There is nothing that I did not like about the hotel , The hotel is in a beautiful area beside Hyde Park and very easily accessible from the Tube or taxis Inside the hotel itself is decorated beautifully and in my experience the staff were extremely helpful chatty and pleasant Also when we arrived they upgraded us to a junior suite which we both thought was a lovely gesture We did not eat in the hotel but I ordered room service on one of the nights I was quite tipsy and got peckish I ordered a margarita pizza which was really nice and the lady I was speaking to about where I was going to after my stay there was really friendly and wished me well for my further travels I was going to Bali the next morning and had to come to London to fly there I would definitely recommend this hotel both for the area the aesthetics of the place the staff and the value for money I will be back to stay ,10.0,0
UNA Hotel Scandinavia,Milan,6/15/2016, Romania ,Leisure,"[' Leisure trip ', ' Couple ', ' Classic Double Room ', ' Stayed 2 nights ', ' Submitted from a mobile device ']", , Very good breakfast big and confortable bed and close to the subway,10.0,0
My Bloomsbury,London,9/22/2015, Bahrain ,Leisure,"[' Leisure trip ', ' Solo traveler ', ' Single Room ', ' Stayed 2 nights ', ' Submitted from a mobile device ']", room too small, Location,7.1,0
The Bailey s Hotel London,London,5/8/2016, United Kingdom ,Leisure,"[' Leisure trip ', ' Solo traveler ', ' Classic Single Room ', ' Stayed 1 night ']", Need to be able to open the window with ease , Best location for me to walk everywhere and meet friends go shopping near great restaurants ,10.0,0
Newhotel Roblin,Paris,4/6/2017, Latvia ,Leisure,"[' Leisure trip ', ' Family with young children ', ' Standard Room ', ' Stayed 4 nights ']", The mattresses were quite worn The hotel in general didn t look quite as nice as in the photos A bit old and shabby Definitely not a new renovation , Excellent location Madeliene district Very close to the best shopping in Paris Laffayette Pritemps etc All the major shopping stores Very close to the opera Also relatively close to the park and Louvre museum ,7.9,0
Hotel SB Icaria Barcelona,Barcelona,9/15/2015, United Kingdom ,Leisure,"[' Leisure trip ', ' Couple ', ' Double or Twin Room ', ' Stayed 1 night ', ' Submitted from a mobile device ']", Nothing, A lovely hotel friendly helpful staff The dining was good menu waiters were excellent ,10.0,0
Villa Panth on,Paris,8/27/2016, United States of America ,Leisure,"[' Leisure trip ', ' Couple ', ' Superior Double or Twin Room ', ' Stayed 3 nights ']",No Negative, Loved the top floor room with a view of the Pantheon Staff was very friendly and helpful Thank you ,10.0,0
citizenM Tower of London,London,8/3/2017, Australia ,Leisure,"[' Leisure trip ', ' Couple ', ' Double Room ', ' Stayed 2 nights ']", the room was a smaller than i thought it would be, location and view From my bedroom window I could see the Tower of London like a watching movie from the front row of the theatre amazing and memorable view of London The hotel lobby was an open space where many people are using as a meeting place It was a different innovative style of running hotel and i enjoyed it ,8.8,0
Palazzo Parigi Hotel Grand Spa Milano,Milan,4/15/2017, Switzerland ,Business,"[' Business trip ', ' Solo traveler ', ' Classic Double Room ', ' Stayed 1 night ', ' Submitted from a mobile device ']",No Negative, Everything excellent ,10.0,0
InterContinental London Park Lane,London,3/10/2016, Saudi Arabia ,Unknown,"[' Group ', ' Classic Double or Twin Room ', ' Stayed 2 nights ', ' Submitted from a mobile device ']", price, location clean nice people,7.1,0
Pestana Chelsea Bridge Hotel Spa,London,10/30/2016, United Kingdom ,Leisure,"[' Leisure trip ', ' Couple ', ' Deluxe King Room ', ' Stayed 1 night ']", Restaurant staff were quite idle a little off putting trying to eat when you feel you are being watched, Very comfortable bed loved the swimming facilities on the lower ground,9.2,0
UNA Maison Milano,Milan,8/12/2016, Australia ,Leisure,"[' Leisure trip ', ' Couple ', ' Executive Double Room ', ' Stayed 2 nights ']",No Negative, staf very friendly and helpful great location,9.2,0
Bcn Urban Hotels Gran Rosellon,Barcelona,4/1/2017, Taiwan ,Business,"[' Business trip ', ' Group ', ' Economy Double Room ', ' Stayed 3 nights ']", Sound insulation is not good, Good location nice wifi and inside is clean,7.9,0
Vincci Mae,Barcelona,7/27/2017, United Kingdom ,Unknown,"[' Couple ', ' Premium Double Room with Views ', ' Stayed 1 night ', ' Submitted from a mobile device ']", Would be nice to have more tea coffee milk supplied in the room I do like a few cups of coffee to drink , The bed and pillows were so comfy All the little extras supplied in the bathroom Everything so clean Nice bar and restaurant on the 9th floor with lovely seating area on outside terrace The staff are so friendly and helpful Have stayed there three separate times look forward to returning ,10.0,0
Andreola Central Hotel,Milan,1/5/2017, United States of America ,Leisure,"[' Leisure trip ', ' Couple ', ' Superior Double Room ', ' Stayed 1 night ', ' Submitted from a mobile device ']", Not the best neighborhood to see Milan s attractions , Spacious room Convenient location for quick travel in out of Malpensa via the train ,9.2,0
Innkeeper s Lodge London Greenwich,London,6/22/2016, United Kingdom ,Leisure,"[' Leisure trip ', ' Couple ', ' Standard Double Room ', ' Stayed 1 night ', ' Submitted from a mobile device ']",No Negative, Breakfast was great pair extra for a cooked breakfast and was well worth it Brilliant room brilliant location all in all we had a brilliant stay,10.0,0
Sofitel Paris Arc De Triomphe,Paris,11/19/2015, United Kingdom ,Business,"[' Business trip ', ' Solo traveler ', ' Superior Queen Room ', ' Stayed 3 nights ']",No Negative, Fantasic hotel great location and staff were really friendly and went out of their way to help when I left some shirts in the hotel room after I had checked out Will definitely return ,10.0,0
The Principal London,London,1/3/2016, Italy ,Leisure,"[' Leisure trip ', ' Couple ', ' Double Room ', ' Stayed 1 night ', ' Submitted from a mobile device ']", The bathroom was too small and needs a renovation, Central position very close to tube station Elegant building in a quiet area Good breakfast,7.1,0
Grange Tower Bridge Hotel,London,6/12/2017, United Kingdom ,Leisure,"[' Leisure trip ', ' Couple ', ' Superior Double Room ', ' Stayed 1 night ', ' Submitted from a mobile device ']", Breakfast was expensive , Had all requests made It was very quiet no one being noisey in the corridors,9.2,0
H tel California Champs Elys es,Paris,8/31/2015, United Arab Emirates ,Leisure,"[' Leisure trip ', ' Family with young children ', ' Deluxe Double Room ', ' Stayed 3 nights ', ' Submitted from a mobile device ']", Limited food choices Not family friendly , Location Clean Room decoration ,7.5,0
Club Quarters Hotel Lincoln s Inn Fields,London,1/1/2016, United States of America ,Leisure,"[' Leisure trip ', ' Solo traveler ', ' Standard Queen Room ', ' Stayed 2 nights ']", Printed booking from Booking com has small map and no tube information Set off into London without knowing where I was going which is disconcerting , Great location quiet but close to attractions Great room for the price ,10.0,0
Britannia International Hotel Canary Wharf,London,8/26/2015, United Kingdom ,Leisure,"[' Leisure trip ', ' Couple ', ' Standard Double Room ', ' Stayed 3 nights ']", 1 This is our 4th visit to the hotel and fourth room occupied so I can confirm that the so called air con is in fact either a air circulation system and not air con as advertised or it is simply broken as none of the rooms have cooled below the hotel ambient temperature which on this visit was 24 degrees , hotel was quiet at night,7.1,0
Mercure Paris Gare De Lyon TGV,Paris,5/17/2016, Australia ,Leisure,"[' Leisure trip ', ' Couple ', ' Standard Twin Room ', ' Stayed 1 night ']", Please supply china cups for coffee and tea paper cups are a no no , Friendly staff breakfast good selection available Location excellent for travelers on TGV and Metro ,8.3,0
Schlosshotel R mischer Kaiser,Vienna,8/25/2016, Ireland ,Leisure,"[' Leisure trip ', ' Family with older children ', ' Classic Double or Twin Room ', ' Stayed 3 nights ']", Cannot think of anything , Friendly and professional staff ,10.0,0
Grange Clarendon Hotel,London,11/4/2015, United Kingdom ,Leisure,"[' Leisure trip ', ' Couple ', ' Double Room ', ' Stayed 1 night ', ' Submitted from a mobile device ']",No Negative, The room and breakfast were very very good,10.0,0
LaGare Hotel Milano Centrale MGallery by Sofitel,Milan,8/31/2015, Belgium ,Leisure,"[' Leisure trip ', ' Couple ', ' Superior Twin Room ', ' Stayed 4 nights ']",No Negative, Staff location,8.8,0
Le Meurice,Paris,5/3/2016, Madagascar ,Leisure,"[' Leisure trip ', ' Solo traveler ', ' Junior Suite ', ' Stayed 5 nights ', ' Submitted from a mobile device ']",No Negative, Amazing food,9.6,0
Austria Trend Hotel Savoyen Vienna,Vienna,10/1/2016, Sweden ,Leisure,"[' Leisure trip ', ' Group ', ' Executive Room ', ' Stayed 6 nights ', ' Submitted from a mobile device ']", A small suggestion Breakfast at Executive Lounge should be just a little better taking care of Have a person there all the time and match at least the breakfast offer from the first floor , This is a truly great hotel It has everything you might want or need from a 4 or 5 stars hotel At a resonable price I m not saying low price because Vienna is not cheap when it comes to finding a central good hotel besides the general trend of greed in the hotel business But the people at this hotel succeds everytime it was our 4th or 5th staying here in giving us the feeling that they really give back or at least offer their best service for the charge Thank you guys See you soon ,10.0,0
Pulitzer Amsterdam,Amsterdam,4/2/2017, United Kingdom ,Leisure,"[' Leisure trip ', ' Couple ', ' Deluxe King Room ', ' Stayed 2 nights ']", Nothing it was all great, The staff were the most helpful we have come across and the rooms where beautiful fabulous place to stay,10.0,0
Mercure Hotel Amsterdam City South,Amsterdam,8/16/2016, United Kingdom ,Leisure,"[' Leisure trip ', ' Group ', ' Classic Double Room ', ' Stayed 3 nights ', ' Submitted from a mobile device ']", Location was a bit far, Liked the room,8.8,0
Club Quarters Hotel Trafalgar Square,London,7/20/2016, United States of America ,Business,"[' Business trip ', ' Solo traveler ', ' Small Queen Room ', ' Stayed 1 night ']", The room was small , Didn t get the chance to eat at the hotel ,8.3,0
Colombia,Milan,6/6/2016, Thailand ,Leisure,"[' Leisure trip ', ' Couple ', ' Double Room ', ' Stayed 1 night ']", If the room price included breakfast it will be okay , Very convenience to walk to Milan Central station 3 5 minutes Clean room and comfortable bed ,9.6,0
H tel Saint Marc,Paris,7/12/2016, France ,Leisure,"[' Leisure trip ', ' Couple ', ' Executive Room Swimming Pool Hammam Access upon reservation ', ' Stayed 3 nights ', ' Submitted from a mobile device ']", Small window looking over garden which is concrete Bath room door broken kettle broken TV remote broken but these were fixed immediately on request It s a nice enough hotel but i didn t feel it was fabulous as many of the reviews here say , Large and comfortable rooms Clean with nice design Buffet breakfast good Staff very helpful ,7.9,0
Apex Temple Court Hotel,London,5/31/2016, United Kingdom ,Leisure,"[' Leisure trip ', ' Couple ', ' City Twin Room ', ' Stayed 1 night ', ' Submitted from a mobile device ']",No Negative, Clean comfy room Staff so kind and efficient Loved the location we had a family lunch that was enjoyed by everybody ,10.0,0
every hotel Piccadilly,London,10/28/2016, United Kingdom ,Leisure,"[' Leisure trip ', ' Couple ', ' Standard Double Room ', ' Stayed 1 night ', ' Submitted from a mobile device ']",No Negative, All of it,10.0,0
Silken Gran Hotel Havana,Barcelona,7/19/2017, United Kingdom ,Leisure,"[' Leisure trip ', ' Group ', ' Comfort Double or Twin Room 1 2 Adults ', ' Stayed 3 nights ', ' Submitted from a mobile device ']", That we couldn t use the pool area as always full So few sunbeds and always occupied we were very disappointed , Beds divine breakfast 5 star standard including champagne Pool area beautiful though impossible to get a sunbed as only about 12 Staff fabulous nothing too much trouble Brilliant location ,9.6,0
NH Amsterdam Centre,Amsterdam,9/4/2016, United Kingdom ,Business,"[' Business trip ', ' Group ', ' Standard Double or Twin Room ', ' Stayed 1 night ', ' Submitted from a mobile device ']", Poor wifi noisy rooms in the front of the bulildingc, Location,7.1,0
Hotel SB Icaria Barcelona,Barcelona,10/3/2016, Spain ,Unknown,"[' Family with young children ', ' Triple Room ', ' Stayed 2 nights ']", breakfast not very good, the swimming pool,8.3,0
H tel Hor,Paris,8/2/2016, Netherlands ,Leisure,"[' Leisure trip ', ' Couple ', ' Classic Double Room ', ' Stayed 1 night ', ' Submitted from a mobile device ']",No Negative, Great location 2 min walk from Gare du NORD ,8.8,0
Sofitel Paris Le Faubourg,Paris,2/7/2017, United Kingdom ,Leisure,"[' Leisure trip ', ' Couple ', ' Junior Suite ', ' Stayed 2 nights ']",No Negative, Everything was excellent Staff extremely friendly and service orientated Wish we could get the same everywhere ,10.0,0
The Park Grand London Paddington,London,8/2/2017, United Arab Emirates ,Leisure,"[' Leisure trip ', ' Family with young children ', ' Deluxe Twin Room ', ' Stayed 5 nights ', ' Submitted from a mobile device ']", The stairs to and fro from room 333, The friendly staff,8.3,0
Attica 21 Barcelona Mar,Barcelona,6/18/2017, United Kingdom ,Leisure,"[' Leisure trip ', ' Group ', ' Double or Twin Room ', ' Stayed 4 nights ', ' Submitted from a mobile device ']", The location was a little bit out of the way in terms of Barcelona city centre which was slightly misleading from the Booking com description It wasn t even on our guide book map Saying that it took about half an hour by tube to get into the city so it wasn t major , The room was lovely and the cleaners were very good The hotel pool was great and was extremely relaxing although towards the end of visit when it was the weekend it would have been better to fit in more sun beds Extremely pleasant and relaxing stay,9.2,0
DoubleTree by Hilton Hotel London Tower of London,London,9/30/2015, Australia ,Leisure,"[' Leisure trip ', ' Couple ', ' Twin Room ', ' Stayed 5 nights ', ' Submitted from a mobile device ']", Sometimes you needed to wait for quite a while for guest services , The staff were very helpful but very busy ,8.8,0
Rubens At The Palace,London,3/27/2017, United Kingdom ,Leisure,"[' Leisure trip ', ' Couple ', ' Royal Mews View King Room ', ' Stayed 1 night ', ' Submitted from a mobile device ']", Nothing, The traditional style elegance of the hotel made it even more special an occasion as it was my birthday,10.0,0
Park Plaza London Riverbank,London,8/11/2016, United Kingdom ,Business,"[' Business trip ', ' Solo traveler ', ' Superior Double Room ', ' Stayed 2 nights ']", Wifi Lack of phone signal air conditioning Could not open window for fresh air even a tad , Breakfast,7.5,0
Holiday Inn London Stratford City,London,11/7/2016, United Kingdom ,Leisure,"[' Leisure trip ', ' Couple ', ' Queen Room Non Smoking ', ' Stayed 1 night ']", Room was very hot even though we didn t have the heating on , The bathroom and bedroom were lovely Breakfast was great Staff friendly Easy to get to central London on the underground which was just a few minutes walk away from the hotel Good parking nearby and didn t cost the earth ,7.9,0
The College Hotel,Amsterdam,3/11/2017, Ireland ,Leisure,"[' Leisure trip ', ' Group ', ' Superior Room ', ' Stayed 4 nights ', ' Submitted from a mobile device ']", Bedrooms dark pillows pretty awful Breakfast very expensive so we didn t have it , Helpful staff Lovely decor Good rooms public and bedrooms,7.5,0
The Queens Gate Hotel,London,6/22/2016, United States of America ,Leisure,"[' Leisure trip ', ' Family with older children ', ' Standard Triple Room ', ' Stayed 4 nights ', ' Submitted from a mobile device ']", Not a fault of the hotel we just never figured out how to take a shower without flooding the floor of the bathroom No shower curtain and only 1 short glass panel to keep water in ,No Positive,10.0,0
Kingsway Hall Hotel,London,9/2/2016, United Kingdom ,Leisure,"[' Leisure trip ', ' Couple ', ' Standard Double Room ', ' Stayed 2 nights ', ' Submitted from a mobile device ']",No Negative, The hotel is very well kept and our room was spacious clean and quiet Excellent location for the theatres ,9.2,0
DoubleTree By Hilton London Excel,London,4/25/2016, Ireland ,Leisure,"[' Leisure trip ', ' Family with young children ', ' Queen Guest Room ', ' Stayed 1 night ', ' Submitted from a mobile device ']", The food in the hotel , The location is right beside London Excel exhibition ,7.5,0
Holiday Inn London Wembley,London,4/19/2016, United Kingdom ,Leisure,"[' Leisure trip ', ' Solo traveler ', ' Queen Room ', ' Stayed 1 night ']", Quite a high bath grab rails on the bath but none on wall this would have increased my marking as the bath was a little slippy , Very helpful and friendly staff Room was very good The particular price competed well with the other hotels around the vicinity ,9.6,0
Hotel Marignan Champs Elys es,Paris,6/15/2017, Lebanon ,Business,"[' Business trip ', ' Solo traveler ', ' Premier Double Room ', ' Stayed 1 night ', ' Submitted from a mobile device ']", Nothing, All,10.0,0
Olivia Balmes Hotel,Barcelona,1/7/2016, United Kingdom ,Leisure,"[' Leisure trip ', ' Couple ', ' Superior Double or Twin Room ', ' Stayed 5 nights ']", Nothing really, The staff Very friendly courteous and could answer all questions about the area and the tourist sites,9.2,0
Best Western Premier Louvre Saint Honor ,Paris,6/9/2017, Italy ,Business,"[' Business trip ', ' Group ', ' Superior Double Room ', ' Stayed 1 night ']", Breakfast could have much more vegetables for vegetarian or vegan people Thanks, Location,9.6,0
The Premier Notting Hill,London,4/20/2017, United Kingdom ,Leisure,"[' Leisure trip ', ' Solo traveler ', ' Deluxe Single Room ', ' Stayed 1 night ', ' Submitted from a mobile device ']",No Negative, I just love it it s my third time staff are more than welcoming super clean amazing area quite thou it s close to everything,7.9,0
Mondrian London,London,1/12/2016, United Kingdom ,Leisure,"[' Leisure trip ', ' Couple ', ' Superior ', ' Stayed 1 night ', ' Submitted from a mobile device ']", How drunk I got in the cocktail bars, Loved everything lovely room cocktails bat awesome and brunch was delish,9.6,0
Royal Garden Hotel,London,4/26/2016, United Kingdom ,Leisure,"[' Leisure trip ', ' Family with older children ', ' Twin Room ', ' Stayed 3 nights ', ' Submitted from a mobile device ']", I dont like that they charge for wifi usage very expensive and i noticed breakfast was very expensive so we went else were each morning , All staff were very welcoming and would greet you at all times I loved that the room was serviced twice a day and room service was excellent ,10.0,0
DoubleTree by Hilton London Westminster,London,12/19/2016, United Kingdom ,Leisure,"[' Leisure trip ', ' Couple ', ' Twin Room ', ' Stayed 1 night ']", Taxi service out the front was un organised I asked the conciege what the system was was told first come first served However others out front were telling me you had to book to get one round here So despite going back to conciege not getting any professional or helpful response we walked out to the milbank road hailed one down Far more reliable than the conciege marks out of 10 zero i m afraid Waitress a little on slow on uptake when i had to ask for milk twice for our coffee tea Eventually after walking up down the restaurant another waitress sorted it out , The breakfast hot buffet was luke warm but the quality was good e g not your usual cheap sausages these had meat in them ,7.5,0
London Marriott Hotel Regents Park,London,5/4/2016, United Kingdom ,Leisure,"[' Leisure trip ', ' Family with older children ', ' Deluxe with Two Double Beds ', ' Stayed 1 night ', ' Submitted from a mobile device ']", We didn t have the breakfast because I thought it was too expensive and heating was too warm through the night , The beds were comfy the rooms were large the swimming pool was ideal ,9.2,0
Rosa Grand Milano Starhotels Collezione,Milan,10/13/2016, United States of America ,Leisure,"[' Leisure trip ', ' Couple ', ' Superior Double Room ', ' Stayed 2 nights ', ' Submitted from a mobile device ']",No Negative, bar lounge breakfast,10.0,0
Egerton House,London,3/12/2017, United Kingdom ,Leisure,"[' Leisure trip ', ' Couple ', ' Double Room ', ' Stayed 1 night ', ' Submitted from a mobile device ']",No Negative, Staff very friendly and polite Nothing was too much trouble Fantastic location Ditch using the underground and walk You see so much more ,10.0,0
Commodore Hotel,London,9/28/2015, United Kingdom ,Business,"[' Business trip ', ' Couple ', ' Double Room ', ' Stayed 7 nights ']", Our room could have done with a bit of a refurb, I like the hotel which is in a great location and has a nice old fashioned welcome,7.9,0
DoubleTree by Hilton London West End,London,8/10/2016, United Kingdom ,Leisure,"[' Leisure trip ', ' Couple ', ' Double Room ', ' Stayed 1 night ']", Cold plates and warm breakfast rather than hot, Friendlyness of staff location,10.0,0
Sofitel Paris Arc De Triomphe,Paris,4/6/2016, United Kingdom ,Leisure,"[' Leisure trip ', ' Couple ', ' Superior Queen Room ', ' Stayed 3 nights ', ' Submitted from a mobile device ']", That you had to pay to get TV channels other than French ones, Room was well equipped comfortable,9.2,0
H tel D Aubusson,Paris,5/12/2016, United States of America ,Business,"[' Business trip ', ' Solo traveler ', ' Superior Double Room ', ' Stayed 1 night ', ' Submitted from a mobile device ']",No Negative, Epic hotel Perfect staff amazing rooms and fantastic location Could not be more perfect ,10.0,0
Hotel Lam e,Vienna,6/5/2016, Israel ,Leisure,"[' Leisure trip ', ' Couple ', ' Superior Double Room ', ' Stayed 2 nights ', ' Submitted from a mobile device ']", poor breakfast small reception, big and very comfortable room central place in viena close to every thing,9.2,0
Austria Trend Hotel Savoyen Vienna,Vienna,12/2/2015, United States of America ,Leisure,"[' Leisure trip ', ' Couple ', ' Executive Room ', ' Stayed 4 nights ']",No Negative, Everything is perfection excellent customer services location,10.0,0
Pullman London St Pancras,London,4/26/2016, Belgium ,Leisure,"[' Leisure trip ', ' Solo traveler ', ' Classic King Room ', ' Stayed 1 night ']",No Negative, very comfortable bed great shower staff extremely friendly and helpful really good breakfast perfect location for the Eurostar ,9.2,0
Rydges Kensington Hotel,London,8/28/2016, United Kingdom ,Leisure,"[' Leisure trip ', ' Family with older children ', ' One Bedroom King Suite with Sofa Bed ', ' Stayed 1 night ', ' Submitted from a mobile device ']", We booked a room for 4 but there were only 2 mugs for hot drinks and only enough towels for two people We asked for more towels but they never arrived,No Positive,7.9,0
Hotel de France Wien,Vienna,9/15/2015, United States of America ,Leisure,"[' Leisure trip ', ' Couple ', ' Superior Double Room ', ' Stayed 4 nights ', ' Submitted from a mobile device ']", The bathroom was very small and the bed was quite hard , Our room was very nice size and the location great The breakfast had really good variety ,8.8,0
Pullman Paris Centre Bercy,Paris,8/15/2016, Colombia ,Leisure,"[' Leisure trip ', ' Family with young children ', ' Superior Room with 1 Double Bed and 1 Single Bed ', ' Stayed 3 nights ', ' Submitted from a mobile device ']",No Negative, The hotel is perfect ejem you trav s with kids,10.0,0
Hotel degli Arcimboldi,Milan,12/15/2015, Romania ,Leisure,"[' Leisure trip ', ' Family with young children ', ' Triple Room ', ' Stayed 3 nights ']", nothing to complain about, it is a little bit far from the city center but you can arrive easy there taking 2 metro lines around 30 minutes of total time moving with 2 kids is not that easy two shopping malls not that big in the neighbourhood 5 minute walk with good food locations rossopomodoro and a supermarket ipercoop excellent breakfast I have seen reviews saying that the breakfast is not good or not enough or limited options this is not true it was one of the best in number of choices vegetables ham cheese eggs all sorts of fresh fruits and fruit salad juices lots of sweet things like cornetto or cakes etc well the espresso caffe is not that great in general but you are in Milano not in Rome or Napoli so in general in Milano an espresso is not the greatest you can get in Italy very nice room we had a triple one at the 3rd floor modern clean quiet large number of tv options sky clean and large bathroom we did not try the restaurant we went to RossoPomodoro not the one in Centro Sarca to the right but the other one in the left of the hotel where pizza is quite fantastic nice staff reception security cleaning ladies etc ,9.6,0
The Tower A Guoman Hotel,London,12/23/2016, Australia ,Leisure,"[' Leisure trip ', ' Couple ', ' Standard Twin Room with Bridge View ', ' Stayed 2 nights ', ' Submitted from a mobile device ']", can t think of anything else , the best view of the tower bridge that after posting pictures on Facebook lots of friends and relatives were inspired by it ,10.0,0
The Student Hotel Amsterdam City,Amsterdam,4/1/2016, United Kingdom ,Leisure,"[' Leisure trip ', ' Couple ', ' Suite ', ' Stayed 1 night ']", Some small milk or cream things rather than creamer to go with the coffee would ve been nice , Everything was amazing Room spacious extremely well equipped with fridge microwave coffee machine comfy bed hipster lighting Everything felt new and well made and worked never had such smooth running blinds before Modern fun place with attention to detail ,10.0,0
Dikker en Thijs Fenice Hotel,Amsterdam,10/4/2015, Australia ,Leisure,"[' Leisure trip ', ' Solo traveler ', ' Superior Room with canal view ', ' Stayed 3 nights ']",No Negative, This is a charming hotel which is well located the passage to room 408 is labyrinthine but well worth it when you arrive there The staff were friendly and very helpful ,8.8,0
Brunelleschi Hotel,Milan,10/21/2016, Australia ,Leisure,"[' Leisure trip ', ' Couple ', ' Double Room ', ' Stayed 2 nights ', ' Submitted from a mobile device ']", Nothing, Great location staff and breakfast,9.6,0
The Academy,London,12/20/2016, United Kingdom ,Leisure,"[' Leisure trip ', ' Couple ', ' Double Room ', ' Stayed 1 night ', ' Submitted from a mobile device ']", Only thing would be a small fridge in the room , Great location close to Euston and Covent Garden Friendly staff very comfortable room Would definitely stay again ,9.6,0
Arthotel ANA Prime,Vienna,7/26/2017, Finland ,Leisure,"[' Leisure trip ', ' Couple ', ' Standard Twin Room ', ' Stayed 2 nights ']", Room temperature was hard to set with the air con controller it didint seem very accurate , Nice and cozy hotel Coffee machine and nice quiet inner ward was great ,8.8,0
Grange White Hall Hotel,London,3/15/2016, United Kingdom ,Leisure,"[' Leisure trip ', ' Group ', ' Twin Room ', ' Stayed 1 night ', ' Submitted from a mobile device ']", Bar service slow, Check in staff very accommodating,7.9,0
Copthorne Tara Hotel London Kensington,London,1/31/2016, United Kingdom ,Leisure,"[' Leisure trip ', ' Family with older children ', ' Superior Double Room ', ' Stayed 1 night ']", bedroom was too hot even with air con on lowest windows could not be opened for fresh air , Friendly helpful staff ,8.8,0
Pestana Chelsea Bridge Hotel Spa,London,7/15/2016, Jersey ,Business,"[' Business trip ', ' Solo traveler ', ' Deluxe King Room ', ' Stayed 2 nights ']", A more peaceful part of London with a short walk to the cafes and bars at Sloane Square , Some of the best value hotel rooms in London,9.2,0
Copthorne Tara Hotel London Kensington,London,8/30/2015, United Kingdom ,Leisure,"[' Leisure trip ', ' Solo traveler ', ' Superior Double Room ', ' Stayed 1 night ', ' Submitted from a mobile device ']", The outside of the hotel is really shabby you need to clean the net curtains they look terrible from the outside , Location and guest facilities,7.5,0
Holiday Inn Amsterdam,Amsterdam,12/5/2016, Rwanda ,Leisure,"[' Leisure trip ', ' Group ', ' Standard Room ', ' Stayed 2 nights ']", Breakfast supposed to be 15 euros and I reallized afterward that they charged me 17 euros , Staff very helpfull and welcoming,9.6,0
DoubleTree by Hilton Hotel London Tower of London,London,4/10/2017, United Kingdom ,Leisure,"[' Leisure trip ', ' Couple ', ' Queen Room ', ' Stayed 2 nights ', ' Submitted from a mobile device ']", 1 member of bar staff at skylounge arrogant and rude The guy that shakes the cocktails loved himself and let our experience down unfortunately, Everybody was amazing made us feel so welcome Sky lounge bar views spectacular Food amazing worth every penny Location perfect,10.0,0
Boutiquehotel Das Tyrol,Vienna,5/23/2017, Israel ,Leisure,"[' Leisure trip ', ' Family with young children ', ' Studio ', ' Stayed 3 nights ', ' Submitted from a mobile device ']",No Negative, Artistic warm and cozy,10.0,0
Chasse Hotel,Amsterdam,6/28/2017, Thailand ,Unknown,"[' Couple ', ' Double Room ', ' Stayed 1 night ']", There are full of amenities in the room only missed a hair dryer , Staffs at the Chasse hotel are very nice friendly and helpful Location is reachable easily to famous spots in Amsterdam Spacious bathroom and comfy bed ,10.0,0
London Marriott Hotel Regents Park,London,1/23/2017, United Kingdom ,Leisure,"[' Leisure trip ', ' Family with young children ', ' Deluxe with Two Double Beds ', ' Stayed 1 night ']",No Negative, staff friend excellent meal carluccios in evening and great breakfast and then fabulous walk through primrose hill and then regents park loved our stay will be back,10.0,0
Catalonia Plaza Catalunya,Barcelona,8/18/2015, Ireland ,Leisure,"[' Leisure trip ', ' Couple ', ' Double or Twin Room with Terrace ', ' Stayed 4 nights ']",No Negative, Very friendly staff and in a great location 2 minutes from la rambla and close to all of the metros and main shopping area ,7.9,0
Ham Yard Hotel,London,5/18/2017, Germany ,Unknown,"[' Couple ', ' Superior Room ', ' Stayed 2 nights ']", Despite location service and standard slightly too expensive even for London , Polite staff who acted always guest friendly Bathroom location,8.8,0
Millennium Copthorne Hotels at Chelsea Football Club,London,1/23/2017, United Kingdom ,Leisure,"[' Leisure trip ', ' Couple ', ' Standard Double Room ', ' Stayed 1 night ']", The only think I didn t like for the price a paid for the room a breakfast could have been included , Our view to the room was really good Very nice people and the location is great ,9.6,0
Hotel Am Konzerthaus Vienna MGallery by Sofitel,Vienna,10/26/2016, United Kingdom ,Unknown,"[' Couple ', ' Deluxe Double Room ', ' Stayed 4 nights ']", Nothing to suggest by way of improvements , Convenience to Concert Halls and helpful directions for travel to locations in the city Well equipped room ,10.0,0
Waldorf Madeleine,Paris,3/3/2017, Italy ,Leisure,"[' Leisure trip ', ' Group ', ' Classic Double or Twin Room ', ' Stayed 2 nights ', ' Submitted from a mobile device ']", Taking a shower is a a competition to see what you can t get wet, The concierge marc he is the best,8.3,0
Hotel Ciutadella Barcelona,Barcelona,3/26/2016, United Kingdom ,Leisure,"[' Leisure trip ', ' Couple ', ' Double or Twin Room ', ' Stayed 3 nights ', ' Submitted from a mobile device ']", Nothing, Fantastic Stay Room was Fantastic could not fault Great location will definitely stay here again without a doubt ,10.0,0
Club Quarters Hotel Trafalgar Square,London,11/14/2016, Turkey ,Leisure,"[' Leisure trip ', ' Couple ', ' Small Queen Room ', ' Stayed 2 nights ', ' Submitted from a mobile device ']", This hotel contains two different hotel section in same building so the outside and entrance pictures of this hotel does not reflect the truth about your rooms Rooms are so simple the bathroom is quite old furnished Price of the hotel is too much for such standarts , Location,7.5,0
Ayre Hotel Caspe,Barcelona,4/13/2017, United States of America ,Leisure,"[' Leisure trip ', ' Couple ', ' Double or Twin Room ', ' Stayed 6 nights ']", Nothing , The staff was superb the room was brilliantly laid out large bed ample space around the bed long desk with multiple power options bathroom with sufficient space for laying out toilet kits plus a shower and full bath The staff to say it again were brilliant we had a lost luggage issue and I had a 3 week cough and they put us in touch with local resources And a great location in the eastern Eixample near the Sagrada Familia and within walking distance of the Born Gothic and Old Town districts ,10.0,0
W London Leicester Square,London,4/2/2016, India ,Leisure,"[' Leisure trip ', ' Group ', ' Spectacular Room ', ' Stayed 5 nights ', ' Submitted from a mobile device ']", No, No comments all is well,9.6,0
DoubleTree by Hilton Hotel London Marble Arch,London,11/9/2015, Kuwait ,Leisure,"[' Leisure trip ', ' Couple ', ' Deluxe Queen Room ', ' Stayed 1 night ', ' Submitted from a mobile device ']", Very small room Not good sound proof at all You feel like the window is not closed , Staff and location Warm cookies when checking in ,7.1,0
Starhotels Ritz,Milan,8/18/2016, United Kingdom ,Leisure,"[' Leisure trip ', ' Solo traveler ', ' Double Room 1 Adult ', ' Stayed 3 nights ']",No Negative, The staff were fantastic The Reception staff were so helpful and the cleaning staff were always friendly and said good morning nice touch The hotel was close to Lima Metro station and also some local caf bars which were really good ,9.2,0
Hotel degli Arcimboldi,Milan,2/23/2016, Cyprus ,Business,"[' Business trip ', ' Group ', ' Twin Room ', ' Stayed 1 night ']", The breakfast was a bit poor, Metro is near to this hotel,7.5,0
Hotel Kavalier,Vienna,7/3/2016, Romania ,Leisure,"[' Leisure trip ', ' Couple ', ' Standard Double Room ', ' Stayed 1 night ', ' Submitted from a mobile device ']", The parking is too expensive 16 euros per day Geting out of the parking lot is very chalanging because there is a big slope and the door opens automaticaly but very slow so if you arrive fast in front of the exit door the car s engine dies and you slip back into a wall there is a big turn right before the exit The coffee at breakfast was awfull a 4 stars hotel should have an espresso machine It takes about 10 seconds to have the light in the bathroom It feels like forever , The breakfast was varied and good The stuff was friendly The room is big and clean The wi fi is free and it works pretty good ,7.9,0
Starhotels Anderson,Milan,8/14/2016, Saudi Arabia ,Leisure,"[' Leisure trip ', ' Family with young children ', ' Superior Double Room ', ' Stayed 3 nights ', ' Submitted from a mobile device ']",No Negative, Very collaborators team location front of train station ,8.8,0
Col n Hotel Barcelona,Barcelona,6/2/2017, United States of America ,Leisure,"[' Leisure trip ', ' Couple ', ' Twin Room with Cathedral View ', ' Stayed 3 nights ', ' Submitted from a mobile device ']", Twin beds , We prefer queen or king sized beds which is not the Spanish custom Otherwise excellent Loved location on a courtyard opposite the cathedral Great view and street scene No traffic so very quiet ,9.6,0
M by Montcalm Shoreditch London Tech City,London,3/29/2016, United Kingdom ,Leisure,"[' Leisure trip ', ' Couple ', ' Deluxe Double ', ' Stayed 1 night ', ' Submitted from a mobile device ']", The service in the club on level 16 was extremely poor although this would not stop me from staying at the hotel again , The beds were very comfortable Staff were extremely efficient and friendly We were able to check in at 08 00 which was extremely good after travelling down on the overnight sleeper train ,9.6,0
The Park Grand London Paddington,London,2/10/2016, Netherlands ,Leisure,"[' Leisure trip ', ' Couple ', ' Deluxe Double Room ', ' Stayed 2 nights ', ' Submitted from a mobile device ']", Our room was in some sort of basement therefore the view was rather disappointing The window showed some kind of patio where the hotel staff walked through to get to the other rooms We had to keep the curtains closed for privacy this was not a really big issue , I came here for a romantic weekend with my boyfriend We were welcomed very warmly by the receptionist The room was really nice a little bit on the small side but very clean and comfortable ,9.2,0
The Bloomsbury Hotel,London,5/19/2017, Israel ,Leisure,"[' Leisure trip ', ' Couple ', ' Superior Double Room ', ' Stayed 5 nights ']", It s definitely not cheap but worth every penny for the superb experience They are renovating at the moment so if you want to sleep or work in the hotel during the day you won t be able to but if you re out and about it s amazing, Location location location right next to oxford st and tottenham court road underground station Superior Double room was spacious comfy and luxurious staff was friendly catered to our every need instantly Room service was a delight and not that expensive highly recommended If you book a superior double room make sure you ask for the king size bed room size is then bigger When our flight got 6 hours delayed Booking com and The Bloomsbury were kind enough to be flexible and not charge us for the change ,10.0,0
Le Dokhan s a Tribute Portfolio Hotel,Paris,12/17/2015, Belgium ,Leisure,"[' Leisure trip ', ' Couple ', ' Classic Double Room ', ' Stayed 1 night ']",No Negative, Beautiful hotel with traditional elements typical of Paris hotels parquet elaborate wall and ceiling decoration but also very well decorated with modern furniture and fixtures All with perfect taste ,9.6,0
Mercure London Paddington Hotel,London,1/16/2016, United Kingdom ,Unknown,"[' Couple ', ' Small Double Room ', ' Stayed 1 night ', ' Submitted from a mobile device ']",No Negative, Convinience excellent staff got upgraded to an amazing room,9.2,0
W London Leicester Square,London,3/11/2016, Qatar ,Business,"[' Business trip ', ' Solo traveler ', ' Wonderful Room ', ' Stayed 1 night ', ' Submitted from a mobile device ']", Toilet isn t convenient , Convenient location if not the most optimum tourists attractive location ,7.1,0
Landmark London,London,4/14/2016, United Kingdom ,Business,"[' Business trip ', ' Solo traveler ', ' Executive Double Room ', ' Stayed 1 night ']",No Negative, I love everything about this hotel I travel a lot and this has to be one of my favourite hotels,10.0,0
Hilton London Wembley,London,12/15/2015, United Kingdom ,Leisure,"[' Leisure trip ', ' Group ', ' Queen Room Mobility Access ', ' Stayed 1 night ', ' Submitted from a mobile device ']",No Negative, As a wheelchair user all staff were very helpful and disabled room facilities were great Restaurants and shops and arena were right around the corner,10.0,0
Hotel Pulitzer,Barcelona,2/9/2016, Germany ,Leisure,"[' Leisure trip ', ' Couple ', ' Double or Twin Room ', ' Stayed 3 nights ', ' Submitted from a mobile device ']", The hotel might need little renovations here and there but nothing too bad The windows in the room don t shield the noise and cool wind as well from outside but hey you re right in the center of the busy city , Super friendly staff at Bar Front desk breakfast very welcoming Check in with Daniel Perfect location in Barcelona you can visit all sights by foot or bike and have the Aerobus just across the Placa Catalunya Good breakfast and coffee ,9.2,0
DoubleTree by Hilton London Islington,London,1/17/2016, Spain ,Business,"[' Business trip ', ' Family with young children ', ' Double Room ', ' Stayed 1 night ', ' Submitted from a mobile device ']",No Negative, Everything was brillante ,10.0,0
Hotel 4 Barcelona,Barcelona,11/15/2016, Slovakia ,Leisure,"[' Leisure trip ', ' Couple ', ' Double or Twin Room ', ' Stayed 3 nights ']", Coffee from vending machine during breakfast not good barely had some diversified breakfast but quite low quality greasy and heavy Pillows quite strange really long ones , Hotel is clean and staff is nice Bed was comfy,7.9,0
Holiday Inn London Stratford City,London,4/14/2016, United Kingdom ,Leisure,"[' Leisure trip ', ' Couple ', ' Standard Double or Twin Room ', ' Stayed 1 night ']",No Negative, Great location for the Tube and to get to The 02 Handy shops and eateries nearby Super friendly and attentive staff Extremely well stocked breakfast Balcony by the bar ,9.6,0
Pullman Paris Tour Eiffel,Paris,9/10/2015, Angola ,Leisure,"[' Leisure trip ', ' Couple ', ' Deluxe King Room Balcony with Eiffel Tower View ', ' Stayed 2 nights ', ' Submitted from a mobile device ']", No swimming pool ,No Positive,7.9,0
Hotel SB Icaria Barcelona,Barcelona,12/22/2016, Canada ,Leisure,"[' Leisure trip ', ' Couple ', ' Double or Twin Room ', ' Stayed 4 nights ']", Location would be ideal in the summer months given its proximity to the beach Not so much in the off season , Very friendly staff decent amenities good value for the money ,7.9,0
NH Amsterdam Schiller,Amsterdam,9/5/2016, Russia ,Leisure,"[' Leisure trip ', ' Group ', ' Standard Double or Twin Room ', ' Stayed 4 nights ']", a bit pricey, tasty breakfast with enough options helpful staff good location well furnished and cosy room,7.9,0
1K Hotel,Paris,7/27/2016, United States of America ,Leisure,"[' Leisure trip ', ' Solo traveler ', ' Superior M Double Room ', ' Stayed 1 night ', ' Submitted from a mobile device ']",No Negative, Revitalized property very helpful staff stored my luggage before and between stays close to Metro spacious room ,9.6,0
The Park City Grand Plaza Kensington Hotel,London,1/23/2017, United Kingdom ,Leisure,"[' Leisure trip ', ' Family with young children ', ' Family Suite ', ' Stayed 2 nights ', ' Submitted from a mobile device ']", A bit expensive, Everything,7.9,0
Hilton Vienna,Vienna,4/17/2017, Latvia ,Leisure,"[' Leisure trip ', ' Couple ', ' Standard Double Room ', ' Stayed 4 nights ', ' Submitted from a mobile device ']", To short bed and poor bathroom The water wasn t running properly , The cook was prepearing the omlet for breakfast Tasty orange juice The staff at the breakfast was very profesional ,7.1,0
WestCord Art Hotel Amsterdam 4 stars,Amsterdam,4/8/2017, Ireland ,Leisure,"[' Leisure trip ', ' Group ', ' Large Room ', ' Stayed 3 nights ', ' Submitted from a mobile device ']",No Negative, Bed was so comfortable which was needed after long treks around the city Cocktails lunch and evening food were all divine We didn t have breakfast,10.0,0
Hotel Derby,Barcelona,7/29/2017, Israel ,Leisure,"[' Leisure trip ', ' Family with young children ', ' Double or Twin Room 1 2 Adults ', ' Stayed 4 nights ']", The sewerage in the bathroom does not work well, Nice Hotel good personal and very friendly close to mall,8.3,0
Crowne Plaza Paris R publique,Paris,7/4/2017, United Kingdom ,Leisure,"[' Leisure trip ', ' Couple ', ' Standard Room ', ' Stayed 2 nights ', ' Submitted from a mobile device ']", Breakfast cold on each morning of our stay Poor layout to dining room too We would not include breakfast if we stopped again , Proximity to square and ease to get on tube,7.1,0
H tel Le Marianne,Paris,10/4/2016, Saudi Arabia ,Leisure,"[' Leisure trip ', ' Family with young children ', ' Two Connecting Rooms with Free Access to Hamman ', ' Stayed 2 nights ', ' Submitted from a mobile device ']", Nothing , Every things ,9.6,0
Radisson Blu Style Hotel Vienna,Vienna,10/25/2015, United Kingdom ,Business,"[' Business trip ', ' Couple ', ' Superior Double Room ', ' Stayed 3 nights ', ' Submitted from a mobile device ']", Size of roomy out should inform guest that room mini bar is free , Friendly staff and very well situated Good lobby large breakfast room ,7.1,0
DoubleTree by Hilton London Chelsea,London,9/28/2015, United Kingdom ,Business,"[' Business trip ', ' Solo traveler ', ' Double Room with Two Double Beds ', ' Stayed 1 night ']", air conditioning machine was noisy every hour for about 10 minutes a motor started up and ran, clean easy to get around,7.1,0
Caesar Hotel,London,2/20/2017, United Kingdom ,Leisure,"[' Leisure trip ', ' Couple ', ' Deluxe Double Room with Separate Lounge Area ', ' Stayed 1 night ', ' Submitted from a mobile device ']",No Negative, The bed was massive nearly lost my girlfriend very comfy ,10.0,0
Hilton London Metropole,London,7/6/2017, Saudi Arabia ,Business,"[' Business trip ', ' Couple ', ' Twin Hilton Guest Room ', ' Stayed 6 nights ', ' Submitted from a mobile device ']", There is no water videt sprinkler for toilet , Location is great and facilities are good ,7.5,0
Grange Fitzrovia Hotel,London,10/1/2015, United Kingdom ,Leisure,"[' Leisure trip ', ' Couple ', ' Superior Double Room ', ' Stayed 1 night ', ' Submitted from a mobile device ']", The room was a little warm, The price and location of the hotel was good,9.6,0
Hotel Barcelona Center,Barcelona,9/17/2016, United Arab Emirates ,Leisure,"[' Leisure trip ', ' Family with young children ', ' 2 rooms ', ' Stayed 4 nights ', ' Submitted from a mobile device ']", Room service closes at 11 Late arrivals have to sleep hungry The breakfast is horrible The chicken wings and omelette smelled of stale oil Water is not provided in the room and it s charged , The spacious rooms in europe are a plus The cleanliness awesome The best of all is the location,7.5,0
Radisson Blu Edwardian Grafton,London,2/15/2016, Spain ,Leisure,"[' Leisure trip ', ' Solo traveler ', ' Standard Single Room ', ' Stayed 1 night ']", restaurant too crowded stuff efficient but not very friendly , room was good and clean ,7.1,0
WestCord Art Hotel Amsterdam 4 stars,Amsterdam,11/30/2015, United Kingdom ,Leisure,"[' Leisure trip ', ' Couple ', ' Large Double Room ', ' Stayed 5 nights ']", There are no negative points with this hotel , Superb hotel this was our second time staying in this hotel we turned up early for our check in and because of this they upgraded us to the junior suite free of charge Brilliant service So good that i ve already booked this hotel for my next visit to Amsterdam A ,10.0,0
Best Western Plus Elys e Secret,Paris,11/9/2016, United States of America ,Business,"[' Business trip ', ' Family with young children ', ' Secret Double Room ', ' Stayed 1 night ']", There is no negative point in this hotel , Hotel is perfect the best hotel I stayed in Europe ,10.0,0
Park Lane Mews Hotel,London,5/14/2017, United States of America ,Leisure,"[' Leisure trip ', ' Couple ', ' Twin Room ', ' Stayed 6 nights ']", The rooms were old but clean an update is definitely in order The location was excellent close to so many key locations and beautiful parks , The room was small but the beds very comfortable Breakfast was expensive so we went just down the block to Sofra an excellent little restaurant with FABULOUS breakfasts ,8.3,0
DoubleTree by Hilton London Hyde Park,London,5/8/2016, United Kingdom ,Leisure,"[' Leisure trip ', ' Group ', ' Twin Room ', ' Stayed 2 nights ']",No Negative, Great location lovely staff fab place lovely breakfast no issues ,10.0,0
The Square Milano Duomo,Milan,2/24/2017, United Kingdom ,Leisure,"[' Leisure trip ', ' Couple ', ' Deluxe Double or Twin Room ', ' Stayed 1 night ', ' Submitted from a mobile device ']", Unfortunately the roof terrace was not open but it was February , The room was excellent including coffee making facilities The location was ideal Sound proofing of rooms from trams etc excellent Breakfast included in price was very good All round first class experience of hotel and Milan Look forward to visiting again to see Portsmouth play at the San Siro in the Champions League in the near future ,10.0,0
H tel California Champs Elys es,Paris,3/24/2016, Egypt ,Leisure,"[' Leisure trip ', ' Family with young children ', ' Classic Double Room ', ' Stayed 2 nights ', ' Submitted from a mobile device ']", Nothing, Excellent in everything,10.0,0
Palazzo Parigi Hotel Grand Spa Milano,Milan,9/27/2016, United Kingdom ,Leisure,"[' Leisure trip ', ' Solo traveler ', ' Classic Double Room ', ' Stayed 3 nights ', ' Submitted from a mobile device ']", Food is very expensive for what it is 15 euros for a clear soup and can be hit and miss It was better last time I stayed , Staff room pool all fantastic Rooms and bathrooms are so spacious and nice Beautiful lobby ,9.2,0
Majestic Hotel Spa Barcelona GL,Barcelona,5/3/2017, Spain ,Leisure,"[' Leisure trip ', ' Couple ', ' Deluxe Double or Twin Room ', ' Stayed 2 nights ']", Overall the hotel was fine but I wasn t wow ed The W on the other hand is amazing And although the W is somewhat further away from the action as in not on the Passeia Graccia I preferred that The hotel was super crowded too crowded It did not feel like a peaceful escape from the craziness of the streets of Barcelona The room was too small and we had a view of the interior courtyard but from the first floor we were basically staring at the restaurant The W was the same price per night and I thought we got far more for our money , The bed was very comfortable and the bath tub was huge Plenty big enough for two people ,5.8,1
Park Lane Mews Hotel,London,12/15/2015, United Kingdom ,Leisure,"[' Leisure trip ', ' Solo traveler ', ' Double Room ', ' Stayed 1 night ', ' Submitted from a mobile device ']", I could not wait to leave depressing bedroom old broken stained and tatty walls fixtures fittings and bedroom furniture noisy fan in room could not switch it off springs coming through the mattress pillows were old flat and extremely thin less than one inch in thickness , the lady on reception was very kind she was the only saving grace at this otherwise dreadful hotel ,4.2,1
Sall s Hotel Pere IV,Barcelona,12/17/2015, Switzerland ,Business,"[' Business trip ', ' Solo traveler ', ' Double or Twin Room with Spa Access ', ' Stayed 5 nights ']", Heating was not working so the room was quite cold ,No Positive,6.7,1
Hilton London Olympia,London,6/9/2017, United Kingdom ,Business,"[' Business trip ', ' Solo traveler ', ' Double Guest Room ', ' Stayed 3 nights ', ' Submitted from a mobile device ']", Price facilities cleanliness awful, Location for event,3.8,1
Hotel Daniel Vienna,Vienna,8/6/2015, India ,Business,"[' Business trip ', ' Solo traveler ', ' Standard Double Room ', ' Stayed 2 nights ']", cost of the breakfast are little high, Internet facility and Break fast are good,6.5,1
Novotel Paris Centre Gare Montparnasse,Paris,4/23/2016, Italy ,Leisure,"[' Leisure trip ', ' Family with young children ', ' Family Room 2 Adults 1 Child ', ' Stayed 4 nights ', ' Submitted from a mobile device ']", The rooms were too small ,No Positive,5.8,1
Hotel Claridge Paris,Paris,10/7/2016, France ,Leisure,"[' Leisure trip ', ' Couple ', ' Classic Double Room ', ' Stayed 1 night ', ' Submitted from a mobile device ']", Staff mood, Unfair welcome,4.2,1
Best Western Amiral Hotel,Paris,7/1/2016, Germany ,Leisure,"[' Leisure trip ', ' Family with older children ', ' 3 rooms ', ' Stayed 2 nights ']", Internet went out ten minutes after arriving Two days of asking for it to be fixed led to being told I will tell the manager Was never fixed We used a cart to unload all of our luggage group of 7 and when we were leaving we were told there was no cart To top it off they tried to double bill me , Well it was a place to sleep surrounded by nice restaurants ,5.4,1
Expo Hotel Barcelona,Barcelona,7/3/2016, Russia ,Leisure,"[' Leisure trip ', ' Solo traveler ', ' Small Single Room with Balcony ', ' Stayed 2 nights ', ' Submitted from a mobile device ']", Very small rooms, Location,5.4,1
Crowne Plaza London Docklands,London,8/11/2016, United Kingdom ,Leisure,"[' Leisure trip ', ' Couple ', ' Standard Double or Twin Room ', ' Stayed 1 night ', ' Submitted from a mobile device ']", Open used water bottle in our room from previous customer which wasn t replenished before we arrived , Friendly staff,6.7,1
Catalonia Barcelona Plaza,Barcelona,4/29/2017, India ,Business,"[' Business trip ', ' Solo traveler ', ' Double or Twin Room ', ' Stayed 15 nights ', ' Submitted from a mobile device ']", Booked for 15 days but wanted to check out early Refused to refund me even though I had free cancellation Ultimately was charged extra 1 night which I did not stay as penalty I was asked to pay for all 15 days in advance The hotel is a cheat No invoice was given nor receipt of payment when checked out ,No Positive,4.2,1
Hotel Regina,Barcelona,4/30/2016, Peru ,Business,"[' Business trip ', ' Solo traveler ', ' Double or Twin Room ', ' Stayed 5 nights ', ' Submitted from a mobile device ']", At all moments I had WC concert of water flushes from above rooms ,No Positive,5.0,1
Radisson Blu Portman Hotel London,London,9/10/2015, United Kingdom ,Business,"[' Business trip ', ' Solo traveler ', ' Standard Double Room ', ' Stayed 1 night ']", Breakfast staff had little clue what they were doing,No Positive,6.3,1
BEST WESTERN Maitrise Hotel Maida Vale,London,7/18/2017, United Kingdom ,Business,"[' Business trip ', ' Solo traveler ', ' Standard Twin Room ', ' Stayed 1 night ']", Noisy room Some kind of tumble dryer going until 11pm Anytime anyone in the hotel ran a tap you could hear it Informed staff all they did was laugh I wouldn t stay here was his response Avoid this place at all costs,No Positive,4.2,1
Park Grand London Kensington,London,5/2/2017, United Kingdom ,Business,"[' Business trip ', ' Group ', ' Deluxe Twin Room ', ' Stayed 1 night ']", language barrier at reception,No Positive,5.4,1
The Waldorf Hilton,London,8/1/2017, United Kingdom ,Leisure,"[' Leisure trip ', ' Couple ', ' Queen Hilton Guest Room ', ' Stayed 1 night ']", management not helpful with our problem breakfast far too expensive when all trays were empty no bread to toast had to wait for hot drinks, staff on front desk was the only good thing regarding this hotel,4.2,1
Britannia International Hotel Canary Wharf,London,5/19/2017, United Kingdom ,Leisure,"[' Leisure trip ', ' Group ', ' Standard Double Room without Window ', ' Stayed 1 night ', ' Submitted from a mobile device ']", The distance to the lift, Size of the room,5.8,1
Kingsway Hall Hotel,London,8/2/2017, Belgium ,Leisure,"[' Leisure trip ', ' Couple ', ' Standard Double Room ', ' Stayed 2 nights ', ' Submitted from a mobile device ']", Rather poor breakfast not very clean bathroom we were on the 2nd floor and could see only a high wall from our window badly isolated, Nice people working there very well located,6.7,1
Best Western Plus Hotel Blue Square,Amsterdam,6/13/2017, United Kingdom ,Leisure,"[' Leisure trip ', ' Couple ', ' Single Room ', ' Stayed 1 night ', ' Submitted from a mobile device ']", There was no bar in the hotel despite one being advertised We had dinner in the restaurant on the first night and could only have soft drinks , Convenient transport connections in to Amsterdam,6.3,1
Grange St Paul s Hotel,London,4/26/2016, United Kingdom ,Leisure,"[' Leisure trip ', ' Group ', ' Executive Double Room ', ' Stayed 2 nights ']", The staff are shockingly bad the concierge is unflexible and isn t interested in providing a true concierge service they remained of the opinion that one laundry collection per day was adequate and that no express service was available for anything handed over after 8 45am , Room service was good ,4.6,1
Clayton Crown Hotel London,London,6/3/2017, Israel ,Leisure,"[' Leisure trip ', ' Solo traveler ', ' Deluxe Double Room ', ' Stayed 2 nights ']", about 1Km from the nearest underground The fact that it is nor in the heart of the city make it problemaic for one who like to enjoy the city in day and night You travel once a day to the city and beck as the juorny is long I wouldn t recommend it for tourists who like to see some Londod , nice hotel clean with very helful and nice staf ,6.7,1
The Exhibitionist Hotel,London,5/7/2016, Netherlands ,Business,"[' Business trip ', ' Solo traveler ', ' Standard Double Room ', ' Stayed 1 night ', ' Submitted from a mobile device ']", Rooms very very small not like on the photos Tv was not working rain forrest shower gave little water Overpriced and not what we expected like on the photos, Location,4.6,1
H tel de Varenne,Paris,4/12/2016, France ,Leisure,"[' Leisure trip ', ' Couple ', ' Classic Double Room ', ' Stayed 1 night ', ' Submitted from a mobile device ']", Room not ready at arrivale at 21 30 Bed too small for a normal couple Not a 4 star No value for money, LOCATION,4.2,1
Hilton Milan,Milan,7/25/2016, United Arab Emirates ,Leisure,"[' Leisure trip ', ' Solo traveler ', ' Queen Guest Room ', ' Stayed 6 nights ']", Water did not drain properly from shower , Good staff and breakfast,6.7,1
Arbor Hyde Park,London,4/14/2016, United Kingdom ,Leisure,"[' Leisure trip ', ' Couple ', ' Club Double Room ', ' Stayed 1 night ']", Its sounds silly but we had a little green light on the ceiling which was very bring during the night and woke me up a few times Also found the room really hot as we were in the lower ground room , Location was good but a little further then Oxford Street then first thought Continental Breakfast was lovely,6.7,1
Copthorne Tara Hotel London Kensington,London,2/27/2017, Norway ,Business,"[' Business trip ', ' Group ', ' Standard Double Room ', ' Stayed 3 nights ']", the bathtub was broken carpet was very dirty and full of hairs , none,4.6,1
UNA Hotel Century,Milan,11/10/2016, Singapore ,Leisure,"[' Leisure trip ', ' Couple ', ' Junior Suite ', ' Stayed 1 night ', ' Submitted from a mobile device ']", Service was mediocre Staff were not personable Weird knocking noises in our room forced us to request to change rooms at 4am with little sympathy and assistance from staff , Great location 5 minutes from Central station Lovely well designed and spacious rooms extremely comfortable bed ,6.7,1
DoubleTree by Hilton London Ealing,London,1/14/2016, United Kingdom ,Leisure,"[' Leisure trip ', ' Couple ', ' Double Room ', ' Stayed 2 nights ']", Our room was very small and paying for the parking , Good location for the tube in to London,5.8,1
Britannia International Hotel Canary Wharf,London,1/16/2016, Oman ,Business,"[' Business trip ', ' Solo traveler ', ' Standard Single Room ', ' Stayed 3 nights ', ' Submitted from a mobile device ']", Extremely Small room broken dresser broken chair tv fixed to wall where can t see, Location,4.2,1
Novotel Amsterdam City,Amsterdam,4/18/2017, Poland ,Leisure,"[' Leisure trip ', ' Family with young children ', ' Standard Room with Queen Bed Renovated ', ' Stayed 3 nights ', ' Submitted from a mobile device ']", Breakfast menu price on peak seasson, Rooms,6.7,1
Arbor City,London,1/2/2017, United Kingdom ,Leisure,"[' Leisure trip ', ' Solo traveler ', ' Club Single Room ', ' Stayed 1 night ', ' Submitted from a mobile device ']", Breakfast included in the price didnt include hot buffett also although i put in a special request for 2 hours later checkout via booking com which the hotel agreed to whilst I was there this was not accepted had i seen the email from booking com confirming request was accepted i would have insisted this was not good customer service, Single room was small but comfortable single bed,6.3,1
ARCOTEL Wimberger,Vienna,1/29/2017, United Kingdom ,Leisure,"[' Leisure trip ', ' Group ', ' Comfort Double Room ', ' Stayed 4 nights ', ' Submitted from a mobile device ']", The beds weren t particularly comfortable and only one pillow each The spa facilities were really poor with no changing facilities and the hot tub was cold , The staff were really friendly and helpful There was a huge selection for breakfast,6.3,1
Britannia International Hotel Canary Wharf,London,10/27/2015, Saudi Arabia ,Leisure,"[' Leisure trip ', ' Group ', ' Standard Single Room ', ' Stayed 2 nights ', ' Submitted from a mobile device ']", Old Hotel with ancient furniture and dirty carpets, Good location friendly staff,4.6,1
Atahotel Linea Uno,Milan,4/18/2016, Czech Republic ,Business,"[' Business trip ', ' Couple ', ' Double or Twin Room ', ' Stayed 2 nights ']", very busy breakfast room, suitable with car,6.7,1
Novotel Paris Centre Bercy,Paris,5/28/2016, United Kingdom ,Leisure,"[' Leisure trip ', ' Family with older children ', ' Standard room with 1 queen bed and sofa 3 Adults ', ' Stayed 3 nights ', ' Submitted from a mobile device ']", Need muslim shaver in toilet cleaner didn t cleaned properly Like bedsheets where not changed stock not replaced, Overall good hotel with lovely staff ,6.7,1
citizenM London Shoreditch,London,3/25/2017, Israel ,Business,"[' Business trip ', ' Solo traveler ', ' Single Room ', ' Stayed 4 nights ', ' Submitted from a mobile device ']", Far from the tube station Considerably smaller and less inviting than the tower of London branch,No Positive,6.3,1
DoubleTree by Hilton Hotel London Tower of London,London,10/18/2016, United Kingdom ,Leisure,"[' Leisure trip ', ' Couple ', ' Queen Room ', ' Stayed 1 night ', ' Submitted from a mobile device ']", Room was very small shower was absolutely tiny Room was very plain nothing more than a premier inn type Also overpriced , Breakfast,6.3,1
Hyatt Regency Paris Etoile,Paris,8/22/2015, Angola ,Leisure,"[' Leisure trip ', ' Couple ', ' 2 rooms ', ' Stayed 2 nights ', ' Submitted from a mobile device ']", The hotel is very old,No Positive,4.6,1
NH Amsterdam Zuid,Amsterdam,1/18/2016, Belgium ,Leisure,"[' Leisure trip ', ' Solo traveler ', ' Standard Double Room ', ' Stayed 1 night ']", you cannot open any window so no fresh air only ac which makes the room dry and stuffy It is a bit far out Tram to city center is a walk of 20 min s , friendly staff good and clean room,6.7,1
Park Plaza Westminster Bridge London,London,4/10/2017, United Kingdom ,Leisure,"[' Leisure trip ', ' Family with young children ', ' Studio King Family ', ' Stayed 1 night ']", the electric switch did not have a cover on the wall which exposed wiring to my kids the cover was made of metal and lying on the floor so that if my son stepped on it or touched it he could have been seriously injured, Gerard I thik that s his name was great he was the guy who brought my luggage to my car very helpful ,6.3,1
Copthorne Tara Hotel London Kensington,London,2/6/2016, United Kingdom ,Business,"[' Business trip ', ' Solo traveler ', ' Superior Twin Room ', ' Stayed 1 night ', ' Submitted from a mobile device ']", Looks tired in the cheaper rooms When putting postcode into Google maps it is well away from the real position , Bed was comfortable and the price is difficult to beat ,6.7,1
Mercure Paris Terminus Nord,Paris,5/7/2017, Iraq ,Unknown,"[' Solo traveler ', ' Standard Room with 1 Single Bed ', ' Stayed 2 nights ']",No Negative, Breakfast cleaning rooms,6.7,1
Park Plaza London Riverbank,London,5/15/2017, Ireland ,Leisure,"[' Leisure trip ', ' Family with young children ', ' Superior Twin Room ', ' Stayed 1 night ']", the bar staff wan t really resent people ,No Positive,6.7,1
The Grand at Trafalgar Square,London,5/5/2016, United Kingdom ,Leisure,"[' Leisure trip ', ' Couple ', ' Standard Queen Room ', ' Stayed 2 nights ']", We were showed three rooms all small poor view no fridge some no bath anyway we eventually ended up in a SHOW room Next morning we asked room service for fresh coffee we had to go down for that okay we went down and your male staff did not even know what coffee it was we tried one it was look warm we left it and went down the road for a decent coffee That night after the show we went to bed 11 00 pm and had the worst nights sleep possible with the noise outside and residents slamming the doors subsequently we only got a couple of hours sleep The next day we wandered around London like zombies having a few drinks thinking that would help however despite this again we had an appalling nights sleep to such an extent Monday we just checked out going straight to Victoria with a train back to Brighton, Not much this was booked on the 25th April through booking com my requests were a quiet double room with a bath and if possible with a view I called your hotel on Friday 29th to see if all okay however the male staff that answered clearly told me he had no record of my reservation that was obviously the start of the saga I had to then call booking com costing me time and money they assured me l was booked in so l called your hotel and your Olga verified my booking not a good start When we arrived it looked impressive however they were still sorting a room out so we had some drinks and food at the bar and that was good after this it was all downhill ,5.0,1
Corus Hotel Hyde Park,London,12/6/2015, United Kingdom ,Leisure,"[' Leisure trip ', ' Couple ', ' Standard Double ', ' Stayed 1 night ', ' Submitted from a mobile device ']", Room very basic cramped bathroom and no hot water came out of the sink tap, Good location good choice of breakfast,6.7,1
Thistle Holborn The Kingsley,London,4/3/2017, Germany ,Business,"[' Business trip ', ' Solo traveler ', ' Deluxe Double Room ', ' Stayed 2 nights ']", Dust on glass shelves no fridge in the room no water provided duvet cover torn Not up to the award received by trip adviser , A nice classic building overall well organized in central London ,6.3,1
Senator Barcelona Spa Hotel,Barcelona,5/27/2017, United Kingdom ,Business,"[' Business trip ', ' Solo traveler ', ' King Room ', ' Stayed 3 nights ', ' Submitted from a mobile device ']", This hotel is far away from the city centre It is a tired venue and not that comfortable , Breakfast was ok,5.0,1
Holiday Inn London Wembley,London,7/22/2016, Australia ,Leisure,"[' Leisure trip ', ' Family with young children ', ' Double Room with Sofa Bed ', ' Stayed 11 nights ']", The place is simply not running efficiently things are broken not repaired and staff cannot cope , Good wi fi,5.4,1
Hotel Vittoria,Milan,4/16/2016, Switzerland ,Business,"[' Business trip ', ' Solo traveler ', ' Single Room ', ' Stayed 1 night ', ' Submitted from a mobile device ']", Old and dirty with uncomfortable beds and sheets rooms are impossibly small to expensive for what it gives, Friendly staff forgot some valuebles everything was stored and returned,5.4,1
The Royal Horseguards,London,6/27/2017, Australia ,Leisure,"[' Leisure trip ', ' Group ', ' Deluxe Double Room ', ' Stayed 5 nights ', ' Submitted from a mobile device ']", Service was terrible, The location was good,3.8,1
Holiday Inn Paris Gare Montparnasse,Paris,11/12/2016, Pakistan ,Business,"[' Business trip ', ' Solo traveler ', ' Double Room Non Smoking ', ' Stayed 4 nights ', ' Submitted from a mobile device ']", Staff hospitality services breakfast any other service requirement, Location,4.2,1
Hilton London Wembley,London,10/29/2016, United Kingdom ,Leisure,"[' Leisure trip ', ' Family with young children ', ' King Guest Room ', ' Stayed 2 nights ', ' Submitted from a mobile device ']", Ambiance of the hotel is very dull , The food was nice,5.8,1
Les Jardins Du Marais,Paris,11/10/2015, United Kingdom ,Leisure,"[' Leisure trip ', ' Couple ', ' Superior Room ', ' Stayed 3 nights ']", Unfriendly but polite reception staff checked us in to an already used room upgraded us to a noisy street level room even though I asked for a quiet garden view room Both times the card keys didn t work on both rooms having to go down twice and no explanation given , Location,5.4,1
The Premier Notting Hill,London,9/3/2016, United Kingdom ,Leisure,"[' Leisure trip ', ' Couple ', ' Deluxe Double Room ', ' Stayed 2 nights ', ' Submitted from a mobile device ']", The room was too hot aircon not getting cold unable to open window as it is noisy due to vent just outside window room is quite small and small hallway too , Location quiet area shower is great Bed was comfy,6.3,1
Hotel Espa a Ramblas,Barcelona,6/18/2017, United States of America ,Leisure,"[' Leisure trip ', ' Couple ', ' Superior Double or Twin Room ', ' Stayed 2 nights ']",No Negative, The good thing about the hotel for those to whom swimming matters is the small but adequte pool on the roof This is useable 9 to 9 betweeen June and August For young travelers there s a sunning area and a bar open til about 2 30 in the morning Other than that it s a poorly designed boutique hotel The view out the window was of Barcelona families getting cool on their balconies about six feet away Both nights somebody maybe a resident or residents set out to bark and howl to get resident dogs across the street to do the same at which they were very successful We suspect that the local families poor are not thrilled that a hotel for rich foreigners has a nightclub functioning on the roof until all hours of the morning and take their revenge Other design details of hotel the shower door only opens enough for a body to squeeze through The air conditioning wasn t effective at cooling in June heat and because of the closeness of the local neighbors we couldn t keep the one window open at night Most rooms on an inside courtyard are under a glass roof so have no air circulation A few are not under the roof and might be more private and airier The boutique design is all sharp corners on beds and furniture great for bumping shins Although a queen bed would have been adequate for two people ours was a King which let almost no space in the very small room No desk only one chair The decor gray walls mixed with gold panels combines gaudy with dreary in a way we ve never before seen There were a few old tiles in the floor and nice iron work along stairways indicating that this was a lovely building before it was improved This is a tremendously overpriced hotel 180 per night for what it offers My recommendation is to choose a hotel a little bit out of the Ramblas Barrio G tico neighborhood in a less crowded and more fairly priced area ,4.2,1
Radisson Blu Portman Hotel London,London,5/7/2017, United Kingdom ,Leisure,"[' Leisure trip ', ' Solo traveler ', ' Superior Room ', ' Stayed 1 night ']", They are currently renovating rooms if you are lucky you get a renovated room the older rooms are not great You pay the same whichever room you get so be sure to ask for a newly renovated room if you can , Location is great a short walk to Oxford Street ,5.8,1
Bloomsbury Palace Hotel,London,7/25/2016, Chile ,Leisure,"[' Leisure trip ', ' Family with young children ', ' Triple Room ', ' Stayed 1 night ', ' Submitted from a mobile device ']", Air con wasn t working and the room was an oven in a warm summer evening , Great location next to British museum walkable to Euston station and West End,6.3,1
Copthorne Tara Hotel London Kensington,London,1/1/2016, United Kingdom ,Leisure,"[' Leisure trip ', ' Solo traveler ', ' Superior Double Room ', ' Stayed 1 night ']", The hotel is very dated which is a surprise when the amount of money that gets pumped into it Its clean ish but thats the only good thing I can really say about this hotel, The location is ok,4.2,1
Catalonia Barcelona Plaza,Barcelona,6/7/2016, United Kingdom ,Leisure,"[' Leisure trip ', ' Group ', ' Double or Twin Room ', ' Stayed 4 nights ', ' Submitted from a mobile device ']", Quite old fashioned Needs updating I got pick pocketed right outside the hotel so not to keen on location Not very easy to get hold of an iron Staff could barely speak English Not worth the price at all ,No Positive,2.9,1
Mercure London Bloomsbury Hotel,London,8/16/2015, Hong Kong ,Leisure,"[' Leisure trip ', ' Solo traveler ', ' Small Double Room ', ' Stayed 6 nights ', ' Submitted from a mobile device ']", Due to my unexpected sickness I needed to shorten my UK trip When I checked in I asked the night shift female receptionist if there would be any flexibility and possibility to cancel or refund partial hotel booking fee Of course I fully understood of the terms and conditions Regrettably she rejected immediately and spoke to me loudly at the lobby that you don t need to speak to me so rude but I didn t and I recommend you to claim the insurance instead of asking the hotel for assistance just a request I was completely and totally shocked by her unhelpful manner Next day morning the hotel manager has provided assistance after she understood the situation , Perfect Location,5.4,1
Hilton London Euston,London,1/8/2017, United Kingdom ,Leisure,"[' Leisure trip ', ' Couple ', ' Double Guest Room ', ' Stayed 1 night ', ' Submitted from a mobile device ']", Most of it Staff were rude Bathroom was dirty and fixture were dangerous, The heater didnt work hair in bathroom bathroom fan just sat in the hole in the wall not secured in staff finished there chatting before serving me and also bathroom light flickered,3.8,1
Best Western Plus Hotel Blue Square,Amsterdam,11/6/2016, Greece ,Leisure,"[' Leisure trip ', ' Travelers with friends ', ' Economy Twin Room ', ' Stayed 1 night ', ' Submitted from a mobile device ']", It is not possible to open the windows the lobbies are not well organized and preserved, The beds are really comfortable the bathroom is clean an really nice,6.7,1
Mandarin Oriental Paris,Paris,9/20/2016, United States of America ,Leisure,"[' Leisure trip ', ' Solo traveler ', ' Deluxe Room ', ' Stayed 2 nights ', ' Submitted from a mobile device ']", Concierges not particularly helpful especially the guy who we asked to call Allard and tell them we were running late and when we got to the restaurant we were told he had cancelled it I figure this was a miscommunication Or your bar waiter who got my drink order wrong and blamed it on me my friends laughed as I had explained it quite well and didn t apologize Literally told me that s why I asked you and blamed it on me Frankly relative to the other top hotels in Paris the bar is rather unimpressive , Room nice Well located for shopping if that s your thing ,6.7,1
Courthouse Hotel London,London,7/5/2016, United Kingdom ,Business,"[' Business trip ', ' Solo traveler ', ' Classic Double Room ', ' Stayed 1 night ', ' Submitted from a mobile device ']", Everything is old in the room and hotel does not deserve 5 star rating 4 maximum , Fridndly staff good location,4.6,1
Hotel Vueling Bcn by HC,Barcelona,2/14/2016, Australia ,Unknown,"[' Solo traveler ', ' Double Room with View ', ' Stayed 3 nights ', ' Submitted from a mobile device ']", Bef, Need proper double beds not twins described as doubled,6.7,1
citizenM Tower of London,London,10/6/2016, United Kingdom ,Business,"[' Business trip ', ' Solo traveler ', ' Double Room ', ' Stayed 1 night ']", Rude arrogant staff , Location ,5.8,1
Melia Vienna,Vienna,8/9/2015, United Arab Emirates ,Leisure,"[' Leisure trip ', ' Couple ', ' Deluxe Double Room ', ' Stayed 4 nights ', ' Submitted from a mobile device ']", We were given a room with no view whatsoever Staff was always busy and not answering our calls More of a 4 star hotel than a 5 star , Room was ok but not great Not bad of a location since the train station is just 2 5 mins walk ,5.8,1
Innkeeper s Lodge London Greenwich,London,3/27/2017, United Kingdom ,Leisure,"[' Leisure trip ', ' Group ', ' Standard Double or Twin Room ', ' Stayed 1 night ', ' Submitted from a mobile device ']", Room was old and very tatty Bathroom needed a good clean, Great location close to the tube station,5.4,1
Hotel Cavendish,London,8/2/2017, United Kingdom ,Leisure,"[' Leisure trip ', ' Couple ', ' Double Room ', ' Stayed 1 night ', ' Submitted from a mobile device ']", Room was in basement accessed through breakfast room next to kitchen so very noisy View from window was of small dirty broken courtyard pillows so flat may as well not had one Whole place needs an upgrade basement room should be sold as such at reduced rate Luckly only staying one night, Location,3.8,1
Alexandra Barcelona A DoubleTree by Hilton,Barcelona,5/25/2016, Turkey ,Business,"[' Business trip ', ' Group ', ' Single Room ', ' Stayed 1 night ', ' Submitted from a mobile device ']", The rooms are so small and clostrofobic window can not be opened nothing like hilton standart Breakfast was ok nothing special , The location is great,6.0,1
Clayton Crown Hotel London,London,6/16/2017, Malaysia ,Leisure,"[' Leisure trip ', ' Family with young children ', ' Deluxe Double and Single Room ', ' Stayed 2 nights ']", Staff could have been more pleasant , It was an okay experience nothing to shout about Have stayed in many starred hotel all around esp in Asia and felt dissapointed with this hotel Location was great but everything was was just avearge They should improve on the front desk services ,6.3,1
Barcelona Princess,Barcelona,2/17/2016, United Kingdom ,Leisure,"[' Leisure trip ', ' Couple ']", I will give the right review when my issue is resolved, I am not happy about the no show comment and money taken from my sons account he paid cash on arrival and stay on 9th floor room number 10 so may I suggest you get the mix up sorted out asap,2.5,1
Mimi s Hotel Soho,London,4/14/2017, United Kingdom ,Leisure,"[' Leisure trip ', ' Couple ', ' Deluxe Double Room without Window ', ' Stayed 1 night ', ' Submitted from a mobile device ']", Wanted to stay another night poor deal no incentive, Beds comfy,6.7,1
Hotel Da Vinci,Milan,10/1/2015, United Kingdom ,Business,"[' Business trip ', ' Solo traveler ', ' Double Room ', ' Stayed 2 nights ', ' Submitted from a mobile device ']", Bed hard noisy corridors staff looked poorly trained lifts took ages , its close to my office,5.0,1
Hyatt Regency Paris Etoile,Paris,9/14/2015, Portugal ,Business,"[' Business trip ', ' Solo traveler ', ' King Room ', ' Stayed 3 nights ']", The room is too old,No Positive,5.0,1
Hotel Omm,Barcelona,7/31/2017, Pakistan ,Leisure,"[' Leisure trip ', ' Family with young children ', ' Standard Double or Twin Room ', ' Stayed 1 night ', ' Submitted from a mobile device ']", Very good design hotel Poorly maintained smelly rooms as if not used for a long time Bathrooms had no door impossible for children to use Only suitable for a couple ,No Positive,5.4,1
Hotel Da Vinci,Milan,11/12/2015, Latvia ,Leisure,"[' Leisure trip ', ' Couple ', ' Double Room ', ' Stayed 3 nights ']", It didn t seem as a 4 star hotel no slippers or bathrobe no lotion or hair conditioner only shampoo soap no shower curtains the water gets easily on bathroom floor which is not heated there was weird switch in the shower which does nothing and has a rope hanging from it no tea pot in the room no shoe polish no minibar or room service price list The hotel is between two unfinished buildings there are no shops or any place to eat near I wouldn t recommend booking this hotel for the full price if you are expecting 4star hotel but if you get good deal it is ok, The interior was beautiful and room was big and clean there was safe in the room There was a lot of choice for breakfast,5.8,1
Hilton London Tower Bridge,London,1/24/2016, United Kingdom ,Leisure,"[' With a pet ', ' Leisure trip ', ' Group ', ' Double Deluxe Room ', ' Stayed 1 night ', ' Submitted from a mobile device ']",No Negative, When we arrive the ladys in the reception was that friendly in the room the rubish pin was still with rubish the breakfast wasnt that good for the price ,4.6,1
Grand Royale London Hyde Park,London,9/8/2015, United Kingdom ,Leisure,"[' Leisure trip ', ' Couple ', ' Superior Double Room ', ' Stayed 2 nights ', ' Submitted from a mobile device ']", Arrived to find there were boiler problems They tried to palm us off with another hotel which was inferior and had a walk up price 33 cheaper than what i had paid We have experienced this excuse multiple times in london so stood our ground Another room was conveniently found for us after not accepting their offer ,No Positive,5.4,1
Radisson Blu Portman Hotel London,London,1/23/2017, Kuwait ,Leisure,"[' Leisure trip ', ' Solo traveler ', ' Superior Room ', ' Stayed 5 nights ', ' Submitted from a mobile device ']", Noise on the second floor rooms on friday night view from second floor was bad ac compressors , Location is perfect comfort of the bed was outstanding,6.7,1
Park Plaza Victoria Amsterdam,Amsterdam,8/15/2016, United Kingdom ,Leisure,"[' Leisure trip ', ' Couple ', ' Double Room ', ' Stayed 4 nights ']", Some of the staff were a bit miserable and rude The pool was broken for a few days The superior rooms need to have their names changed as there is nothing superior about them They are ridiculously small They count the bathroom in the room dimensions In some rooms you have to shuffle past the foot of the bed or commando roll over it to access the rest of the room They should not be advertised the way they are I feel as though it is false advertisement and they certainly are not big enough to fit in a double bed which literately had the head against the wall the foot almost touching the opposite wall which was also the entrance to the bathroom and was placed immediately where you open the door to the room Simply not good enough , Location,5.8,1
H tel Concorde Montparnasse,Paris,3/20/2016, Germany ,Leisure,"[' Leisure trip ', ' Couple ', ' Classic Double Room ', ' Stayed 2 nights ', ' Submitted from a mobile device ']", really really hot inside bad condition we called the staff twice and finally the came after 30mins but it still got the whole night bad bad , it was clean and provided the slippers ,4.6,1
DoubleTree by Hilton Hotel London Tower of London,London,1/28/2016, United Kingdom ,Leisure,"[' Leisure trip ', ' Couple ', ' Queen Room ', ' Stayed 1 night ']", we booked for parking to be told on arrival there was no parking had to walk ten mins with are bags in a monsoon we got soaked not happy at all on new years eve , the sky lounge,5.4,1
Britannia International Hotel Canary Wharf,London,12/11/2015, United Kingdom ,Unknown,"[' Solo traveler ', ' Standard Double Room without Window ', ' Stayed 1 night ', ' Submitted from a mobile device ']", Hotel requires proper heating in bar and social gathering areas Mostly new windows required Dampness all over ceilings in said area Hotel need refurbished , Very friendly bar staff 1spanish gentelmen ,6.7,1
Park Grand London Kensington,London,10/13/2015, Finland ,Leisure,"[' Leisure trip ', ' Family with older children ', ' Deluxe Triple Room ', ' Stayed 3 nights ']", Breackfasts were disastrous On Saturday morning we had to wait over 30 minutes to get to breakfast room and still we couldn t get one table for me and my daughters All the food that was meant to be warm was already cold and there was hardly anything left Getting coffee and tea took ages and whole hall was pretty messy And we weren t there even late about 9am next day we went earlier because of our flight but when we came back out there were a lot more people waiting to get in to breakfast, The location of the hotel was perfect Just by the underground and some really good restaurants ,5.0,1
Hotel 82 London,London,8/20/2016, United Kingdom ,Business,"[' Business trip ', ' Couple ', ' Superior Double or Twin Room ', ' Stayed 1 night ', ' Submitted from a mobile device ']", Cramped room tiny Lack of basic toiletries and shower cap in bathroom Narrow door into shower had to squeeze in and we are slim Shower flow weak Tv didn t work no signal Coffee making facilities inside wardrobe too dark to see Not a good idea to have a steaming kettle inside a wardrobe No teaspoon supplies of tea and coffee absolutely minimal Not enough for two cups Hairdryer old fashioned type fixed to the wall fell apart in use Buffet breakfast not available until 7 30 am despite 24 7 staff we had an early appointment in London Horrible view from window All in all very disappointing and hugely overpriced Could not recommend Poor value, Clean and fresh bed quiet room Pleasant welcome on arrival ,5.4,1
Grand Royale London Hyde Park,London,2/4/2017, Cyprus ,Leisure,"[' Leisure trip ', ' Solo traveler ', ' Superior Double Room ', ' Stayed 3 nights ', ' Submitted from a mobile device ']", Tiny room Small bed Dirty toilet upon arrival Dirty walls from scraches Small menu for in room dining No slippers and bathrobes in the room they brought them after my call Old room needs renovation , Friendliness of the Reception staff ,5.4,1
Vincci Maritimo,Barcelona,6/29/2017, Lebanon ,Leisure,"[' Leisure trip ', ' Couple ', ' Double or Twin Room ', ' Stayed 4 nights ']", it is located in very calm area very distant for walking from the city center about 15 20 minutes in metro the surrounding neighborhood is very poor nothing around no cafes no restaurants only mini market 2 mn walk decent shopping mall 15 minutes walking rare people during the day and nobody during the night 15 minutes metro frequency after 21 h and 30 mn after 22 h the metro is 4 minutes walk from the hotel it is a waste of time i do not recommend at all it is not a 4 stars hotel in my opinion cleanliness is average with small rooms and simple breakfast services are very basic , i didn t like the hotel Does not worth the money i paid very expensive you can take better one in the city center with the same price ,4.2,1
Novotel Wien City,Vienna,8/2/2016, United Arab Emirates ,Leisure,"[' Leisure trip ', ' Family with young children ', ' Executive Room 2 adults 2 children ', ' Stayed 2 nights ', ' Submitted from a mobile device ']", The parking is far away from the hotel and the cost of the hotel parking is too much 22 eur there is no swimming pool No halal food for muslem we return the garage card and they also charge us around 11 eur for the garage card without tell us we book a family room and its very small , Friendly staff and breakfast,6.7,1
Starhotels Ritz,Milan,2/2/2016, Sweden ,Leisure,"[' Leisure trip ', ' Group ', ' Superior Double or Twin Room ', ' Stayed 2 nights ', ' Submitted from a mobile device ']", Receptions attitude They didnt wanted to check us in cause 1 of 3 person in the room wasnt 18 he turned 18 next week even if the other 2 person was 19 They didnt wanted to help us find a solution If not an italian friend of us that spoke to a policeman and he admitted that we can check in because It s 15 years old limit we would be forced to live under a bridge Very bad attitude of the hotel reception, Rooms breakfast localization,5.8,1
NH Collection Amsterdam Grand Hotel Krasnapolsky,Amsterdam,11/11/2016, Spain ,Leisure,"[' Leisure trip ', ' Group ', ' Superior Double or Twin Room ', ' Stayed 3 nights ', ' Submitted from a mobile device ']", Snobbish receptionist with no interest in their clients , On checkin the reception wanted to upgrade us The truth was that the room they wanted to give us was bigger but in a shabby rundown section located outside the hotel down the street 50 metres ,5.0,1
Grand Royale London Hyde Park,London,7/3/2017, United Kingdom ,Leisure,"[' Leisure trip ', ' Couple ', ' Superior Double Room ', ' Stayed 1 night ', ' Submitted from a mobile device ']", Tiny room and bathroom so small that the door couldn t open properly due to toilet behind it Lots of noise coming from outside and view of bins and rubbish from room window ,No Positive,6.3,1
Novotel Paris Centre Tour Eiffel,Paris,12/14/2015, United Kingdom ,Leisure,"[' Leisure trip ', ' Couple ', ' Superior Double Room with 1 Double Bed and 1 Sofa Bed 2 places ', ' Stayed 4 nights ']", In Paris 13 11 15 Checked out early as Paris on lock down after terrorist attack No sympathy from staff No discount Took full payment for 2 nights unused Reason given other people have cancelled Will never stay in Novotel again by choice,No Positive,5.4,1
Park Plaza Westminster Bridge London,London,4/25/2017, United Kingdom ,Leisure,"[' Leisure trip ', ' Family with young children ', ' 2 rooms ', ' Stayed 1 night ', ' Submitted from a mobile device ']", I booked this hotel a few months ago as my son was running the London Marathon and wanted to book early to avoid disappointment On Friday the day before our travel we received an email from yourselves advertising the hotel for 200 less than we paid but unfortunately we were unable to get any reduction on the price paid which is dissapointing I will not be booking any accommodation with yourselves unless last minute bookings, Restaurant relaxing and ambience good,6.7,1
Grange St Paul s Hotel,London,12/11/2016, United Kingdom ,Business,"[' Business trip ', ' Solo traveler ', ' Superior Double Room ', ' Stayed 1 night ']", Shower had used shower gel bottles left in it Music from a party blasting until 1 am ,No Positive,5.0,1
DoubleTree by Hilton Amsterdam Centraal Station,Amsterdam,5/21/2017, Qatar ,Business,"[' Business trip ', ' Solo traveler ', ' Deluxe King Room ', ' Stayed 5 nights ', ' Submitted from a mobile device ']", Room clean less, Location view transportation,5.8,1
Hotel Mozart,Milan,3/27/2017, United Kingdom ,Leisure,"[' Leisure trip ', ' Couple ', ' Classic Double Room ', ' Stayed 3 nights ']", Our room and hotel in general was extremely hot temperature wise when we asked reception about this at the hotel they told us it was due to them having warm weather the week before ,No Positive,5.0,1
Rainers Hotel Vienna,Vienna,5/27/2017, Serbia ,Business,"[' Business trip ', ' Group ', ' Superior Twin Room ', ' Stayed 2 nights ']", hidden expenses parking 21eur per day room was to far away from elevator breakfast fee 15eur ,No Positive,4.2,1
La Suite West Hyde Park,London,7/12/2017, United Kingdom ,Leisure,"[' Leisure trip ', ' Couple ', ' Superior Double Room ', ' Stayed 2 nights ']", The staff were unhelpful and the room had not been cleaned properly Towels were used bath soaps were missing and the toilet was unflushed there were still faeces left in the toilet bowl Disgusting Compensation of free breakfast was offered Very disappointing stay , Nice decoration and style to the room ,6.7,1
Hilton London Kensington Hotel,London,4/3/2017, United Kingdom ,Leisure,"[' Leisure trip ', ' Couple ', ' Double Hilton Guestroom ', ' Stayed 2 nights ']", Overpriced paid for upgraded larger room which was tiny and bathroom miniscule Was credited back the upgrade cost but 17 00 for glass of wine and a pint and 19 00 pp for breakfast Taxi and tube fares meant it would have been worth paying more for staying in Zone 1 as we did on previous visit If you are visiting theatres expect 30 for taxis, Hotel was up to standard but nothing special and rooms were tiny,6.3,1
NH Collection Amsterdam Grand Hotel Krasnapolsky,Amsterdam,5/7/2016, United Kingdom ,Leisure,"[' Leisure trip ', ' Group ', ' Superior Double or Twin Room ', ' Stayed 1 night ', ' Submitted from a mobile device ']", Check in took about twenty five minutes with staff trying to locate a twin room which I had booked and already paid for Was then sent to lift which was tucked away next to an entrance to a kitchen or service area located a long way from reception and the room only to find a lift 3 doors from our room Their version of a twin room is two single beds pushed up against each other Placement of fixed bedside tables means this is the only way it can be done The floors felt sticky Room only had one set of toiletries and one bathrobe and one pair of slippers Flaking paint in shower Shower made deafening noise which we only realised late just before going to bed All in all it felt like a poor budget hotel other than for communal areas Room was located at side of hotel heading towards red light district and noisey at night Shame really as there is so much potential , Impressive foyer and central location though this is not much of a bonus as Amsterdam is so small and easy to get around where ever you are ,5.4,1
Britannia International Hotel Canary Wharf,London,4/14/2016, France ,Business,"[' Business trip ', ' Solo traveler ', ' Standard Single Room ', ' Stayed 2 nights ']", No wifi Unpleasant staff Old management style need a form to go to breakfast Not possible to go through the backdoor to walk to the metro despite the fact that it would shorten the way My card couldnt open the bedroom door twice this put me in much delay one the last day and I missed my train I wouldnt recommand this hotel ,No Positive,4.2,1
Park Plaza Westminster Bridge London,London,11/7/2015, United Kingdom ,Leisure,"[' Leisure trip ', ' Solo traveler ', ' Superior Double Room with Internal View ', ' Stayed 1 night ', ' Submitted from a mobile device ']", Queue to check in unacceptable standing for over 30 mins with some staff clearly not being efficient with their time and not serving customers No apology given You need a better system Room Service person who delivered my food looked at me like I had two heads when I paid in cash I paid over 30 for food so please value your customers more , Quality of room was lovely,6.7,1
Doubletree by Hilton London Kensington,London,8/9/2015, United Kingdom ,Leisure,"[' Leisure trip ', ' Family with young children ', ' Club Twin Room ', ' Stayed 1 night ', ' Submitted from a mobile device ']",No Negative, Location was good for me Tea and coffee could have been more supplied,5.0,1
Karma Sanctum Soho Hotel,London,12/20/2016, United Kingdom ,Leisure,"[' Leisure trip ', ' Couple ', ' Junior Suite ', ' Stayed 1 night ', ' Submitted from a mobile device ']", More shabby than chic Rooms need a spruce up , Good location Good vibe ,5.0,1
Radisson Blu Champs Elys es Paris,Paris,10/16/2015, Kuwait ,Leisure,"[' Leisure trip ', ' Group ', ' Deluxe Room ', ' Stayed 2 nights ', ' Submitted from a mobile device ']", When room service changed the blanket the replaced it with dirty blanket which was a shock , The location,5.8,1
Grange St Paul s Hotel,London,8/28/2016, Jersey ,Leisure,"[' Leisure trip ', ' Family with young children ', ' Superior Double Room ', ' Stayed 2 nights ']", 1 generator noise made it hard to sleep heard other guests complaining too at check out 2 It took more than 30 mins to get on the elevator at check out time couldn t use stairs as had a pram luggage 3 Front desk person on checkout was not very pleasant at all 4 Breakfast food was reasonable but had to hunt down a server to get some coffee and our plates were not cleared at any stage 4 very unclear whether breakfast was included Was told it was on check in and on the first day of our visit at breakfast there was no problem and then when at the entry on the second day we were told we would have to pay went to Cafe Rouge next door which was nicer anyway , 1 location 2 They accommodated us having an adjoining room 3 Well appointed rooms 4 Good room service and housekeeping staff are obviously quite efficient,6.7,1
Hotel Best Western PLUS Alfa Aeropuerto,Barcelona,12/16/2016, United States of America ,Leisure,"[' Leisure trip ', ' Solo traveler ', ' Twin Room with Free Airport Shuttle Service from 5 00am to 00 30am ', ' Stayed 1 night ']", The hotel is near the airport but in an industrial area Nothing of interest in the vicinity so one just goes there to sleep Breakfast buffet was pretty good but service terrible One lone staffer couldn t keep up with attending to the dining area although not that many of us there at that time He spent more time in the kitchen than in the dining room so maybe they were short staffed there also , All amenities needed by a traveler Staff generally very helpful I needed to go to the airport way earlier than their shuttle service operated but they happily organized a taxi for me and offered to make me a boxed breakfast to go There is a bus stop right outside the hotel making it very easy to get into the city and back ,6.7,1
Ilunion Almirante,Barcelona,10/4/2016, United Kingdom ,Leisure,"[' Leisure trip ', ' Solo traveler ', ' Double or Twin Room ', ' Stayed 6 nights ', ' Submitted from a mobile device ']", Everything it was dirty smelt awful everything was worn floors walls really awful place I wouldn t stay there if I was paid to it was disgusting also the rooms are very small , The staff were very nice ,3.8,1
Britannia International Hotel Canary Wharf,London,5/3/2017, South Africa ,Leisure,"[' Leisure trip ', ' Solo traveler ', ' Standard Single Room ', ' Stayed 10 nights ', ' Submitted from a mobile device ']", Gym wifi charges separately didn t include, N a ,5.0,1
IH Hotels Milano Puccini,Milan,6/21/2016, Oman ,Unknown,"[' Group ', ' Double Room ', ' Stayed 2 nights ', ' Submitted from a mobile device ']", Very bad service front disk person at night even not talk to you in good way Smile on coredor of floor three, Location,2.5,1
Marlin Waterloo,London,6/29/2017, United Kingdom ,Leisure,"[' Leisure trip ', ' Group ', ' Deluxe Room ', ' Stayed 3 nights ']", Chaotic management Staff were shifting all the time When problems occured they said they would solve it in a friendly way but the problems were never solved The door lock was dead the first day we arrived so we had to change a room We lost something in that room and they promised to get it to us Everyday we had to explain the situation to a new staff and the lost stuff never came back to us Finally a supervisor promised to mail the stuff to us in Newcastle but ten days has passed and still nothing All in all I don t recommend this place considering its high price and unpleasant service , The room was spacious The location was good ,5.0,1
Hilton London Tower Bridge,London,12/24/2016, United Kingdom ,Leisure,"[' Leisure trip ', ' Couple ', ' Double Guest Room ', ' Stayed 1 night ', ' Submitted from a mobile device ']", Heating system noisy Roadworks meant taxi more expensive due to diversions Drinks were ridiculously expensive and who thnks 20 each for a standard hotel breakfast is value Had to keep curtains shut since office workers opposite could see in v close , Comfy bed Staff v helpful when I needed freezer packs frozen for shop at Borough Market the next morning ,6.7,1
Hotel Lam e,Vienna,8/23/2015, United Arab Emirates ,Leisure,"[' Leisure trip ', ' Family with older children ', ' Deluxe Double Room ', ' Stayed 3 nights ', ' Submitted from a mobile device ']", Very small rooms I ve booked 3 deluxe rooms which is bigger than the superior rooms and I was shouked by the size which is so small No loopy only small place for the reception Because of the small colidores and the small rooms and the small reception area and no loopy u can t feel or engoy the nice decoration of the hotel, Perfect Location in the city centre,6.3,1
The Park Grand London Paddington,London,8/18/2015, Hong Kong ,Leisure,"[' Leisure trip ', ' Family with older children ', ' Deluxe Double Room ', ' Stayed 4 nights ', ' Submitted from a mobile device ']", Rooms were not as advertised Although clean and well maintained rooms were a bit run down Rooms were very small for the price Hardly room to dwing a cat Management were not responsive to requests for change Had the feeling of being conned , Location was only 10 mins from Paddington station Good and free wifi,5.4,1
Grand Hotel Downtown,Amsterdam,9/29/2015, Russia ,Leisure,"[' Leisure trip ', ' Solo traveler ', ' Double or Twin Room ', ' Stayed 3 nights ']", very poor breakfast Far away from center Hotel absolutely doesnt cost this money , Garage But they asked cash deposit for it ,5.8,1
Durrants Hotel,London,12/16/2016, United Kingdom ,Leisure,"[' Leisure trip ', ' Family with young children ', ' Double or Twin Room ', ' Stayed 1 night ', ' Submitted from a mobile device ']", We were kept waiting 30 minutes for food to arrive the ma tre d was screaming at a poor girl in the kitchen Lola telling her to go home it was awful the door to the kitchen was open and then he went back and started again It was like faulty towers only worse The food finally arrived after we complained about the wait Spoilt our breakfast completely which was a shame as the food was good once it arrived Shambolic ,No Positive,6.7,1
The Cumberland A Guoman Hotel,London,12/2/2016, United Kingdom ,Business,"[' Business trip ', ' Solo traveler ', ' Standard Single Room ', ' Stayed 1 night ']", Breakfast service was very average,No Positive,5.8,1
Hotel Spa Villa Olimpica Suites,Barcelona,8/13/2016, Denmark ,Leisure,"[' Leisure trip ', ' Family with older children ', ' Double Room ', ' Stayed 3 nights ', ' Submitted from a mobile device ']", On the day we arrived the hotel had for some reason arranged a pool party with loud music to be heard throughout the day and all evening in the entire hotel and in the rooms Extremely annoying for guests seeking relaxation and quiet ,No Positive,5.4,1
Hilton London Euston,London,9/27/2016, United Kingdom ,Business,"[' Business trip ', ' Family with young children ', ' Twin Guest Room ', ' Stayed 1 night ', ' Submitted from a mobile device ']", Some staff were rude food was poor cold and wrong orders , The room was very nice clean and modern Hotel was located ideally ,6.3,1
Hotel L Antoine,Paris,3/18/2017, France ,Business,"[' Business trip ', ' Couple ', ' Superior Double or Twin Room ', ' Stayed 1 night ']", Small room Too noisy facing the street ,No Positive,5.8,1
Ilunion Barcelona,Barcelona,10/28/2015, Belgium ,Leisure,"[' Leisure trip ', ' Couple ', ' Double or Twin Room ', ' Stayed 3 nights ']", The poor shower The noise The bed The dry and warm air in the room The TV not working in the gym, The size of the room The gym,5.4,1
Cordial Theaterhotel Wien,Vienna,9/15/2016, Ukraine ,Leisure,"[' Leisure trip ', ' Group ', ' Suite ', ' Stayed 1 night ']", Aweful bed and sofa mattresses probably haven t been changed since hotel was opened I had back pain the following morning There is sort of kitchen in the room but absolutely no utensils even no glasses for water All in all hotel need renovation it had its time , Friendly and helpful staff ,3.8,1
Park Plaza County Hall London,London,10/3/2016, Singapore ,Leisure,"[' Leisure trip ', ' Family with young children ', ' Studio Double Family ', ' Stayed 5 nights ']", This hotel does not have parking bay and it makes it difficult to get dropped off or take a taxi We stayed in a family studio and found a sofabed too soft The rooms at Park Plaza Westminster Bridge opposite were more spacious and more comfortable , Location is excellent ,6.7,1
Henry VIII,London,11/30/2016, Cyprus ,Leisure,"[' Leisure trip ', ' Family with young children ', ' 2 rooms ', ' Stayed 3 nights ', ' Submitted from a mobile device ']", The rooms were VERY small and even though we booked a double room the bed would not fit us , The breakfast was good and the location of fhe hotel convenient ,5.4,1
Suite Hotel 900 m zur Oper,Vienna,11/6/2016, Kosovo ,Leisure,"[' Leisure trip ', ' Family with young children ', ' Standard Suite ', ' Stayed 1 night ', ' Submitted from a mobile device ']", Breakfast could have been better Only pork was served The senior lady at the reception was tough and not friendly , The family room was very spacy with two bathrooms and two sleeping rooms We could walk from the hotel to the Stephansplatz Hotel offers a garage for the car with payment ,4.2,1
Hotel Royal Elys es,Paris,3/11/2016, Australia ,Leisure,"[' Leisure trip ', ' Couple ', ' Double Room ', ' Stayed 3 nights ', ' Submitted from a mobile device ']", Not spacious and facilities are very limited, Location is good,6.7,1
Hotel Cavour,Milan,5/6/2016, Turkey ,Business,"[' Business trip ', ' Solo traveler ', ' Single Room ', ' Stayed 1 night ']", The room for breakfast is not enough for rush hours You have to wait like you didnot pay that much of money , Wi fi ,5.4,1
Britannia International Hotel Canary Wharf,London,9/6/2016, United Kingdom ,Leisure,"[' Leisure trip ', ' Solo traveler ', ' Standard Double Room without Window ', ' Stayed 1 night ']", the place was filthy despite me paying an extra 20 to upgrade to an executive suite only 2 teabags no coffee and 2 milk bathroom floor filthy bed was falling apart whole room dated and stank of smoke, nothing at all,2.9,1
Millennium Gloucester Hotel London,London,7/9/2017, Thailand ,Leisure,"[' Leisure trip ', ' Solo traveler ', ' Standard Double Room ', ' Stayed 2 nights ', ' Submitted from a mobile device ']", The room maids are probably mostly foreigners Sign on door pls do not disturb It was ignored , Near the tube,5.0,1
The Queens Gate Hotel,London,4/3/2016, Germany ,Leisure,"[' Leisure trip ', ' Family with older children ', ' Standard Queen Room ', ' Stayed 2 nights ']", It s looking tired the heating wasn t working very well panels from the door close mechanism are missing in the ladies the electrical PAT test certificate stickers had a mix of dates and the ones I looked it stated they were over due The service in the bar was very slow The cleaning standards have slipped We have been visiting for the past 6 years but don t plan to return , Great location,6.3,1
Savoy Hotel Amsterdam,Amsterdam,7/5/2016, Czech Republic ,Leisure,"[' Leisure trip ', ' Couple ', ' Twin Room ', ' Stayed 2 nights ']", Room wasn t so clean A lot of things was broken and old Absolutely not comfortable bed and sheets And they tried to scam me for 45 euros , Room wasn t small ,3.8,1
H tel de Lille,Paris,7/16/2016, United Kingdom ,Leisure,"[' Leisure trip ', ' Couple ', ' Executive Double Room ', ' Stayed 3 nights ']", Room very small shower cubicle very small Would not recommend to anyone over 10 stone , Superb tv set up Loads of music playlists including 128 rock classics ,5.4,1
Chiswick Rooms,London,10/9/2015, Norway ,Business,"[' Business trip ', ' Solo traveler ', ' Compact Double Room with Private Bathroom ', ' Stayed 2 nights ']", I had ordered a room to the backyard because I need a silent room for sleeping The room I got was also so compact that I couldn t stand up without knocking the head in the ceiling and the window was also in the ceilinng The room was absolutely not worth the money For that price I think they could have a room service for simple breakfast delivered from the new coffee shop at the corner , The hotel was centrally located to the company where I had my meetings ,3.8,1
Little Palace Hotel,Paris,10/9/2016, United Arab Emirates ,Leisure,"[' Leisure trip ', ' Group ', ' 2 rooms ', ' Stayed 11 nights ', ' Submitted from a mobile device ']",No Negative, it was one of the worst experiences I had in Paris the staff were not helpful at all they changed their prices as soon as we reached the hotel a different price for every night I had to check out because of how bad the treatment was ,2.5,1
Arthotel ANA Boutique Six,Vienna,9/8/2016, Montenegro ,Business,"[' Business trip ', ' Solo traveler ', ' Single Room ', ' Stayed 1 night ', ' Submitted from a mobile device ']", I have stay many times in this hotel and always was perfect This time room was with smell not clean and madrace was not flat making sleep uncomfortable During check in lady from reception was talking with guest in Bulgarian language explaining directions and suggesting place in city She didnt pay attantion to me even I was waiting more than 10 minutes I understand it is important to help countrymans but still I m guest as well and it was almost 22 00 h Finaly another person come and take care about my check in I am not satisfied at all with this stay , Location,4.6,1
Uptown Palace,Milan,8/9/2016, India ,Leisure,"[' Leisure trip ', ' Couple ', ' Deluxe Double Room ', ' Stayed 2 nights ', ' Submitted from a mobile device ']", The location was quite far from the main station The hotel was quite small and not really a 5 star, The room was comfortable,6.7,1
Catalonia Atenas,Barcelona,10/10/2016, Belgium ,Leisure,"[' Leisure trip ', ' Family with young children ', ' Double or Twin Room ', ' Stayed 2 nights ', ' Submitted from a mobile device ']", Room had a strange small too expensive for what you get, Staff location metro,6.5,1
DoubleTree by Hilton London Docklands Riverside,London,7/16/2017, United Kingdom ,Business,"[' Business trip ', ' Solo traveler ', ' Queen Guest Room ', ' Stayed 1 night ']", Were overbooked and air conditioning barely working , Manager very polite did his best to help honest and acknowledged problems Discount ,6.7,1
Millennium Copthorne Hotels at Chelsea Football Club,London,4/5/2017, United Kingdom ,Leisure,"[' Leisure trip ', ' Couple ', ' Standard Double Room ', ' Stayed 1 night ', ' Submitted from a mobile device ']", We had to pay for parking very small rooms Food was rubbish no tuna but cucumber and onion in my partners sandwich,No Positive,5.0,1
Pullman Paris Tour Eiffel,Paris,3/20/2017, United Kingdom ,Leisure,"[' Leisure trip ', ' Couple ', ' Deluxe King Room Balcony with Eiffel Tower View ', ' Stayed 2 nights ', ' Submitted from a mobile device ']", Bad service not well clean stuff frowned, Location,3.8,1
W Amsterdam,Amsterdam,4/17/2017, United Arab Emirates ,Business,"[' Business trip ', ' Couple ', ' Wonderful Exchange King ', ' Stayed 3 nights ']", noisy bad service especially staff, nothing special overrated,3.8,1
Thistle Holborn The Kingsley,London,6/11/2017, United Kingdom ,Business,"[' Business trip ', ' Solo traveler ', ' Deluxe King Room ', ' Stayed 2 nights ', ' Submitted from a mobile device ']", I had a kingsize room but it was still quite basic No hair conditioner provided instant coffee only no minibar only tiny water glasses The bathroom was cold and no heated towel rail or it didn t work The reception staff were slow to check in out seemed more interested in chatting in the back office It s also hard for taxis to stop at the front of the hotel and there is no doorman to help This was my second stay I don t think I will use again it wasn t cheap and you can get more luxury for the same price in a boutique hotel or apartment , The rooms at the back of the hotel are quiet Nice reception area and lifts are not too busy Bed was comfortable and the room was clean ,4.6,1
Kensington House Hotel,London,5/15/2017, United Kingdom ,Leisure,"[' Leisure trip ', ' Couple ', ' Superior Double Room ', ' Stayed 1 night ', ' Submitted from a mobile device ']", Mould in the shower tatty shower curtain tatty behind the bar tiny lift poor service at breakfast , Free drink and nibbles in the bar Nice fluffy towels ,6.3,1
Mercure Paris Centre Tour Eiffel,Paris,5/31/2017, Indonesia ,Leisure,"[' Leisure trip ', ' Group ', ' Standard Twin Room ', ' Stayed 2 nights ', ' Submitted from a mobile device ']", Only one bottle compliment for twin bed no mug glass in the room only papercup, Location,6.3,1
Acta CITY47,Barcelona,3/31/2016, United States of America ,Leisure,"[' Leisure trip ', ' Couple ', ' Double Room ', ' Stayed 5 nights ', ' Submitted from a mobile device ']", Room service and facilities There was no simple slipper in room , Location cleanness ,6.7,1
Aloft London Excel,London,9/29/2016, United Kingdom ,Business,"[' Business trip ', ' Solo traveler ', ' Double or Twin Room ', ' Stayed 2 nights ']", Shower in the room was terrible breakfast was average Bar didn t open till 5pm Snooker cues taken away when the bar closed which was a little harsh and not exactly customer friendly,No Positive,5.4,1
Holiday Inn Paris Gare Montparnasse,Paris,5/31/2016, United Kingdom ,Leisure,"[' Leisure trip ', ' Couple ', ' Double Room Non Smoking ', ' Stayed 3 nights ', ' Submitted from a mobile device ']", Breakfast choice was very limited Shower not high enough for husband to stand under Toilet smelt of drains , Bed was comfortable good size,5.4,1
Grange St Paul s Hotel,London,8/30/2016, United Kingdom ,Leisure,"[' Leisure trip ', ' Couple ', ' Superior Double Room ', ' Stayed 2 nights ', ' Submitted from a mobile device ']", Absolutely untrained staff who can t make a proper jug of tea for two people they actually put one teabag in a litre of hot water Our room was allocated to us and to another couple who opened the door while we were naked Waited in the bar for 1 hour for our meal to find out that it wasn t ordered on the first place , The area,5.4,1
Grand Royale London Hyde Park,London,5/10/2016, United Kingdom ,Leisure,"[' With a pet ', ' Leisure trip ', ' Couple ', ' Superior Double Room ', ' Stayed 1 night ', ' Submitted from a mobile device ']", Air con didn t work shower head was loose run out off wine and beer meant to be a double room ended up being to single beds poorly spoken English speaking staff , Nice and clean hotel,4.2,1
Acad mie H tel Saint Germain,Paris,6/6/2017, United States of America ,Leisure,"[' Leisure trip ', ' Couple ', ' Deluxe Double Room with Spa Bath ', ' Stayed 4 nights ', ' Submitted from a mobile device ']", Room size view, Staff,6.7,1
W Amsterdam,Amsterdam,4/16/2017, Israel ,Leisure,"[' Leisure trip ', ' Couple ', ' Wonderful Exchange King ', ' Stayed 3 nights ']", The least practical hotel we ve ever stayed in For example the shower is located in the room next to the bed not in a bathroom so it was impossible for someone to sleep while the other one takes a shower Even the light switch of the shower and room is the same Takes forever to use the elevators a lot of people coming in to the 6th floor combined with 2 slow elevators caused a super long waiting time whenever we wanted to go up to the room not a huge deal but for such an expansive hotel this shouldn t be an issue , Great location and service,6.7,1
Atahotel Linea Uno,Milan,7/6/2016, Norway ,Business,"[' Business trip ', ' Couple ', ' Studio ', ' Stayed 8 nights ']", we spent 8 days in the hotel but our room has been cleaned only 3 times insects in room ant cockroach non soundproof walls missing vault poor internet connection, comfortable beds close to metro ,5.8,1
Grange St Paul s Hotel,London,1/3/2017, United Kingdom ,Leisure,"[' Leisure trip ', ' Couple ', ' Superior Double Room ', ' Stayed 2 nights ', ' Submitted from a mobile device ']", The hotel seems to have lost its gloss No one thing just a series of small things The TV not working in our room the inedible seafood platter in New Year s Eve the lack of cleaning after New Year s Eve one of the lifts being out of service the cleaner walking in without knocking There were more things We have visited this hotel several times in the past but don t plan to again , The location,5.4,1
Copthorne Tara Hotel London Kensington,London,3/4/2016, United Kingdom ,Business,"[' Business trip ', ' Solo traveler ', ' Superior Twin Room ', ' Stayed 2 nights ']", All the pillows in the bedroom were very hard making sleep difficult I asked for a softer pillow and the one that was brought was just as hard , The location was great for what I required and the young doorman was very good sorry don t know his name Breakfast and the breakfast staff were excellent ,5.4,1
Dikker en Thijs Fenice Hotel,Amsterdam,4/25/2017, United Kingdom ,Leisure,"[' Leisure trip ', ' Couple ', ' Basic Double Room ', ' Stayed 4 nights ']", It would have been nice to have an entrance with comfortable seating or somewhere else to sit Traffic was quite noisy ,No Positive,6.3,1
NH Carlton Amsterdam,Amsterdam,4/26/2017, United Kingdom ,Business,"[' Business trip ', ' Solo traveler ', ' Standard Double or Twin Room ', ' Stayed 3 nights ']", Rooms were a bit basic and in need of some TLC to get back to a better standard , The hotel was the most conveniently placed accommodation for work ,5.8,1
Dikker en Thijs Fenice Hotel,Amsterdam,12/20/2016, United Kingdom ,Leisure,"[' Leisure trip ', ' Couple ', ' Superior Room ', ' Stayed 2 nights ']", I didnt like that a card pre authorisation may be taken although this was pay nothing till you get there with free cancelation 3 weeks before I arrived they took 1 nights payment 158 without warning When I challenged this I was told they had not taken it in a couldnt care less attitude it was just put on hold and if I wasnt happy I could cancel and the money would be realeased back to me in 7 10 days I had booked well in advance and could not risk cancelling in case another hotel did they same thing before I got my money back They told me they would release the funds back into my account the day I arrived if I didnt cancel 2 weeks later the money appeared in my account The superior room was a waste of time space and money Although there were 2 chairs with a table there was a large space unoccupied that was useless I would reccomend you go for the comfortable double and to watch out for money taken out your account without warning The Gym was what I would describe as a single room , The hotel was central with nice breakfast and 24 hour consierge Bed comfortable although the superior room had twin beds together that didnt stay together causing a gap Nice toiletries including conditioner that were replaced once used ,6.7,1
NH Collection Amsterdam Grand Hotel Krasnapolsky,Amsterdam,6/23/2016, United States of America ,Leisure,"[' Leisure trip ', ' Family with older children ', ' Superior Double or Twin Room ', ' Stayed 2 nights ']", Staff service staff arrogance hotel value way over priced The superior rooms are min 150 per night more than comparable better quality hotels within short walk We had torn sheets on our beds that we asked to get changed and were not We were not helped with our bags even when we had changed rooms Crappy pillows porter baggage assistants non existent Dirty room crappy room over loading dock which was a superior room If this were a discount hotel then some of this wouldn t matter but the fact that they call themselves a 5 star hotel is a joke , The more expensive rooms are fine Staff service is poor especially for a 5 star hotel ,2.9,1
Crowne Plaza London Kings Cross,London,9/29/2015, United Kingdom ,Business,"[' Business trip ', ' Solo traveler ', ' Standard Room ', ' Stayed 1 night ', ' Submitted from a mobile device ']", Thin walls Could hear people next door No free wifi Fire alarm went off in the night ,No Positive,6.9,1
Expo Hotel Barcelona,Barcelona,10/1/2015, United States of America ,Leisure,"[' Leisure trip ', ' Couple ', ' Standard Double or Twin Room with Balcony ', ' Stayed 2 nights ', ' Submitted from a mobile device ']", Rooms are extremely outdated Only one other in the entire room to charge any electronics Walls are super thin , Rooms are extremely outdated Only one electrical outler in the entire room to charge any electronics Walls are super thin Toilets don t flush well Staff is super friendly and location is perfect for getting around Barcelona using the train system ,5.4,1
Grand Royale London Hyde Park,London,11/22/2015, United Kingdom ,Business,"[' Business trip ', ' Solo traveler ', ' Deluxe Single Room ', ' Stayed 1 night ', ' Submitted from a mobile device ']", Tiny bedroom,No Positive,6.7,1
Royal Ramblas,Barcelona,3/24/2017, Brazil ,Leisure,"[' Leisure trip ', ' Couple ', ' Double Room with Extra Bed 2 Adults 1 Child ', ' Stayed 2 nights ', ' Submitted from a mobile device ']", Staff impolite typical Catalonian , Location,6.7,1
Commodore Hotel,London,12/10/2015, United Kingdom ,Leisure,"[' Leisure trip ', ' Solo traveler ', ' Suite ', ' Stayed 1 night ', ' Submitted from a mobile device ']", The room was somewhat tired flaking paint etc Also the window just overlooked the roof and it was difficult to get to anyway Not really a 4 hotel, The location was fine and breakfast was good ,5.4,1
Hotel SB Icaria Barcelona,Barcelona,3/30/2016, United Kingdom ,Leisure,"[' Leisure trip ', ' Family with young children ', ' Family Room ', ' Stayed 3 nights ']", A long list To start with 1 Family room is horribly designed with the single beds made out of iron and sharp curves hit kids often and not only kids even adults have to be careful see the hardly one leg space gap between the red chair and one single bed and the iron stands of bed ridiculous design 2 just next to the red chair is a table with sharp corners which also is dangerous for kids 3 absolulete non sense lighting system between the two rooms for family rooms This would mean you cannot switch off one room s any lights on its own So if kids want to keep their lights ON or parents need to keep lights ON no option to switch off any room lights on its own only 1 master light switch for both rooms which means if either of one room needs to sleep rest and other room needs lights ON then the one who wants to rest sleep need to do so with full beaming lights ON 4 staff is clueless and have one standard answer they say no one had ever problems till date so they cant help if our kids got hurt with the iron metal legs or sharp tables or hardly any distance between chairs and beds 5 room service attitude and reception staff attitude rude When room service waiter asked to boil baby milk bottle he advises us to do ourselves in bathroom using hot water Reception staff when requested for an hour late check out well in advance says we will be charged 10 euros per hour Reception staff arrogantly says goodnight to end the discussion whilst we are still talking When requested for free complimentary water bottle staff says you booked a room and didnt book a water bottle What a ridiculous answer Room service when asked to get some plates for kids dinner they say we will be charged 4 euros to deliver plain plates bcoz we are using their service else we have to come down and get it own Pathetic ready answers the whole staff needs to be trained in customer service skills for a 4 star hotel ,No Positive,2.5,1
Grand Royale London Hyde Park,London,6/26/2017, United Kingdom ,Leisure,"[' Leisure trip ', ' Family with young children ', ' 2 rooms ', ' Stayed 1 night ', ' Submitted from a mobile device ']", Twin room is tiny with very little natural light No hotel parking available , Great Location easy to get to using public transport and round the corner from Hyde Park ,6.7,1
Holiday Inn Paris Gare de l Est,Paris,8/27/2015, Germany ,Unknown,"[' Solo traveler ', ' Double Room Non Smoking ', ' Stayed 1 night ']", as always on booking com we see images of rooms of 100m2 during reservation and we are placed in a room of 10m2 at arrival , location near gare de l est,5.0,1
Park Grand Paddington Court,London,1/26/2017, United Kingdom ,Leisure,"[' Leisure trip ', ' Solo traveler ', ' Deluxe Double Room ', ' Stayed 1 night ']", the room was very scruffy bed cover stained had to change room because of machine noise,No Positive,6.3,1
Mercure London Kensington Hotel,London,1/24/2016, United Kingdom ,Leisure,"[' Leisure trip ', ' Couple ', ' Standard Double Room ', ' Stayed 1 night ', ' Submitted from a mobile device ']", Lift broke small bath very noisy wordrobe, Comfortable bed,6.7,1
DoubleTree by Hilton London Hyde Park,London,11/15/2016, United Kingdom ,Leisure,"[' Leisure trip ', ' Couple ', ' Queen Room ', ' Stayed 3 nights ', ' Submitted from a mobile device ']", Poor check of room Bedside and wouldn t switch off A very uncomfortable with little sleep A very small room for money There wasn t any bottled water In room like they normally do The receptionist says you ask for it at the front desk No information on arrival in regard to this To put in nutshell very poor front desk not sufficient attention in regard to room issues Room small Extremely poor value for money Better going a premier inn , Parts of the breakfast and location was good,6.3,1
The Royal Horseguards,London,3/19/2017, Spain ,Leisure,"[' Leisure trip ', ' Couple ', ' Deluxe Double Room with City View ', ' Stayed 7 nights ', ' Submitted from a mobile device ']", You can only provide a 5 star experience when every aspect of the service offered is 5 star In my opinion the management of the Royal Horseguards Hotel falls short in the one thing they should excel in ensure their staff has the eye for detail or their guests for that matter needed to offer a 5 star experience There were some happy exceptions like the man who served us afternoon tea but generally staff seemed too busy with things that didn t matter to their guests Rather disappointing , Great location Beautiful historic building ,5.8,1
Catalonia Eixample 1864,Barcelona,8/30/2015, Saudi Arabia ,Leisure,"[' Leisure trip ', ' Family with older children ', ' Standard Double or Twin Room ', ' Stayed 17 nights ', ' Submitted from a mobile device ']", The staff were rude and not helpful and very bad service I don t recommend that hotel, Only the location,5.0,1
The Ampersand Hotel,London,12/5/2016, United Kingdom ,Leisure,"[' Leisure trip ', ' Group ', ' Small Double Room ', ' Stayed 1 night ', ' Submitted from a mobile device ']", The double room was so small very caulostrphobic the room stunk the smell from the back of the fridge was like stagger water and when you run the taps in the bathroom the smell of drains was disgusting , Location,5.0,1
citizenM Amsterdam,Amsterdam,11/10/2016, United Kingdom ,Leisure,"[' Leisure trip ', ' Couple ', ' Double Room ', ' Stayed 1 night ', ' Submitted from a mobile device ']", Very upset with this property Not only was it very expensive but the super modern attempt at room design is outrageous You can t use the toilet without someone else in the room seeing you and the tech didn t work The shower dripped and we couldn t stop it and couldn t sleep I was promised a discount on my room but this was never given and I ve not had luck calling them Just very poor really and wouldn t recommend this property ,No Positive,4.2,1
TownHouse Galleria,Milan,8/8/2016, United Arab Emirates ,Leisure,"[' Leisure trip ', ' Family with young children ', ' Double or Twin Room with Courtyard View ', ' Stayed 3 nights ', ' Submitted from a mobile device ']", Bathroom washbasin is not working properly and Internet is not working too food is very bad quality ordered pizza nobody eat it ordered waffles and hot chocolate it was also very bad, Nothing,6.3,1
H tel du Minist re,Paris,5/25/2016, Lebanon ,Leisure,"[' Leisure trip ', ' Couple ', ' Deluxe Double or Twin Room ', ' Stayed 4 nights ']", the hotel is not well maintained the design is cool but of very bad quality there was a big spot of humidity and rust in the shower there was a smell of humidity the bed covers were old and stained and dusty staff at reception not presentable and some were sort of depressed not very attractive for a reception, location close to st honore,4.2,1
Park Lane Mews Hotel,London,10/29/2015, United Kingdom ,Business,"[' Business trip ', ' Solo traveler ', ' Single Room ', ' Stayed 2 nights ']", Small bedrooms shower difficult to access, Location,6.7,1
Starhotels Echo,Milan,11/29/2015, Netherlands ,Business,"[' Business trip ', ' Solo traveler ', ' Superior Double or Twin Room ', ' Stayed 3 nights ']", Poor sevice definetly not 4 star qualtity issues with restaurtant 2 evenings in a row very poor service very poor attitude , Location good size rooms good breakfast,6.3,1
DoubleTree by Hilton London Westminster,London,9/15/2016, United Kingdom ,Leisure,"[' Leisure trip ', ' Couple ', ' Queen Room ', ' Stayed 2 nights ', ' Submitted from a mobile device ']", Rude staff in the bar and cloak and dagger optional service charges This is meant to be a hotel bar closes when the last person leaves Not here Sat having a nice quiet drink post Billy Joel concert when at 11 55pm the staff came round blew all the candles on the tables out and removed the drink menus even the ones where people were still sat it wasn t just us lingering And in case we missed the hint to leave they made sure we got the message when they put the lights on full and turned the hoovers on Really And to cap it off the 5 thank you voucher for the bar we got for skipping a room service was negated by a 3 83 optional service charge which was included by default on the bill and never mentioned Sneaky , Nice Breakfast Clean rooms and comfy bed ,6.3,1
Best Western Plus Hotel Galles,Milan,11/22/2016, Belgium ,Leisure,"[' Leisure trip ', ' Couple ', ' Standard Double or Twin Room ', ' Stayed 3 nights ']", Light sleepers be aware metro makes rumbling noise when it passes we were on the second floor Price Quality was rather poor for a 120 Euro day price you would expect some more room and comfort although it could be the additional city tax The rooms are a bit dated There are smoking and non smoking rooms be aware of this when booking We were non smokers and got a room that smelled from years of smoking , Location was excellent close to the metro station Lima station red line from where you can explore the entire city Nice breakfast area Clean rooms Nice spa area with showers sauna and small swimming pool,6.7,1
Blakemore Hyde Park,London,4/14/2016, United Kingdom ,Leisure,"[' Leisure trip ', ' Family with young children ', ' Club Twin Room ', ' Stayed 3 nights ', ' Submitted from a mobile device ']", We forgot a bag in the room and just 20 min after we came back to ask for it the man at the front desk immediately said no sorry there is nothing without even check After some minutes he just lift the speaker and pretend he was speaking with someone just to make us go such a shame after a nice stay ,No Positive,6.7,1
The Queens Gate Hotel,London,3/21/2016, United Kingdom ,Leisure,"[' Leisure trip ', ' Couple ', ' Standard Queen Room ', ' Stayed 1 night ']", The noise level from the other rooms went on till past 3am in the morning The radiator did not turn off so had to have the window open which then made it quite noisy from road traffic The room was very small and the shower so tiny it was just possible to wash the room was a bit shabby and in need of a refresh , All staff in all areas that I came into contact with were exceptional in particular Marta on reception Location was good for the Albert Hall Breakfast was very good the quality of the food on offer was much better than expected ,6.7,1
Hotel JL No76,Amsterdam,9/22/2015, Switzerland ,Leisure,"[' Leisure trip ', ' Couple ', ' Souterrain Comfort Room ', ' Stayed 2 nights ']", The room was in Underground For this room the room fee was too expensive 627 euro for 2 nights ,No Positive,4.6,1
Klima Hotel Milano Fiere,Milan,9/21/2015, Switzerland ,Leisure,"[' Leisure trip ', ' Family with older children ', ' 2 rooms ', ' Stayed 1 night ']", The Elevator was noisy keeping us awake The breakfast was poor , The location to the Fiere for the Expo,6.3,1
Grange Beauchamp Hotel,London,1/17/2016, United Kingdom ,Business,"[' Business trip ', ' Solo traveler ', ' Superior Double Room ', ' Stayed 1 night ', ' Submitted from a mobile device ']", 013 room is too noisy,No Positive,6.3,1
Park Grand London Lancaster Gate,London,9/11/2016, Brazil ,Leisure,"[' Leisure trip ', ' Group ', ' Deluxe Double Room ', ' Stayed 4 nights ', ' Submitted from a mobile device ']", I have paid for the reservation during checkin and when I got my credit card bill there was an extra charge of 183 6 pounds whitout my authorization Suposely they didn t charge for the first night when during the checkin so they decided to charge my credit card again whithout tell me or ask for my authorization which is an absurd How come a hotel like this forget to charge this amount and decide by themselves to use my credit card whithout my authorization This is an absurd I have asked the hotel for the refound and they said no ,No Positive,2.5,1
Park Grand London Kensington,London,10/10/2015, United Kingdom ,Business,"[' Business trip ', ' Solo traveler ', ' Superior Double Room ', ' Stayed 1 night ', ' Submitted from a mobile device ']", I had a basement room with no window which was very hot It also didn t have mobile phone signal , Great location Helpful staff,6.7,1
Catalonia Square 4 Sup,Barcelona,4/12/2016, United States of America ,Leisure,"[' Leisure trip ', ' Couple ', ' Double or Twin Room ', ' Stayed 2 nights ']", They play billing games with you Put charges ob your account in error and then do not clear them on a timely basis if ever ,No Positive,2.5,1
Hotel SB Icaria Barcelona,Barcelona,7/20/2016, Netherlands ,Leisure,"[' Leisure trip ', ' Group ', ' Double or Twin Room ', ' Stayed 2 nights ']", The airco didn t work unless you took the card out of the system for light Also we had to pay extra for the parking which was not clear when booking the hotel , It was well located and the room was nice ,6.7,1
Radisson Blu Hotel Milan,Milan,2/7/2016, Brazil ,Leisure,"[' Leisure trip ', ' Couple ', ' Deluxe Double or Twin Room ', ' Stayed 1 night ']", The shower was horrible almost no water coming out The pool supposed to be heated but it was very very cold , friendly staff good breakfast parking outside free ,6.3,1
Best Western Blue Tower Hotel,Amsterdam,8/7/2016, United Kingdom ,Leisure,"[' Leisure trip ', ' Group ', ' 2 rooms ', ' Stayed 1 night ', ' Submitted from a mobile device ']", Facility out dated, Good value,6.7,1
St Pancras Renaissance Hotel London,London,12/15/2016, United Kingdom ,Business,"[' Business trip ', ' Solo traveler ', ' Deluxe Room Barlow Wing ', ' Stayed 1 night ']", Previous occupants used soap and shampoo bottles in shower Difficulty accessing wifi free or otherwise , Location Architecture of fa ade ,5.4,1
Brunelleschi Hotel,Milan,7/10/2016, Canada ,Leisure,"[' Leisure trip ', ' Family with older children ', ' Double Room ', ' Stayed 1 night ', ' Submitted from a mobile device ']", Poor restaurant choices in location not attractive location at night time, Cant think of anything,4.6,1
Hotel du Collectionneur Arc de Triomphe,Paris,3/11/2017, United Kingdom ,Leisure,"[' Leisure trip ', ' Group ', ' Superior Double Room ', ' Stayed 1 night ', ' Submitted from a mobile device ']", issue with lights no enough in bedroom some had to unplug to get it off no double curtain for all window, Inspired design of twenties large choice on breakfast such as 9 different fruit juices confortable bed bathroom,6.7,1
Corendon Vitality Hotel Amsterdam,Amsterdam,9/10/2015, United Kingdom ,Leisure,"[' Leisure trip ', ' Couple ', ' Standard Twin Room ', ' Stayed 5 nights ']", The lady is the spa was really rude to us grabbed me by the arm and tried to tell me off for not listening to her when all I was doing was looking in the direction she said the changing rooms were in Felt really disrespected and I didn t even want to stay in the spa due to how uncomfortable she made me feel , Hotel is well designed nice and clean Really welcoming country dutch locals are lovely and really helpful,6.3,1
Adria Boutique Hotel,London,8/16/2016, United Arab Emirates ,Leisure,"[' Leisure trip ', ' Couple ', ' Small Single Room ', ' Stayed 3 nights ', ' Submitted from a mobile device ']", 1 Hotel Manager is rude and not professional at all 2 Hotel tries to get extra charges on your room bill as much as they can 3 I don t recommend this hotel due to security issues as well as you don t feel safe in this hotel at all I was a victim to stay in this hotel, Nothing,2.5,1
Best Western Plus Hotel Blue Square,Amsterdam,11/19/2016, United Kingdom ,Leisure,"[' Leisure trip ', ' Group ', ' Economy Twin Room ', ' Stayed 2 nights ']", Stayed for two nights and was mauled by bedbugs in three different rooms Found a bedbug see photo and in the other rooms I found bedbug faeces and their shelling in the mattress edges Lots of blood stains on the wall by the beds so evident there is a bug issue in at least 3 of the rooms I was in Staff were unsympathetic to my situation Ruined my birthday vacation In the end had to get a full refund and cover the expenses of my dry cleaning and medical They did not cover my dry cleaning bill and claimed I lost value because of the exchange rate Disgraceful Sort your infestation out ,No Positive,3.3,1
Corus Hotel Hyde Park,London,8/13/2015, Australia ,Leisure,"[' Leisure trip ', ' Solo traveler ', ' Standard Double ', ' Stayed 2 nights ', ' Submitted from a mobile device ']", Building under construction Was not pre warned and still paid full price Tiny rooms and rude staff , Free wifi and location,3.8,1
The Kensington Hotel,London,12/27/2015, Italy ,Unknown,"[' Group ', ' 2 rooms ', ' Stayed 3 nights ', ' Submitted from a mobile device ']", Luis Fernando Aliaga he knows The reasons, Nothing,4.6,1
Austria Trend Hotel Ananas Wien,Vienna,6/18/2017, Bulgaria ,Unknown,"[' Solo traveler ', ' Classic Single Room ', ' Stayed 1 night ', ' Submitted from a mobile device ']", Extremely overpriced hotel Small rooms small bathroom nothing in the minibar Definitely not worth the money they sell their selves on booking com not mention how ridiculous are walk in prices The guy at reception insisted that must have booking com voucher printed the offered to print it for me and finally figured out that he could do the check in without voucher Bathroom was filling with water while showering, Apart from location nothing else to like,5.0,1
TheWesley,London,3/27/2017, Ireland ,Leisure,"[' Leisure trip ', ' Couple ', ' Standard Double Room ', ' Stayed 2 nights ', ' Submitted from a mobile device ']", Shoe box sized room and wafer thin walls, So close to metro,6.3,1
Best Western Premier Louvre Saint Honor ,Paris,6/24/2017, United States of America ,Leisure,"[' Leisure trip ', ' Family with young children ', ' Two Adjacent Classic Rooms ', ' Stayed 1 night ', ' Submitted from a mobile device ']", Rooms very small for price Tiny halls and elevator Limited English by staff resulted in wrong wake up call , Good location but that s about it ,4.6,1
Blakemore Hyde Park,London,3/23/2017, France ,Leisure,"[' Leisure trip ', ' Couple ', ' Club Double Room ', ' Stayed 2 nights ']", Warm plates for continental cold breakfast Cold plates Dining room layout is very tight and not convivial Less tables Lift small and slow , Friendly staff and location ,6.3,1
Club Quarters Hotel St Paul s,London,2/17/2016, United Kingdom ,Business,"[' Business trip ', ' Group ', ' Small Queen Room ', ' Stayed 1 night ']", Fire alarm going off all night, Good Location,6.7,1
Best Western Ducs de Bourgogne,Paris,11/21/2016, France ,Leisure,"[' Leisure trip ', ' Couple ', ' Classic Double Room ', ' Stayed 1 night ']", It was a fairly decent hotel all things considered However my room was nothing like the photos on the booking website The breakfast scanty and cold was served in a cold dark crowded room in a basement Way too expensive for what it is ,No Positive,5.0,1
Novotel London West,London,10/3/2016, United Kingdom ,Leisure,"[' Leisure trip ', ' Couple ', ' Superior Room ', ' Stayed 1 night ', ' Submitted from a mobile device ']", The bed was too firm couldn t get a good night sleep , Excellent location only 10 minutes walk to Kensington olympia ,5.4,1
Best Western The Boltons Hotel London Kensington,London,5/30/2017, United Kingdom ,Leisure,"[' Leisure trip ', ' Couple ', ' Double Room ', ' Stayed 1 night ', ' Submitted from a mobile device ']", It stated the room size was 12m2 on the website however there was only walking space was from the door to the desk and straight onto the bed which was wall to the desk not great ,No Positive,6.7,1
Best Western Palm Hotel,London,7/6/2017, United Kingdom ,Business,"[' Business trip ', ' Solo traveler ', ' Standard Twin Room ', ' Stayed 2 nights ']", food could have been better, service poor booking in was slow busiest time only one person on duty,4.6,1
Holiday Inn Paris Gare de Lyon Bastille,Paris,8/2/2016, Germany ,Leisure,"[' Leisure trip ', ' Couple ', ' Standard Double Room ', ' Stayed 3 nights ', ' Submitted from a mobile device ']", On the one night I used the hotel main bar the barman was enebriated , Breakfast good location near main train station Gare de Lyon ,6.3,1
Hilton Vienna,Vienna,7/20/2017, United States of America ,Leisure,"[' Leisure trip ', ' Family with young children ', ' 2 rooms ', ' Stayed 2 nights ', ' Submitted from a mobile device ']", Woke up at 3 am due to construction nickel and dime for everything charge 8 euros for a water 10 euros per day wifi 6 euros room service charge for anything , Location opposit park,5.4,1
TheWesley,London,5/8/2017, Belgium ,Leisure,"[' Leisure trip ', ' Couple ', ' Superior Double Bedroom ', ' Stayed 1 night ']", Having a room with no natural light was not great at all there were windows but they were boarded up on the outside and did not allow any light in so it was impossible to know whether it was midnight or nine o clock in the morning Very unhappy with that Did not like the bed the mattress was far too soft and the duvet did not quite cover the mattress let alone two people underneath it The toilet creaked quite dramatically when you sat on it I thought it was going to crack or come off the wall at one stage Not terribly impressed either by the receptionist who checked us in who was putting on her lipstick as she was talking to us To top it all this cost 215 and breakfast was not included Needless to say we will not be going back , The location of this hotel was excellent easy access to public transport and could walk to the Eurostar terminal in ten minutes Close to lots of nice restaurants and bars too ,5.4,1
The May Fair Hotel,London,3/13/2017, Singapore ,Leisure,"[' Leisure trip ', ' Family with young children ', ' Family Room 2 Adults 2 Children ', ' Stayed 2 nights ', ' Submitted from a mobile device ']", Very busy and things weren t running smoothly The reception desk was nice but the concierge desk was surly , Convenient location,5.4,1
DoubleTree by Hilton Amsterdam Centraal Station,Amsterdam,12/24/2015, Saudi Arabia ,Leisure,"[' Leisure trip ', ' Solo traveler ', ' Queen Guest Room ', ' Stayed 2 nights ', ' Submitted from a mobile device ']", Service was very poor Lacking staff throughout Breakfast was a shambles and little value Room was too small to swing the proverbial cat Requests to reception unheeded Not the standard I am used to from this chain I checked out a day early and stood the loss , Location early check in,5.0,1
Copthorne Tara Hotel London Kensington,London,3/28/2016, United Kingdom ,Leisure,"[' Leisure trip ', ' Solo traveler ', ' Superior Double Room ', ' Stayed 1 night ']", I gave up waiting to check out and just left There were no staff on the check out desk and 5 different members of staff who weren t dealing with other guests including two on the reception desk ignored me and appeared to deliberately avoid eye contact , Good location polite helpful member of staff checked me in,5.4,1
Hotel 82 London,London,5/11/2017, United Kingdom ,Business,"[' Business trip ', ' Solo traveler ', ' Superior Double or Twin Room ', ' Stayed 1 night ']", Breakfast only started at 7 30am and I had to leave the hotel for 7am yet I had paid for breakfast they didn t make this clear that it started so late they are not suitable for business travellers The Wi Fi didn t work the kettle was missing from my room there were no glasses a light fitting was hanging off the wall the mattress was sunk and in desperate need of replacing the floor was dusty and dirty the secondary double glazing was broken so there was a gap which made it sound like the window was open despite wearing ear plugs I didn t sleep a wink The room was freezing and the heater was placed by the window which is normal I guess but had drapes over the top of them so when the heater was turned on there was a burning smell The blind was broken Reception wasn t particularly friendly in the morning when I left didn t even ask if I had good stay Will never stay here again , The location was good,4.2,1
Millennium Gloucester Hotel London,London,7/11/2016, Ireland ,Leisure,"[' Leisure trip ', ' Couple ', ' Standard Double Room ', ' Stayed 3 nights ']", Rooms could be much cleaner Beds not changed wi fi poor and expensive Not a value for money hotel, Location is good for west end,5.0,1
Park Grand London Hyde Park,London,4/2/2016, Ireland ,Leisure,"[' Leisure trip ', ' Group ', ' Quadruple Room ', ' Stayed 1 night ', ' Submitted from a mobile device ']", Staff were very rude to each other not nice to listen to Some didn t have good English unacceptable for front of house staff Refused to book a bus tour for us Room was very warm air con whistling and window was so old it could easily have fallen out glass was separate from the frame , Great location ,4.6,1
Park Avenue Baker Street,London,8/25/2015, United Kingdom ,Leisure,"[' Leisure trip ', ' Couple ', ' Deluxe Double Room ', ' Stayed 1 night ']", Having to cross a busy road to get to our room noise level outside room paying 20 for breakfast which was abysmal inedible paying out extra money for breakfast elsewhere checking out was not very professional overall would not recommend this hotel at all , Location,4.2,1
Aparthotel Adagio Vienna City,Vienna,7/31/2017, Germany ,Leisure,"[' Leisure trip ', ' Couple ', ' Studio ', ' Stayed 1 night ']", I was expecting maybe a little more for the price but i guess this is a general issue of the hotels in Vienna Room was dark and view was on the back on the inside ring of the building with view to other windows , Rooms were fine but was expecting a little more for the price Staff was friendly Position was close to city center and lot of transportation options were available Room had a big fridge and possibility to heat up food or even prepare it if that s needed ,5.8,1
Glam Milano,Milan,9/7/2016, India ,Unknown,"[' Couple ', ' Standard Double Room ', ' Stayed 8 nights ']", Breakfast buffet was limited There should be an option to NOT select the dinner half board We didn t eat for six of the eight days we were there , Staff were efficient during check in and check out Excellent view of Centrale area from our window Location was convenient since train station was 5 min away but Duomo was 35 min away,6.3,1
Imperial Riding School Renaissance Vienna Hotel,Vienna,6/4/2017, Switzerland ,Business,"[' Business trip ', ' Solo traveler ', ' Double or Twin Room ', ' Stayed 4 nights ']", Sauna and Gym very limited, was ok but nothing special for the paid price,5.0,1
Park Plaza County Hall London,London,5/3/2016, United Kingdom ,Leisure,"[' Leisure trip ', ' Family with young children ', ' Executive Studio City View Family ', ' Stayed 3 nights ']", reception was slow, food was good,6.3,1
Mercure Paris Terminus Nord,Paris,11/8/2016, India ,Leisure,"[' Leisure trip ', ' Group ', ' Standard Room with 1 Double Bed ', ' Stayed 3 nights ']", The rooms are very very small even for two people Also the carpets were stained old and the entire hotel building in general was in bad shape ,No Positive,4.2,1
DoubleTree By Hilton London Excel,London,3/26/2016, United Kingdom ,Leisure,"[' Leisure trip ', ' Couple ', ' Queen Guest Room ', ' Stayed 1 night ', ' Submitted from a mobile device ']", Too much noise due to work being done,No Positive,2.9,1
Millennium Gloucester Hotel London,London,9/15/2016, Sweden ,Business,"[' Business trip ', ' Group ', ' Standard Double Room ', ' Stayed 2 nights ', ' Submitted from a mobile device ']", No coffee served at the bar Too late only beer served Very strange ,No Positive,6.7,1
Holiday Inn Paris Saint Germain des Pr s,Paris,8/1/2017, Qatar ,Unknown,"[' Couple ', ' Standard Room ', ' Stayed 2 nights ', ' Submitted from a mobile device ']", Small room access control system door lock food was horrible , Wifi location,6.7,1
Ambassadors Bloomsbury,London,1/12/2016, United Kingdom ,Business,"[' Business trip ', ' Solo traveler ', ' Single Room ', ' Stayed 1 night ', ' Submitted from a mobile device ']", A very small room ,No Positive,6.7,1
Hyatt Regency Paris Etoile,Paris,5/13/2016, Saudi Arabia ,Business,"[' Business trip ', ' Solo traveler ', ' King Room ', ' Stayed 1 night ', ' Submitted from a mobile device ']", Bad room Bad bathroom Bad clean Bad breakfast , No things ,2.9,1
Le Relais Madeleine,Paris,10/22/2016, United Kingdom ,Leisure,"[' Leisure trip ', ' Family with young children ', ' Comfort Double or Twin Room ', ' Stayed 3 nights ', ' Submitted from a mobile device ']", The reception people make feel I wasn t welcome is completely no e place with kids , I like the beds were very good,5.4,1
Hotel Vondel Amsterdam,Amsterdam,4/14/2016, United Kingdom ,Leisure,"[' Leisure trip ', ' Couple ', ' Souterraine Double or Twin Room ', ' Stayed 3 nights ']", Rooms were poor for the price no breakfast included, Great location and overall clean and friendly restaurant and lobby really nice,6.3,1
Britannia International Hotel Canary Wharf,London,5/12/2016, Belgium ,Leisure,"[' Leisure trip ', ' Solo traveler ', ' Standard Double Room without Window ', ' Stayed 1 night ', ' Submitted from a mobile device ']", Very bad service overall, Nada todo fue malo,2.5,1
Corus Hotel Hyde Park,London,11/7/2016, Latvia ,Business,"[' Business trip ', ' Solo traveler ', ' Standard Double ', ' Stayed 6 nights ']", Standard single room is so small you have to store luggage under your bed ,No Positive,6.7,1
Grand Royale London Hyde Park,London,5/19/2017, United Kingdom ,Leisure,"[' Leisure trip ', ' Solo traveler ', ' Superior Double Room ', ' Stayed 1 night ', ' Submitted from a mobile device ']", Rooms were smaller than expected and from about 6am there was banging coming from above my room I was told this was the restaurant so I cannot recommend this hotel They did offer a 20 refund but this didn t make up for the unwanted alarm call of banging chairs ,No Positive,5.4,1
Golden Tulip Amsterdam Riverside,Amsterdam,7/3/2017, United Kingdom ,Leisure,"[' Leisure trip ', ' Couple ', ' Deluxe Twin Room ', ' Stayed 1 night ']", I think it s quite bad that you have to pay for parking at a 4 hotel Also we arrived very late at night and couldn t get any drinks anywhere No vending machine nothing the mini bar in the room was completely empty , Nice and modern hotel Very clean spacious rooms,6.7,1
FourSide Hotel Vienna City Center,Vienna,10/14/2016, Bahrain ,Leisure,"[' Leisure trip ', ' Couple ', ' Superior Double Room ', ' Stayed 4 nights ', ' Submitted from a mobile device ']", The lady at the reception during my check in took out a blank white paper and asked me to write some personal details like name address etc and wanted me to sign it This is the first time I get such a request in my multiple trips worldwide it was not professional at all I presume anything can be written on the paper with my signature at the end and I have the right to refuse doing that After about 10 minutes of a bad attitude insistence from her side she got an existing contract and crossed the name and details then asked me to rewrite my details over Eventually I agreed as at least it was on the hotel s letterhead Other staff were all helpful and nice throughout my stay The water fossit was not properly located very close to the sink that I couldn t get my hand under the water The pictures of the hotel s front were not like the one in display the front entrance was too small, The room was clean and the bed was comfortable yet small though for a double bed we had to squeeze a little bit,5.4,1
citizenM Amsterdam,Amsterdam,1/4/2017, Netherlands ,Leisure,"[' Leisure trip ', ' Couple ', ' Double Room ', ' Stayed 1 night ']", Small room and overpriced , Clean room and easy access to Amsterdam city center ,6.3,1
Conrad London St James,London,8/9/2016, United Kingdom ,Leisure,"[' Leisure trip ', ' Couple ', ' King Deluxe Room ', ' Stayed 1 night ', ' Submitted from a mobile device ']", Unfortunately room did not have toileteries ie toothbrush and paste Requested newspaper which was left outside the room instead of having it slipped inside the room So had no idea it was there Phoned to check if room was smoking room and felt staff was very offhand and rude Room was okay although one of the upholstered chair was considerably stained Did not want to sit on it , Location and helpfulnes of night staff ,4.2,1
Hotel Erzherzog Rainer,Vienna,11/11/2015, South Africa ,Business,"[' Business trip ', ' Solo traveler ', ' Special Offer Queen Room ', ' Stayed 6 nights ']", When I made a request I was told to collect it myself at reception I didn t expect this from a 4 star hotel ,No Positive,6.3,1
Mercure Josefshof Wien,Vienna,5/10/2016, Italy ,Leisure,"[' Leisure trip ', ' Solo traveler ', ' Classic Double Room ', ' Stayed 2 nights ', ' Submitted from a mobile device ']", Room very little sms no service,No Positive,4.6,1
Conrad London St James,London,8/11/2016, United Arab Emirates ,Leisure,"[' Leisure trip ', ' Couple ', ' King Accessible Superior Room ', ' Stayed 1 night ', ' Submitted from a mobile device ']", The roll of the hotel for smoking and charged without to inform me, The place is nice,2.5,1
London Marriott Maida Vale,London,1/7/2016, United Kingdom ,Business,"[' Business trip ', ' Family with young children ', ' Deluxe Room with Two Double Beds ', ' Stayed 2 nights ', ' Submitted from a mobile device ']", Bathroon dirty and poor carpet is dirty and poor even the furniture is old and not good The restaurant and the breakfast is very poor I dont think is 4 star hotel definitely less may be 3 or 2 Starts Really is not value fir the money we spend, I dont like the bathroom dirty and poor The carpet also poor and dirty even the restaurant and the breakfast is not good I do not think its 4 stars definitely is less may be 3 stars or 2 even,2.5,1
The Westbury A Luxury Collection Hotel Mayfair London,London,6/14/2017, United Arab Emirates ,Leisure,"[' Leisure trip ', ' Group ', ' Superior Double Room ', ' Stayed 3 nights ', ' Submitted from a mobile device ']", Staff was generally very unfriendly and miserable at reception with exception of consierge which was kind even tho I asked for an early check in weeks in advance the room was given to me at 4pm The size is so small decor dated and not fresh and room are facing a little street full of rubbish bins Products in the room were never refilled no espresso machine no complementary bottle of water in the room when I asked for it they said it was only for best costumer no spa I just think when you pay this amount for a room you should receive a service that matches your expectation , Location was wonderful but I really don t get how this hotel is a 5 especially part of Luxury collection ,4.2,1
The Student Hotel Amsterdam City,Amsterdam,6/1/2016, Saudi Arabia ,Leisure,"[' Leisure trip ', ' Couple ', ' Suite ', ' Stayed 2 nights ', ' Submitted from a mobile device ']", Room decoration and the bed was very bad, Facility,6.7,1
Golden Tulip Amsterdam Riverside,Amsterdam,11/20/2015, Poland ,Leisure,"[' Leisure trip ', ' Couple ', ' Standard Twin Room ', ' Stayed 1 night ']", Bathroom and a quality of towels were not on the appropriate level of the 4 stars hotel, All other aspects of service without any claims,6.3,1
Hotel Cavendish,London,7/7/2016, United States of America ,Leisure,"[' Leisure trip ', ' Couple ', ' Single Room ', ' Stayed 8 nights ', ' Submitted from a mobile device ']", Everything they couldn t even provide me with a taxi to the airport Will not book again ever, The Service was horrible Service desk seemed upset when you asked questions Wifi was slow and Bering was horrible I had to purchase pillows at a local department store just to manage my stay ,3.8,1
Arenas Atiram Hotels,Barcelona,4/12/2017, Denmark ,Leisure,"[' Leisure trip ', ' Couple ', ' Executive Room ', ' Stayed 4 nights ', ' Submitted from a mobile device ']", I likted a staff they was nice to change our room becouse it was not nice looking room in net pic room looked better and there is no gym no sauna like it is written in net ,No Positive,4.2,1
Royal Garden Hotel,London,9/15/2015, United Arab Emirates ,Leisure,"[' Leisure trip ', ' Solo traveler ', ' Queen Room ', ' Stayed 2 nights ', ' Submitted from a mobile device ']", Bathroom was broke Had a leak in my bathroom first time and the manager insured me next time I come back things will be better This time the toilet seat was broken and they didn t even offer me anything a part from fruit and water I don t think this a standard of 5 star hotel, Location,4.2,1
The May Fair Hotel,London,6/9/2016, Sweden ,Business,"[' Business trip ', ' Solo traveler ', ' Superior Queen Room ', ' Stayed 1 night ']", Staff with little knowledge of what was going on offers venue I ordered eggs three times without getting them which took too much time of my breakfast time The cinema conference room was not a suitable place for computers The tables in the chairs were not cleaned The food was not so good and it ran out There were too little seating s for everyone to eat The drinks were hidden and hard to find , The room and the too expensive breakfast,6.3,1
Hotel 82 London,London,8/9/2016, United Kingdom ,Leisure,"[' Leisure trip ', ' Family with older children ', ' Superior Single Room ', ' Stayed 1 night ']", Room was stuffy Hair dryer broken Tried the four in a bed dust test on a picture frame it failed miserable Shower required a good clean as shower head not working to best ability Breakfast unimpressed Would not stay again,No Positive,4.2,1
Hotel Amadeus,Vienna,5/29/2017, Romania ,Business,"[' Business trip ', ' Solo traveler ', ' Standard Single Room ', ' Stayed 6 nights ', ' Submitted from a mobile device ']", Room was too too too small for the price ,No Positive,6.7,1
Grange Beauchamp Hotel,London,7/18/2017, Germany ,Leisure,"[' Leisure trip ', ' Solo traveler ', ' Superior Double Room ', ' Stayed 2 nights ']", Breakfast wasn t great for its money , Great location You can walk basically anywhere and friendly staffs ,6.7,1
Hotel Regina,Barcelona,12/30/2016, Australia ,Leisure,"[' Leisure trip ', ' Family with young children ', ' Double or Twin Room ', ' Stayed 4 nights ']", staff ,No Positive,3.3,1
Grand Royale London Hyde Park,London,11/1/2016, Austria ,Business,"[' Business trip ', ' Family with young children ', ' Superior Double Room ', ' Stayed 8 nights ']", Our room did have a window but we were not able to open it no daylight and blin glass Very small room and very small bed considering that 2 people should slep in there ,No Positive,5.8,1
Timhotel Op ra Blanche Fontaine,Paris,10/2/2016, United Kingdom ,Leisure,"[' Leisure trip ', ' Couple ', ' Comfort Twin Room ', ' Stayed 3 nights ']", Uncomfortable bed sheets were dirty on first night but fine after that Slightly overpriced for what you get, Friendly Staff,5.4,1
Hampshire Hotel Amsterdam American,Amsterdam,6/21/2016, United Kingdom ,Leisure,"[' Leisure trip ', ' Travelers with friends ', ' Junior Suite ', ' Stayed 2 nights ', ' Submitted from a mobile device ']", Quite loud trams corner junior suite small and dark Bathroom microscopic I was expecting something bigger in junior suite room , Location location location and hotel bar,6.7,1
Jaz Amsterdam,Amsterdam,5/8/2017, Belgium ,Business,"[' Business trip ', ' Solo traveler ', ' Superior Double Room ', ' Stayed 1 night ']", Not very clean Greassy windows smelly room and why do they put the bed linen in the corridor see pictures This gives the impression you are sleeping in a youth hostel ,No Positive,6.3,1
Mercure London Kensington Hotel,London,2/12/2017, United Kingdom ,Business,"[' Business trip ', ' Solo traveler ', ' Single Room with Double Bed ', ' Stayed 1 night ', ' Submitted from a mobile device ']", Room s size and facilities, Friendly staffs,4.2,1
Savoy Hotel Amsterdam,Amsterdam,9/25/2016, Denmark ,Leisure,"[' Leisure trip ', ' Couple ', ' Twin Room ', ' Stayed 2 nights ', ' Submitted from a mobile device ']", 4 Star hotel Seems like 2 stars ,No Positive,3.3,1
Albus Hotel Amsterdam City Centre,Amsterdam,12/22/2016, United Kingdom ,Leisure,"[' Leisure trip ', ' Couple ', ' Double Room ', ' Stayed 2 nights ', ' Submitted from a mobile device ']", Construction loud,No Positive,6.3,1
Hotel Dei Cavalieri,Milan,7/19/2016, Gibraltar ,Leisure,"[' Leisure trip ', ' Family with older children ', ' Quadruple Room ', ' Stayed 3 nights ', ' Submitted from a mobile device ']", AC too noisy at night and awkward temp control WIFI poor in room and limited TV channels available for hotel s standard , Excellent breakfast quality with attentive staff Good location for city visit ,6.7,1
Shaftesbury Premier London Paddington,London,10/2/2016, Australia ,Leisure,"[' Leisure trip ', ' Couple ', ' Deluxe Double Room ', ' Stayed 1 night ', ' Submitted from a mobile device ']", Location, Nice staff breakfast ok mainly cold options good wifi,6.7,1
Holiday Inn Paris Saint Germain des Pr s,Paris,10/13/2015, Peru ,Leisure,"[' Leisure trip ', ' Couple ', ' Standard Double Room with Queen Bed ', ' Stayed 2 nights ', ' Submitted from a mobile device ']", Bad wifi small room, Location,4.2,1
Millennium Hotel London Mayfair,London,7/16/2017, United Arab Emirates ,Leisure,"[' Leisure trip ', ' Couple ', ' Club Double Room ', ' Stayed 4 nights ']", The room furniture except the bed was run down The bathroom was too old and overused with minimum maintenance The carpets were dirty and the wall paper was torn in many places and dirty The staff is very negligent We reported that the water from the bathtub was not draining well and it took them 3 days to respond after 3 consecutive reminders in person I even filled a feedback form and kept it at the reception but no one bothered to check with us or call back This property is simply run down and the money we paid for this stay was too high for what we got , Only the location ,3.8,1
Park Grand London Hyde Park,London,8/2/2016, India ,Leisure,"[' Leisure trip ', ' Family with young children ', ' 2 rooms ', ' Stayed 2 nights ', ' Submitted from a mobile device ']", Tiny rooms useless staff bad bathrooms I am shocked how a bed and breakfast place like this can get a 4 star hotel rating , Location ,3.3,1
Austria Trend Hotel Doppio Wien,Vienna,1/3/2016, Switzerland ,Leisure,"[' Leisure trip ', ' Couple ', ' Classic Twin Room ', ' Stayed 3 nights ', ' Submitted from a mobile device ']", It is told breakfast is bio But no fresh eggs just industrial liquid egg Server AS scrambled eggs Fresh eggs only for surcharge , Friendly and helpful staff except breakfast ,6.7,1
Monsieur Cadet Hotel Spa Ex Meyerhold Spa ,Paris,12/17/2016, United States of America ,Leisure,"[' Leisure trip ', ' Family with young children ', ' Superior Double Room with Free Access to Steam Bath ', ' Stayed 4 nights ']", The wifi is so so we didn t have wifi and TV for 2 days out of the 4 nights stay Didn t have the different sizes of towels we got the 1st day 3rd day we had to call for 2nd set of towels, I liked the neighborhood convenient n wth local residents feel safe ,6.3,1
DoubleTree By Hilton London Excel,London,5/19/2016, United Kingdom ,Leisure,"[' Leisure trip ', ' Solo traveler ', ' Accessible Queen Guest Room ', ' Stayed 2 nights ', ' Submitted from a mobile device ']", Got allergies with dust lamp and bedside table was full of it Could not sleep the 1 st night also had problems with payments as they took two payments instead of one which resulted in problems, Great locations and services food was okay,6.3,1
Pakat Suites Hotel,Vienna,8/30/2016, Romania ,Leisure,"[' Leisure trip ', ' Family with young children ', ' Residence Suite ', ' Stayed 2 nights ']", The location is about 1 km from the Vienna Central station the walking is ok but it is not near, I like it that it is an apartment and it has kitchen Having to travel with a baby and need to prepare food so the kitchen is very helpfull,6.7,1
Mercure Paris Centre Tour Eiffel,Paris,5/26/2017, Finland ,Leisure,"[' Leisure trip ', ' Couple ', ' Standard Twin Room ', ' Stayed 1 night ', ' Submitted from a mobile device ']", General condition of rooms average despite price on high side , Perfect location next to Eiffel tower,6.7,1
Hilton London Kensington Hotel,London,9/16/2015, United Kingdom ,Leisure,"[' Leisure trip ', ' Couple ', ' Double Hilton Guestroom ', ' Stayed 2 nights ', ' Submitted from a mobile device ']", No dislikes just a comment that the rooms are in dire need of an upgrade in particular the bathroom, Thought that the location was very convenient to both shops and West End Access to a car park is very useful,6.3,1
H tel Baume,Paris,5/8/2016, China ,Leisure,"[' Leisure trip ', ' Couple ', ' Classic Double Room ', ' Stayed 4 nights ', ' Submitted from a mobile device ']", Not worth the money I lived in Hotel Indigo Paris before I checked in to this hotel I normally love small boutique hotel but this one is not so great Starting from reception I did mention it was my first time in Paris and it is our honeymoon hotel Indigo was so nice to upgrade us a room for free while this hotel was offering an upgrade for a very high price when they are not at a busy season Also when I ordered 2 cups of coffee in the morning 4 euro per cup they tried to charge me another 10 euro for room service fee This is outrageous and crazy I stayed at many five start luxury hotels worldwide before this is the first time someone charged this much for 2 coffee They are also selling their hotel bath robe in the room with a price tag all these things just made me feel that this hotel is very cheap trying to make money in every way possible I will choose other hotels for sure next time I m in Paris ,No Positive,6.7,1
The Montcalm At Brewery London City,London,1/27/2017, United Kingdom ,Business,"[' Business trip ', ' Solo traveler ', ' Deluxe Double Room ', ' Stayed 1 night ', ' Submitted from a mobile device ']", Being bumped to another hotel with no advance notice , Got bumped from here to their sister hotel on Finsbury Square which was annoying as my party venue was the Brewery but they provided courtesy transport between the hotels and a complimentary breakfast for the inconvenience so it all worked out OK,5.8,1
The Athenaeum,London,6/21/2016, Nigeria ,Business,"[' Business trip ', ' Solo traveler ', ' Superior Room ', ' Stayed 4 nights ']", The hotel staff were very poor A very important letter was received on my behalf and I never got it They denied receiving it until registered mail showed who received it I reported and I was promised a phone call Nobody ever called me back i will never stay there again horrible experience when i checked in I was put into the most horrible of hotel rooms ever After I complained i was moved immediately but i never recovered from the shock of the first room It left a bad taste in the mouth,No Positive,6.3,1
Bloomsbury Palace Hotel,London,9/22/2015, United Kingdom ,Business,"[' Business trip ', ' Solo traveler ', ' Double Room ', ' Stayed 1 night ']", tiny dining room meant everyone was squashed together Not enough tables so had to sit at a brakfast bar that came up to my chest very uncomfortable mediocre breakfast Altogether not worth 155 per night, Good Location clean comfortable bed,6.3,1
Hampshire Hotel Rembrandt Square Amsterdam,Amsterdam,11/8/2015, Singapore ,Business,"[' Business trip ', ' Solo traveler ', ' Standard Double or Twin Room ', ' Stayed 4 nights ']", Great location at the city centre , Terrible service at the Reception by Cindy Very Rude Concierge is nowhere to be found when you need them ,5.8,1
Strand Palace Hotel,London,8/7/2016, Canada ,Leisure,"[' Leisure trip ', ' Solo traveler ', ' Standard Single Room ', ' Stayed 1 night ']", Way to noisy at night Bathtub has some problem Hairdryer is not working ,No Positive,5.4,1
Crowne Plaza London Battersea,London,12/9/2016, United Kingdom ,Leisure,"[' Leisure trip ', ' Couple ', ' Deluxe King Room with River View ', ' Stayed 1 night ', ' Submitted from a mobile device ']", The way the staff looked down at me and my partner , Bed was comfy,6.7,1
Hotel Barcelona Center,Barcelona,3/9/2017, Canada ,Leisure,"[' Leisure trip ', ' Family with young children ', ' Double or Twin Room ', ' Stayed 1 night ', ' Submitted from a mobile device ']", Condition of the hotel room was completely unacceptable, Please don t stay here felt completely tricked by the pictures online Room was very small much smaller than the hotel Pictures and was not properly sealed Smoke from the other properties lifted into our room all day and all night We emailed the property to inquire why our room was stinking of smoke ongoing no one could even take the time to email me back Did we forget to mention that we were travelling with young child both allergic to ciggrate smoke ,3.8,1
DoubleTree by Hilton London Hyde Park,London,4/9/2017, Malaysia ,Leisure,"[' Leisure trip ', ' Solo traveler ', ' Single Room ', ' Stayed 2 nights ', ' Submitted from a mobile device ']", Staff could have been more friendly and helpful They were cold and aloof ,No Positive,4.6,1
Catalonia Atenas,Barcelona,7/26/2017, Netherlands ,Leisure,"[' Leisure trip ', ' Solo traveler ', ' Double or Twin Room ', ' Stayed 1 night ', ' Submitted from a mobile device ']", staff not 4satr max 3 star service, smiking rooms,3.8,1
The Principal London,London,4/10/2016, Russia ,Leisure,"[' Leisure trip ', ' Solo traveler ', ' Double Room ', ' Stayed 3 nights ', ' Submitted from a mobile device ']", Bad quality for standard rooms, Location,6.3,1
Radisson Blu Edwardian Vanderbilt,London,7/2/2016, United Kingdom ,Leisure,"[' Leisure trip ', ' Solo traveler ', ' Standard Single Room ', ' Stayed 1 night ', ' Submitted from a mobile device ']", First room was noisy coming from pipes moved to another room which although it wasn t immediately apparent had exactly the same noise problem as the initial room As a result I had very little sleep , Breakfast was excellent,6.3,1
DoubleTree by Hilton Hotel London Tower of London,London,10/9/2016, United Kingdom ,Leisure,"[' Leisure trip ', ' Family with young children ', ' Executive King Room with Lounge Access ', ' Stayed 1 night ', ' Submitted from a mobile device ']", Facilities for families poor, View from the Skybar and service was excellent,4.6,1
Grange City Hotel,London,4/29/2016, United Kingdom ,Leisure,"[' Leisure trip ', ' Couple ', ' Executive Double Room ', ' Stayed 2 nights ', ' Submitted from a mobile device ']", We returned at 5 15pm after running to find that our room hadn t been cleaned at all when all we wanted to do was to relax and recharge Despite the fact that I reported this immediately I still had to explain again on check out The duty manager was very dismissive and claimed the most he could do was to apologise and waive the cost of breakfast He also promised to e mail with details to enable discount for a future stay I m still waiting for this e mail 3 days later In addition breakfast is extortionate given the quality and the level of service I d definitely advise to give this hotel a miss , We stayed here as we were running the London marathon and the location was great ,4.2,1
DoubleTree by Hilton London Docklands Riverside,London,1/15/2017, United Kingdom ,Leisure,"[' Leisure trip ', ' Couple ', ' Queen Guest Room ', ' Stayed 1 night ', ' Submitted from a mobile device ']", The toilet was dirty had yellow water The location was not very good either as it is quite far from any local shops restaurants activites etc , The bed was nice to sleep in although it was a hard mattress i slept well ,4.6,1
Blakemore Hyde Park,London,2/25/2016, United Kingdom ,Leisure,"[' Leisure trip ', ' Couple ', ' Club Double Room ', ' Stayed 1 night ', ' Submitted from a mobile device ']", The price is little expensive It is noicy because the maids talk so loud close our room The Wifi is weak and sometimes when you connect it is disconnected regraly , It is clean and tidy The staff are cooperative ,5.0,1
The Ritz London,London,3/1/2016, United Kingdom ,Leisure,"[' Leisure trip ', ' Family with older children ', ' Superior King Room ', ' Stayed 1 night ', ' Submitted from a mobile device ']", No where to sit unless one is eating or drinking which I think is very inconvenient as a guest ,No Positive,6.7,1
The Premier Notting Hill,London,8/7/2016, Egypt ,Leisure,"[' Leisure trip ', ' Couple ', ' Deluxe Double Room ', ' Stayed 4 nights ']", service staff facility, location,4.6,1
H tel Beauchamps,Paris,2/8/2016, United Kingdom ,Business,"[' Business trip ', ' Solo traveler ', ' Classic Room ', ' Stayed 1 night ', ' Submitted from a mobile device ']", According to the night manager the laws concerning smoking in rooms do not apply in France There ARE laws but they can t apply them If you smoke happy days if not then get used to the stale stench of second hand smoke reeking through your room It also sets the alarms off at 0230 in the morning so you might want to avoid if you like sleeping ,No Positive,5.4,1
Rydges Kensington Hotel,London,7/30/2016, Australia ,Leisure,"[' Leisure trip ', ' Couple ', ' Standard Queen Room ', ' Stayed 2 nights ']", I think for the money we paid I expected something a little better The executive suite set up is a bit strange the bedroom is in the larger room and then off to the side is the lounge From the description it sounded as though we would have a large lounge area and then a private bedroom which would make more sense We couldn t use the television properly the whole time because it said we were not checked in I called reception about this but the issue wasn t fixed The hotel looks nice from the outside and the lobby is ok but it needs a fresher look in terms of furnishings , The staff were very friendly ,6.3,1
The Grosvenor,London,9/24/2016, United Kingdom ,Leisure,"[' Leisure trip ', ' Couple ', ' Family Room ', ' Stayed 1 night ', ' Submitted from a mobile device ']", The family room was not up to Standard at all lots of dirty marks on walls mirrors the windows were filthy This room was advertised at the normal rate of 500 If I had paid that price I would have wanted my money back , The hotel has the wow factor when you walk in Restaurants bar area also welcoming ,6.3,1
Hotel Best Western PLUS Alfa Aeropuerto,Barcelona,11/30/2016, Switzerland ,Business,"[' Business trip ', ' Solo traveler ', ' Single Room with Free Airport Shuttle Service from 5 00am to 00 30am ', ' Stayed 1 night ', ' Submitted from a mobile device ']", Extremely loud and bad isolation food expensive, Shuttle service to airport for free Coffee in room and restaurant quite good ,6.7,1
The Marylebone Hotel,London,2/27/2017, United Kingdom ,Leisure,"[' Leisure trip ', ' Couple ', ' Superior Double Room ', ' Stayed 1 night ', ' Submitted from a mobile device ']", Room very small furniture old and worn milk off and tea facilities in a draw so very difficult to use ,No Positive,5.4,1
Le M ridien Barcelona,Barcelona,9/9/2015, Saudi Arabia ,Business,"[' Business trip ', ' Solo traveler ', ' Suite with Terrace ', ' Stayed 2 nights ']", Overpriced, Location,2.5,1
Thistle Hyde Park,London,7/12/2016, United Kingdom ,Leisure,"[' Leisure trip ', ' Couple ', ' Junior Suite ', ' Stayed 2 nights ', ' Submitted from a mobile device ']", Bathroom and room refurb years overdue Bedding didn t fit They had put king size topper and fitted sheet on superking bed Staff not always available Seemed like too few people for amount of guests Kept running out of breakfast items , location to Hyde Park,3.8,1
Copthorne Tara Hotel London Kensington,London,11/29/2015, United Kingdom ,Leisure,"[' Leisure trip ', ' Couple ', ' Superior Plus Double Room ', ' Stayed 1 night ', ' Submitted from a mobile device ']", cold breakfast, breakfast was cold,5.4,1
Best Western Hotel St George,Milan,1/21/2016, India ,Business,"[' Business trip ', ' Solo traveler ', ' Standard Single Room ', ' Stayed 3 nights ', ' Submitted from a mobile device ']", The location was not where they said they were not 100 metres from centrale The bathtubs were very bad they had a bump and are a nightmare and an accident waiting to happen, ,5.0,1
Hampshire Hotel Amsterdam American,Amsterdam,8/15/2015, South Africa ,Leisure,"[' Leisure trip ', ' Couple ', ' Classic Double Room ', ' Stayed 6 nights ']", There may be better rooms but ours was over a closed courtyard and air conditioning apparatus not pleasant Some of the staff were rude and unhelpful , Extremely well located Some of the staff were professional pleasant and helpful,6.7,1
Catalonia Eixample 1864,Barcelona,7/14/2016, United Kingdom ,Leisure,"[' Leisure trip ', ' Family with older children ', ' Triple Room ', ' Stayed 3 nights ']", room was small air con was weak over priced , staff swimming pool,5.4,1
Copthorne Tara Hotel London Kensington,London,11/17/2015, Lebanon ,Business,"[' Business trip ', ' Couple ', ' Superior Plus Double Room ', ' Stayed 4 nights ']", Bed mattresses are extremely uncomfortable Internet in the room was cutting every 5minutes Spent 4days asking IT reception to fix the problem but to no avail This is not acceptable from a 4 hotel , Nice location ,4.6,1
Park Plaza County Hall London,London,12/26/2016, Singapore ,Leisure,"[' Leisure trip ', ' Family with young children ', ' Studio Double Family ', ' Stayed 4 nights ', ' Submitted from a mobile device ']", The heater is no good, The extra bed is very uncomfortable,5.8,1
NH Collection Amsterdam Grand Hotel Krasnapolsky,Amsterdam,11/24/2016, Malaysia ,Leisure,"[' Leisure trip ', ' Couple ', ' Superior Double or Twin Room ', ' Stayed 1 night ', ' Submitted from a mobile device ']", Refer above, The location was the only reason we chose the hotel and for the price we paid the room is without a view and very small for two persons The air conditioning is set and we couldn t get the room warmer and it s freezing outside We stayed 4 nights and the sheets were never changed Complimentary bottled water was only available on the day we checked in No replacement the following 3 days I can conclude there is nothing I like about it ,5.4,1
Radisson Blu Edwardian Sussex,London,5/7/2016, United Kingdom ,Business,"[' Business trip ', ' Solo traveler ', ' Standard Single Room ', ' Stayed 1 night ', ' Submitted from a mobile device ']", Single room 114 was tiny and dark literally a converted broom cupboard lots of apologies from the staff if they know that it s too small why continue to allow it to be booked , Good central location Good breakfast included in room rate ,5.4,1
Hotel Mailberger Hof,Vienna,5/12/2017, United Kingdom ,Leisure,"[' Leisure trip ', ' Couple ', ' Standard Double Room ', ' Stayed 3 nights ', ' Submitted from a mobile device ']", Hotel shabby and in need of renovation aircon not turned on even though room very hot Towels very tatty , Breakfast,5.8,1
Holiday Inn London Kensington Forum,London,5/29/2016, United Kingdom ,Leisure,"[' Leisure trip ', ' Group ', ' Double Room Non Smoking ', ' Stayed 1 night ']", breakfast was very average why could we not have had access to tea and coffee rather than it being SERVED very slowly and surely a decent cup of coffee is a basic requirement in a capital city hotel charging this much, nice reception area staff helpful about us leaving our luggage,5.4,1
Park Plaza London Riverbank,London,7/3/2016, United Kingdom ,Leisure,"[' Leisure trip ', ' Couple ', ' Superior Double Room ', ' Stayed 1 night ', ' Submitted from a mobile device ']", Terrible view train track Breakfast bad value for money Pre booked breakfast when I reserved the room and paid for it but had to pay again as even though room was booked for 2 only one breakfast was reserved Mini bar not stocked up as described Overall staff very uncompassionate and unhelpful Whole experience very very poor value for money A lot of construction work ongoing which should be advertised when booking as should views of train track Big waste of 197,No Positive,3.3,1
Sansi Pedralbes,Barcelona,7/19/2016, United Kingdom ,Leisure,"[' Leisure trip ', ' Couple ', ' Double or Twin Room ', ' Stayed 5 nights ', ' Submitted from a mobile device ']", Room was too small No tea coffee making facilities in the room an too expensive for what it was , Location and staff,6.3,1
My Bloomsbury,London,5/30/2017, Netherlands ,Leisure,"[' Leisure trip ', ' Couple ', ' Double Room ', ' Stayed 4 nights ']", I was a bit let down by the size of the bed and duvet cover there s probably some disparity with European sizes from NL Carpet needed cleaning as there were visible stains in an otherwise nicely furnished room , Walking distance to British Museum Oxford street and Soho several subway options in the near vicinity This hotel is definitely at the top of the list for our next trip ,6.7,1
Mokinba Hotels King,Milan,4/23/2016, United Kingdom ,Leisure,"[' Leisure trip ', ' Family with young children ', ' Double or Twin Room ', ' Stayed 2 nights ']", The room was very small and one of the staff members was very rude The cot that was provided for our infant was broken and had holes in it ,No Positive,5.8,1
Doubletree by Hilton London Kensington,London,12/17/2015, Ireland ,Leisure,"[' Leisure trip ', ' Group ', ' Club Twin Room ', ' Stayed 2 nights ', ' Submitted from a mobile device ']", It would have been nice to have been informed of all the building works that were taking place prior to our stay There were builders and dirt everywhere, The location was great very close to tube etc,4.6,1
Park Grand Paddington Court,London,3/24/2016, United Kingdom ,Unknown,"[' Family with older children ', ' Deluxe Twin Room ', ' Stayed 1 night ']", I didnt like the lay out of the room it was very small with two single beds one at each side One bed had a flat screen tv at the side of it and a large mirror at other side hidden by side of bed So you wouldnt be comfortable watching tv lying in bed And the other bed was situated so far away you wouldnt see tv at all Not comfortable if you want to relax in bed Also when i booked hotel i requested a late leaving time while i was there i mentioned this again at front desk But unfortunately i was met with a call with a member of staff huffing and puffing as i explained my email request and mentioning at desk That doesn t make me feel relaxed and i don t find that very professional to behave like that to a paying customer especially when i was down in London for important interviews , the room was clean and tidy,6.7,1
The Chelsea Harbour Hotel,London,9/1/2016, Kuwait ,Business,"[' Business trip ', ' Family with older children ', ' River Double Suite ', ' Stayed 1 night ']", Even though its a non smoking hotel yet the room I first checked in was smoked in and now the hallway on the 7th floor is full of smoke The staff are unable to do anything about it 2 Very weak internet connection for someone who needs to get work down was not helpful 3 Some of the staff are no so friendly 4 I tried calling House Keeping and Concierge they didn t pick up 5 Not so friendly over the phone ,No Positive,5.8,1
Blakes Hotel,London,8/21/2016, United Kingdom ,Leisure,"[' Leisure trip ', ' Family with young children ', ' Director s Double Room ', ' Stayed 2 nights ']", the room the tv was too small and couldn t be seen from the bed the bathroom facilities were poor lighting in the bathroom was poor the bar being g in the restaurant was not good didn t really seem to facilitate families sparse relaxing places although ordered no paper was delivered lastly our key seemed to be able to open three rooms , the staff were good the food was good,6.3,1
The Hoxton Shoreditch,London,5/22/2017, United Kingdom ,Leisure,"[' Leisure trip ', ' Couple ', ' Deluxe Double Room ', ' Stayed 1 night ', ' Submitted from a mobile device ']", The bathroom itself was very clean but the bathroom door was filthy It was impossible to get a night cap at the hotel as it s more like a nightclub downstairs on a Saturday night , The bedroom was well designed quiet and comfortable ,6.3,1
Novotel London Greenwich,London,9/15/2016, United Kingdom ,Leisure,"[' Leisure trip ', ' Couple ', ' Executive Room ', ' Stayed 2 nights ', ' Submitted from a mobile device ']", Car park charge, The friendly staff excellent breakfast lovely room,2.5,1
Holiday Inn London Kensington,London,4/20/2017, Philippines ,Leisure,"[' Leisure trip ', ' Family with young children ', ' Standard Room ', ' Stayed 3 nights ', ' Submitted from a mobile device ']", Staff not accomodating and friendly, Location only,5.0,1
Fielding Hotel,London,10/28/2016, United States of America ,Leisure,"[' Leisure trip ', ' Solo traveler ', ' Single Room ', ' Stayed 2 nights ', ' Submitted from a mobile device ']", Coffee in the room An immenity that s no longer offered as it has been in recent visits The bed and pillows were terribly uncomfortable , Location and hotel manager Grace is always very helpful and pleasant ,6.3,1
The Bloomsbury Hotel,London,6/20/2017, Israel ,Leisure,"[' Leisure trip ', ' Couple ', ' Superior Double Room ', ' Stayed 2 nights ']", we ordered a deluxe room and only after arguments over and over again and 4 changes we got a proper room in addition the hotel s basement is under construction these days which makes massive noise during the whole day I m pretty sure we will not visit this hotel again ,No Positive,5.0,1
Grand Royale London Hyde Park,London,8/11/2015, United Kingdom ,Leisure,"[' Leisure trip ', ' Couple ', ' Superior Double Room ', ' Stayed 3 nights ']", the bedroom was small in spite of being told we were getting an upgrade it makes me wonder what the downgrade was like the bed itself was uncomfortable, the desk staff were very helpful ,6.3,1
Grand Hotel Central,Barcelona,8/18/2015, Saudi Arabia ,Leisure,"[' Leisure trip ', ' Family with older children ', ' 2 rooms ', ' Stayed 2 nights ', ' Submitted from a mobile device ']", room location 701 next to swimming is not comfortable a lot of noise up 2 3 am in the morning no shower size of the room to price,No Positive,6.7,1
Club Quarters Hotel St Paul s,London,4/11/2016, United Kingdom ,Business,"[' Business trip ', ' Solo traveler ', ' Standard Queen Room ', ' Stayed 1 night ']", The receptionist was very rude and abrupt The Room was a disable room with a horrible shower and rust around the bottom of the chair in the bathroom etc the bathroom was very dirty , The bed was comfy and the location was very good ,4.2,1
Hilton London Kensington Hotel,London,7/31/2016, United Kingdom ,Unknown,"[' Couple ', ' Double Hilton Guestroom ', ' Stayed 2 nights ', ' Submitted from a mobile device ']", They offered discount on line I was having eye surgery so needed to be near Westfield centre this hotel came up great I thought a bit of class for my stay but for what you pay I m sure your stuck in a SINGLE ROOM the Room was far to small for two people and the unsuite was so so ridiculously small All pre cooked food at breakfast eggs bacon sausages tomatoes etc was all cold Add insult to injury the entrance to car park was pathetic so steep an narrow an small all my alloy wheel got damaged Heaven knows how larger vehicles get on I have a XF JAG plus I can drive coaches an buses Also we only parked from 10pm Tuesday evening til 12midday Thursday yet still got charged 2 full days 60 00, Nothing apart from lost property dept who sent me my phone chargers back to me quickly but I had to pay the cost of postage ,5.8,1
Holiday Inn Paris Gare de Lyon Bastille,Paris,7/1/2016, Canada ,Leisure,"[' Leisure trip ', ' Couple ', ' King Room Non Smoking ', ' Stayed 2 nights ', ' Submitted from a mobile device ']", Very pricey for small room Fire alarm went off in the night because some idiot was smoking in his room Whole hotel had to evacuate , Location,5.8,1
Rafayel Hotel Spa,London,1/9/2017, United Kingdom ,Business,"[' Business trip ', ' Solo traveler ', ' Deluxe Double Room ', ' Stayed 1 night ', ' Submitted from a mobile device ']", The room was big and the air conditioning was noisy which meant I had to turn off the ac heating This then made the room cold in the morning The restaurant wasn t great the speed the food came out I thought I was at a McDonald s not a good experience would not eat there again , The pick up from the tube station was great Checkin was good Hotel is nice but somewhat in need of an update ,4.6,1
The Premier Notting Hill,London,1/24/2017, Denmark ,Leisure,"[' Leisure trip ', ' Family with young children ', ' Deluxe Double Room ', ' Stayed 4 nights ']", the bed was very bad quality, very polite people,6.7,1
Hotel Best Western PLUS Alfa Aeropuerto,Barcelona,5/8/2017, United Kingdom ,Leisure,"[' Leisure trip ', ' Group ', ' Double or Twin Room with Extra Bed 3 Adults with Free Airport Shuttle Service from 5 00am to 00 30am ', ' Stayed 2 nights ', ' Submitted from a mobile device ']", The hotel sauna was very small swewmming pool tiny too fitness there was only one runing machine The amount money I paid it was far too much for there service,No Positive,5.8,1
Radisson Blu Edwardian Grafton,London,12/2/2016, United Kingdom ,Business,"[' Business trip ', ' Solo traveler ', ' Standard Double or Twin Room ', ' Stayed 1 night ', ' Submitted from a mobile device ']", Room pretty small Did not like that everything was covered in plastic wrap glasses in rooms sugar cubes on tables it s 2016 time to consider our environment , Friendly helpful staff,6.7,1
The Grosvenor,London,1/2/2017, United States of America ,Leisure,"[' Leisure trip ', ' Solo traveler ', ' Standard Double Room ', ' Stayed 3 nights ', ' Submitted from a mobile device ']", While the young lady who tended the front when I arrived was perfectly lovely she was the sole bright spot during my stay She readily and happily allowed me to leave my bag until check in time since i arrived at 11 a m One would have thought the bag would have made its way to my room when the room was ready It did not Further the surly sour puss who was at the front when I returned couldn t locate my bag gave me haphazard direction to my room which was in the wing and required going to the second floor following nonexistent signs going up a small set of steps for a 3rd story room The room needed maitenance a good cleaning and the lighting was horrible The view was over an ugly rooftop Lastly you are warned that no outside food and drink are allowed presumably to hold you hostage to their own restaurant and bar , Very near the train The hotel is literally around the corner from the Victoria Station ,3.8,1
Ozo Hotel,Amsterdam,3/24/2017, United Kingdom ,Business,"[' Business trip ', ' Solo traveler ', ' Double Room ', ' Stayed 1 night ', ' Submitted from a mobile device ']", Unfortunately the staff was not really friendly as I arrived the check in was a bit unpleasant which shouldn t be at all I have not been informed that there was a fitness center in the hotel and the wifi didn t work In general unfortunately I wouldn t stay at this hotel again as the value for money was in the end negative , The room was quite big and the bed was comfortable,5.8,1
Bloomsbury Palace Hotel,London,8/20/2015, United Kingdom ,Leisure,"[' Leisure trip ', ' Group ', ' Triple Room ', ' Stayed 2 nights ', ' Submitted from a mobile device ']", Room too small for 3 people Three friends and it was double bed and chair bed Did not want to share bed No lounge for night time when you came back just to have relaxing nightcap after busy day Also room getting a bit tired Needing a few repairs ,No Positive,6.3,1
Park Grand London Kensington,London,4/10/2017, United Kingdom ,Business,"[' Business trip ', ' Couple ', ' Deluxe Double Room ', ' Stayed 1 night ', ' Submitted from a mobile device ']", Room is too small, Area,5.4,1
Millennium Hotel London Mayfair,London,3/31/2017, United Kingdom ,Business,"[' Business trip ', ' Solo traveler ', ' Standard Double Room ', ' Stayed 1 night ', ' Submitted from a mobile device ']", Needs a refurb, Position,6.3,1
H tel Mathis Elys es,Paris,3/6/2017, United Kingdom ,Leisure,"[' Leisure trip ', ' Group ', ' Junior Suite ', ' Stayed 3 nights ', ' Submitted from a mobile device ']", Lobby furniture left carpet and the layout of room, The furniture should be change as well as should open the restaurant area with lobby and serves coffee and deserts,5.4,1
Commodore Hotel,London,5/9/2016, United Kingdom ,Leisure,"[' Leisure trip ', ' Couple ', ' Double Room ', ' Stayed 1 night ']", I had to move rooms because the water didn t drain out of my shower so my bathroom flooded Then my shower in the second room went from scolding hot to freezing cold and was never a suitable temperature to shower under The hotel called me back after i told them about this problem and said they would look at the issue But they followed up with an email saying that after investigation they found nothing was wrong with my second room shower The email implied I had made it up They offered an abysmal discount and made me feel like I was the one that had done something wrong Whilst checking in several other customers were complaining about various things and were met with blank helpless expressions at reception Not nearly enough man power either ,No Positive,5.4,1
Suite Hotel 900 m zur Oper,Vienna,3/29/2016, Germany ,Leisure,"[' Leisure trip ', ' Couple ', ' Double Room ', ' Stayed 2 nights ']", Staff was unfriendly both in reception and at restaurant Room was not ready for check in at 7pm and came with a surprise wet towel in bed Suite 33 was too warm too small and shower was deffective , Nothing likeable about this hotel ,3.3,1
Saint Georges Hotel,London,11/13/2016, United Kingdom ,Leisure,"[' Leisure trip ', ' Couple ', ' Double Room ', ' Stayed 1 night ', ' Submitted from a mobile device ']", The room was smelly and filthy with mould in the bathroom We arrived after dark and couldn t see the filth because of the appalling lighting until morning We will not go again , The location was what we wanted ,4.2,1
The Principal London,London,12/3/2015, United Kingdom ,Leisure,"[' Leisure trip ', ' Couple ', ' Treat your Partner Package Double Room ', ' Stayed 2 nights ', ' Submitted from a mobile device ']", Price and value for money,No Positive,5.4,1
Comfort Inn Suites Kings Cross St Pancras,London,6/12/2016, United Kingdom ,Leisure,"[' Leisure trip ', ' Couple ', ' Double Suite ', ' Stayed 1 night ', ' Submitted from a mobile device ']", Expensive Suite v cramped Unnecessary requirement for ID as well as credit card , Proximity to mainline stations,5.8,1
The Premier Notting Hill,London,5/26/2016, United Kingdom ,Leisure,"[' Leisure trip ', ' Family with young children ', ' Deluxe Double Room ', ' Stayed 1 night ', ' Submitted from a mobile device ']", Toilet seat not even attached to the toilet Which should have been spotted when the room was cleaned The TV was very old and the picture quality was appalling like watching one from the 1970 s The shower tray was quite grubby and the shower had no pressure These are all pretty basic things that you would expect I was very disappointed as I wanted my son to stay in a nice hotel with me , The bed was really comfortable and the staff were wonderful ,5.8,1
Britannia International Hotel Canary Wharf,London,9/1/2015, Egypt ,Leisure,"[' Leisure trip ', ' Family with young children ', ' Standard Double Room ', ' Stayed 1 night ', ' Submitted from a mobile device ']", The service and the receptionist were very rude they got me a room on the 1st floor which was basically a store room with a bed, Location,4.2,1
Britannia International Hotel Canary Wharf,London,4/23/2017, United Kingdom ,Leisure,"[' Leisure trip ', ' Couple ', ' Standard Double Room without Window ', ' Stayed 1 night ']", Checked in in the morning before 14 00 obviously knew we wouldn t have access to our room and as we told them we would not be back til late was told all we would need to do would be collect room keys from desk When we arrived back later had to go through check in procedure again Then at 09 00 the following morning had room service knocking at our door to clean room really ,No Positive,5.8,1
Novotel Paris Centre Gare Montparnasse,Paris,8/6/2015, Saudi Arabia ,Leisure,"[' Leisure trip ', ' Group ', ' Family Room 3 Adults ', ' Stayed 3 nights ', ' Submitted from a mobile device ']", Parking, Good location,5.8,1
The Montcalm Marble Arch,London,3/23/2017, Australia ,Leisure,"[' Leisure trip ', ' Couple ', ' Deluxe Double Room ', ' Stayed 4 nights ', ' Submitted from a mobile device ']", Attention to detail was poor with the housekeeping only ever left one shower gel it s a five star hotel with two people in one room why ration the soap Also the milk and water wasn t always replaced At there prices you would expect more , Good location,5.8,1
London Hilton on Park Lane,London,4/3/2016, United Kingdom ,Leisure,"[' Leisure trip ', ' Family with young children ', ' Executive King Room with Lounge Access ', ' Stayed 1 night ', ' Submitted from a mobile device ']", The room we original had was poor The curtains did not cover the window and the blind did not keep the light out The room needed updating and looked shabby in places I had to wait four hours after three phone calls to housekeeping to get a rollaway bed delivered to the room for my son , The breakfast is fantastic the view is great from upper level floors Location is amazing ,6.7,1
Radisson Blu Edwardian Bloomsbury Street,London,5/8/2017, United Kingdom ,Leisure,"[' Leisure trip ', ' Group ', ' Superior Double or Twin Room ', ' Stayed 2 nights ', ' Submitted from a mobile device ']", View from room terrible for the cost of 500 for two nights, Breakfast,5.4,1
Novotel London West,London,12/1/2015, Ireland ,Leisure,"[' Leisure trip ', ' Couple ', ' Superior Room with 2 Single Beds ', ' Stayed 1 night ']", Guests with dogs using the main elevator totally inappropriate Staff saw it and did nothing about it Bathrooms needs attention not so clean Noise coming from the corridor was very laud Breakfast is 27 which is a completely ripoff , Comfortable bed and very near tube station,6.3,1
Shaftesbury Premier London Paddington,London,2/18/2017, India ,Business,"[' Business trip ', ' Solo traveler ', ' Deluxe Double Room ', ' Stayed 1 night ', ' Submitted from a mobile device ']", Room size is very small and uncomfortable , Location very convenient Nice spread for breakfast,4.6,1
Hotel SB Icaria Barcelona,Barcelona,12/21/2016, United Kingdom ,Leisure,"[' Leisure trip ', ' Family with young children ', ' Triple Room ', ' Stayed 1 night ']", The hotel looks a bit rundown The mattress was not comfortable , Good location,6.3,1
Park Grand London Hyde Park,London,8/28/2016, United Kingdom ,Leisure,"[' Leisure trip ', ' Solo traveler ', ' Deluxe Single Room ', ' Stayed 3 nights ', ' Submitted from a mobile device ']", From the pictures when I booked I thought my room was going to be different better I think I could have given Harry Potter s cupboard under the stairs a run and had more space Not a problem really just an observation What was a problem was the mattress Presumably because of the size of the room people sit on the side of the bed This has damaged the mattress to the point where turning it would not even help , The staff were amazing very helpful Great location very easy to get to and from everywhere Anthony took great care with my breakfasts each morning The 5 99 healthy choices were great ,6.3,1
Hilton London Kensington Hotel,London,2/28/2017, United Kingdom ,Leisure,"[' Leisure trip ', ' Couple ', ' Double Hilton Guestroom ', ' Stayed 2 nights ']", Tired room bathroom door needed attention television controls had to be changed bath towels not left on second day Room too hot and not able to control, Good Breakfast good location,6.7,1
New Linden Hotel,London,12/13/2016, United Kingdom ,Leisure,"[' Leisure trip ', ' Couple ', ' Standard Double Room ', ' Stayed 1 night ', ' Submitted from a mobile device ']", Floor boards very noisy shower temp was all over the place no option of cooked breakfast , Bed was Comfortable It was nicely decorated Staff were helpful ,6.7,1
Shaftesbury Metropolis London Hyde Park,London,9/15/2016, United Kingdom ,Business,"[' Business trip ', ' Solo traveler ', ' Deluxe Single Room ', ' Stayed 2 nights ', ' Submitted from a mobile device ']", Bedroom very small and air con noisy,No Positive,5.4,1
Hilton London Euston,London,10/13/2015, United Kingdom ,Leisure,"[' Leisure trip ', ' Solo traveler ', ' Single Guest Room ', ' Stayed 1 night ', ' Submitted from a mobile device ']", Really shabby for a Hilton I mean to be fair they are undergoing refurbishment but it is hard to believe that a Hilton could have ever been in such a poor condition prior to the refurbishment The room was stuffy and smelly smelled like damp clothes and carpet Pulled kettle out to make a cup of tea and it was filthy with little black bits on the base The elevator opened up to a really filthy area Basically Premier Inn or worse quality at Hilton price , The staff was very polite and helpful No hassle about payments and credit cards used for payment etc like most hotels True Hilton style ,5.4,1
Park Plaza Victoria London,London,1/3/2017, Ireland ,Leisure,"[' Leisure trip ', ' Couple ', ' Superior Double Room ', ' Stayed 3 nights ']", When you stay for more than a night they prioritise room changeover for cleaning which means that our room wasn t cleaned twice until after 3 30 pm which I think is unacceptable ,No Positive,6.7,1
Hotel Cavendish,London,10/28/2016, Belgium ,Leisure,"[' Leisure trip ', ' Family with young children ', ' Triple Room ', ' Stayed 2 nights ']", The room was not nice at all it had nothing to do with the photos the floor on the bathroom was broken there were doing constructions outside the window and it was noisy we had booked a three bed room and they gave us a room with one double bed and a couch where 3 people could hardly fit in The staff was ignorant seemed very bored with their work We thanked them in the end for the accommodation and they were too busy with their papers to say at least thank you for staying with us such a disappointment , only the location and the breakfast,3.8,1
Carlyle Brera Hotel,Milan,3/26/2016, Italy ,Leisure,"[' Leisure trip ', ' Solo traveler ', ' Twin Room ', ' Stayed 3 nights ', ' Submitted from a mobile device ']", The rooms are 3 stars hotel , Central position,6.3,1
Park Plaza Westminster Bridge London,London,2/23/2016, United Kingdom ,Leisure,"[' Leisure trip ', ' Couple ', ' Superior Twin Room with Internal View ', ' Stayed 2 nights ', ' Submitted from a mobile device ']", Lol the WiFi doesn t exisist poor connection , Location is good,6.7,1
DoubleTree by Hilton Hotel London Tower of London,London,8/2/2016, United Kingdom ,Leisure,"[' Leisure trip ', ' Family with older children ', ' Queen Room ', ' Stayed 2 nights ', ' Submitted from a mobile device ']", I didn t like the fact that there was no stairs to use except for staff stairs where you had to ask staff when you wanted to use them and they was very dirty and food left on stairs overnight My daughter is afraid of lifts and this was a big problem There should be stairs for residents , Roof top bar,6.3,1
Aparthotel Adagio Vienna City,Vienna,9/30/2015, United Arab Emirates ,Leisure,"[' Leisure trip ', ' Family with young children ', ' Studio ', ' Stayed 4 nights ']", Small room utensils were dirty Garbage not collected , Loved the location,5.0,1
Boutique Hotel Notting Hill,Amsterdam,2/27/2016, United Kingdom ,Leisure,"[' Leisure trip ', ' Couple ', ' Deluxe Double Room ', ' Stayed 3 nights ', ' Submitted from a mobile device ']", No hotel information in room regarding time of breakfast gym opening etc When asked we were told it was available on the TV but could not find Twice rooms were not cleaned when we returned after a day out First we were told preference was given to cleaning rooms of those leaving and preparing for arrivals and not to customers with continuing booking On second occasion we were told bedrooms were not cleaned daily as a matter of course unless requested by guest Never experienced this before Breakfast expensive so used local cafes , Good location Good size room and bathroom Nice comfy bar area,6.7,1
My Bloomsbury,London,4/6/2017, China ,Leisure,"[' Leisure trip ', ' Family with young children ', ' Double Room ', ' Stayed 2 nights ', ' Submitted from a mobile device ']", This is my first time to write a review 1 It is tooooooo noisy some decoration noise and construction noise freak me out Until 2am in the morning I report to the hotel reception they told me they are talking and solving the problem But NO Staff told me they got the permission I can t believe this 2 am in the morning still have drill voice around you 2 I asked for a twin beds room they told me should pay more and upgrade I said yes and they let me to choose the level of the room When I enter the room it s not the twin beds it s king size bed room I came to talk with the hotel staff They told me no more twin beds room Excuse me Why don t you tell me before 3 Bad flush water, Good location,4.2,1
Millennium Gloucester Hotel London,London,8/11/2016, United Kingdom ,Leisure,"[' Leisure trip ', ' Family with older children ', ' 2 rooms ', ' Stayed 2 nights ', ' Submitted from a mobile device ']", Rooms are drastically in need of refurbishment The carpet was worn and badly marked The pillows had a damp smell , The staff were very helpful and adjusted our bill due to the sub standard room ,5.8,1
Melia Vienna,Vienna,10/10/2016, Croatia ,Unknown,"[' Couple ', ' Deluxe Double Room ', ' Stayed 3 nights ', ' Submitted from a mobile device ']", Parking is too expensive,No Positive,5.8,1
Mercure Grand Hotel Biedermeier Wien,Vienna,1/22/2017, Sweden ,Leisure,"[' Leisure trip ', ' Couple ', ' Classic Double Room ', ' Stayed 3 nights ', ' Submitted from a mobile device ']", The room was super warm We had to have the windows open at all times even though it was 3 outside at night Beds really lumpy No english channels on the TV When we checked in they reserved almost 60 EUR on our creditcard something we hadn t been informed about in advance This was in case we ordered something to our room or dined at the hotel resturant Been to lots of hotels and never had to pay in advance for services we knew we wouldnt use Although you get the money back when you check out we had 60 EUR less to spend on our holiday Not ok , Good location nice staff and good service at breakfast Subway and trainconnections are close Lots of nice cafes around ,6.3,1
TheWesley,London,1/25/2017, United Kingdom ,Business,"[' Business trip ', ' Solo traveler ', ' Standard Double Room ', ' Stayed 1 night ', ' Submitted from a mobile device ']", Bed was hard and uncomfortable Shower was cold complaints by other guests too Fuss over booking of breakfast costs No vegetarian sausages , Location,5.8,1
Britannia International Hotel Canary Wharf,London,8/16/2015, India ,Business,"[' Business trip ', ' Solo traveler ', ' Standard Single Room ', ' Stayed 6 nights ', ' Submitted from a mobile device ']",No Negative, For single travellers provide a single queen bed Does not make any sense when you have two small size single beds,6.3,1
Holiday Inn London Wembley,London,10/6/2015, United Kingdom ,Leisure,"[' Leisure trip ', ' Couple ', ' Executive Double Room ', ' Stayed 2 nights ', ' Submitted from a mobile device ']", Rooms next to loud heating pipes that clattered all night Room not as clean as it could have been dust and marks on surfaces Obvious water damage to ceiling brown stains very expensive for what it is , Convenient location,5.8,1
Saint James Albany Paris Hotel Spa,Paris,10/28/2016, New Zealand ,Leisure,"[' Leisure trip ', ' Group ', ' Family Room with Spa access ', ' Stayed 3 nights ', ' Submitted from a mobile device ']", I would never stay here again Nothing in the room worked properly and you would get better facilities at a hostel ,No Positive,4.2,1
Amadi Park Hotel,Amsterdam,7/28/2016, United States of America ,Leisure,"[' Leisure trip ', ' Family with older children ', ' Triple Room ', ' Stayed 3 nights ']", No A C in June summer and HOT in the room called front desk and only 2 days did they get it fixed First day no remote control for the TV and the solution of the front desk was stand up and change the channels This is an OVERRATED 4 star hotel No continental breakfast just a small buffet on the back side literally of the reception I would not call it a hotel its a room in an apartment complex building Look for other HOTELS to stay in ,No Positive,4.2,1
Hotel Stefanie,Vienna,12/17/2015, China ,Leisure,"[' Leisure trip ', ' Group ', ' Double Room with Courtyard View ', ' Stayed 3 nights ', ' Submitted from a mobile device ']", Expensive but probably for Vienna is not as everything there is pricy Didn t provide some things like slippers toothbrush comb Some of customer service was blunt but at other times was good and helpful , Amazing breakfast location character,6.7,1
DoubleTree by Hilton London Docklands Riverside,London,8/2/2017, United Kingdom ,Leisure,"[' Leisure trip ', ' Couple ', ' Double Guest Room ', ' Stayed 1 night ', ' Submitted from a mobile device ']", Bathroom ridiculously small could barely use toilet and have door closed Using garage was challenging as entry cards didn t work so lots of trips to and from reception, Service at dinner was excellent,5.8,1
Shaftesbury Metropolis London Hyde Park,London,12/19/2016, Netherlands ,Business,"[' Business trip ', ' Solo traveler ', ' Deluxe Double Room ', ' Stayed 1 night ']", Too noisy both from the road outside and also from guests within the hotel returning late at night drunk ,No Positive,6.3,1
Durrants Hotel,London,12/16/2015, United Kingdom ,Leisure,"[' Leisure trip ', ' Couple ', ' Double Room ', ' Stayed 1 night ', ' Submitted from a mobile device ']", The staff were awkward need to speak good English , Liked the location old fashioned but in a nice way,6.3,1
NH Barcelona Stadium,Barcelona,5/13/2017, Italy ,Business,"[' Business trip ', ' Group ', ' Standard Double or Twin Room ', ' Stayed 1 night ', ' Submitted from a mobile device ']", Room small and not clean, Breakfast,4.6,1
Eurostars Bcn Design,Barcelona,8/23/2016, Switzerland ,Leisure,"[' Leisure trip ', ' Couple ', ' Deluxe Room with Terrace ', ' Stayed 2 nights ', ' Submitted from a mobile device ']", They charge to mi credit card and I ask not to The terrace was not clean The shower was not fix very damage The stair to the terrace is huge Not practical for washing your hands horrible This is not a 5 star hotel Views are not cool People can see us from the stairs not cool Tv aux didn t work menu is only for tourist I will never recommend this place to no one And I won t visit another of this chaine Thanks a lot , Nice gin tonics,3.3,1
Millennium Gloucester Hotel London,London,2/12/2017, Ireland ,Leisure,"[' Leisure trip ', ' Solo traveler ', ' Standard Twin Room ', ' Stayed 3 nights ', ' Submitted from a mobile device ']", Room was a bit sad needed some work , Location,6.7,1
Durrants Hotel,London,6/24/2017, United Kingdom ,Business,"[' Business trip ', ' Couple ', ' Double or Twin Room ', ' Stayed 1 night ']", very tired no ac in rooms, location,4.2,1
Grand Royale London Hyde Park,London,8/14/2016, New Zealand ,Leisure,"[' Leisure trip ', ' Family with older children ', ' 2 rooms ', ' Stayed 2 nights ', ' Submitted from a mobile device ']", Found the rooms a bit small,No Positive,6.7,1
Holiday Inn London Wembley,London,1/30/2017, Denmark ,Leisure,"[' Leisure trip ', ' Group ', ' Twin Room ', ' Stayed 2 nights ', ' Submitted from a mobile device ']", Dry and limited breakfast Almost nothing left even though their was an hour left to close the kitchen No hair dryer too soft beds no extra facilities in bathrooms no mini bar Room needs to be painted, Restaurant selection around the hotel,4.6,1
Radisson Blu Edwardian Sussex,London,2/16/2016, United Kingdom ,Leisure,"[' Leisure trip ', ' Couple ', ' Standard Double Twin Room ', ' Stayed 2 nights ', ' Submitted from a mobile device ']", Cooked breakfast was cold Were given the wrong room on arrival and the lift was terrifying Needs replacing with a new one, Staff were very friendly and helpful and the location was really good very close to all the shops ,6.7,1
Jumeirah Lowndes Hotel,London,9/2/2015, United Kingdom ,Leisure,"[' Leisure trip ', ' Couple ', ' Deluxe Double Room ', ' Stayed 2 nights ', ' Submitted from a mobile device ']", Parking was not told the price and no signs how much, The cost off parking was way too much,6.7,1
Radisson Blu Edwardian Grafton,London,10/31/2016, ,Business,"[' Business trip ', ' Solo traveler ', ' Deluxe King Room ', ' Stayed 2 nights ']", Extremely noisy room could hear the street traffic Was given a smokers room Smelly and noisy could not sleep at night ,No Positive,3.3,1
Hotel Claridge Paris,Paris,5/17/2017, Saudi Arabia ,Leisure,"[' Leisure trip ', ' Couple ', ' Classic Double Room ', ' Stayed 3 nights ', ' Submitted from a mobile device ']", I couldn t sleep because of the noise I didn t like the staff because they gets angry when you ask for anything The condition is not work ,No Positive,6.3,1
Best Western Blue Tower Hotel,Amsterdam,7/21/2017, United Kingdom ,Leisure,"[' Leisure trip ', ' Couple ', ' Executive Twin Room ', ' Stayed 5 nights ', ' Submitted from a mobile device ']", A place to sit and have a glass or two of wine or be able to have a meal in the hotel accompanied by a bottle of wine We would never have booked the hotel if we had known that it had lost its licence , The staff were excellent,4.2,1
Best Western Blue Tower Hotel,Amsterdam,5/17/2016, United Kingdom ,Leisure,"[' Leisure trip ', ' Couple ', ' Standard Double or Twin Room ', ' Stayed 3 nights ']", Burnt by shower after getting extremely hot for no reason Dated decor No fridge mini bar , Bed was comfortable nice bathroom good TV with plenty of channels Friendly and helpful staff ,6.3,1
Hotel Dei Cavalieri,Milan,10/31/2016, United Kingdom ,Unknown,"[' Family with young children ', ' Triple Room ', ' Stayed 1 night ', ' Submitted from a mobile device ']", Toilet bathroom old bed furniture cofe mashine don t work rubbish still in a room after previous customer , Location,5.4,1
Dutch Design Hotel Artemis,Amsterdam,5/1/2016, Sweden ,Leisure,"[' Leisure trip ', ' Couple ', ' Superior Double Room ', ' Stayed 3 nights ', ' Submitted from a mobile device ']", Breakfast is to expensive and we could not put it on the room bill , Some in the personell had the gift of personal service some did not The food in the restaurant was good ,6.3,1
The Park Grand London Paddington,London,8/15/2015, India ,Business,"[' Business trip ', ' Solo traveler ', ' Compact Double Room ', ' Stayed 3 nights ']", The room was too small and cramped I requested for a larger room it was declined, Early checkin based on an advance request,5.4,1
Sunotel Central,Barcelona,1/4/2016, United States of America ,Leisure,"[' Leisure trip ', ' Family with older children ', ' Basic Double Room ', ' Stayed 5 nights ']", The Sunotel Barcelona is a medium priced hotel located on the Gran Via in inner Barcelona The location of the hotel isn t the best although it is about a block and a half from the nearest subway station However it is 15 minutes from La Ramblas and the rest of the bustling portion of Barcelona When we arrived we were greeted by a friendly gentleman who gave us a quick overview of what to do in the city and gave us our room key Upon entering the room we immediately realized it was much too hot to be comfortable This is because during the winter the Sunotel turns off its AC and encourages guests to open their windows to better cool their rooms As we put our things away we noticed that the toilet in our room had what looked like fecal matter stained onto it perhaps from the previous occupant For lack of a better word this was pretty disgusting We didn t spend much time in the room that day As night fell we made it back to our hotel We had traversed the entire city and needed a good night s rest The blankets in the Sunotel were winter blankets but they were almost impossible to sleep under given the temperature of the room even after opening the windows As the night progressed mosquitos flew into our room due to the fact that the window did not have a screen on it I was bitten by mosquitos every night I stayed at the Sunotel Closing the window would have solved the problem but would have made the room extremely hot The beds also had wheels on them so if you were one to toss and turn in your sleep you would be surprised to discover that upon your waking you d be in a different place in the room than you were when you went to bed The wheels of the beds as well as the flooring used in the Sunotel a strange hybridization between linoleum and fake wood caused this and allowed the beds to freely move on their own , The hotel did have memory foam pillows which was a welcome plus ,3.8,1
H tel Hor,Paris,8/13/2015, United States of America ,Leisure,"[' Leisure trip ', ' Solo traveler ', ' Classic Double Room ', ' Stayed 1 night ', ' Submitted from a mobile device ']", Overpriced for area breakfast not included at price , Clean and convenient ,5.8,1
Hampton by Hilton Amsterdam Centre East,Amsterdam,5/17/2017, United Kingdom ,Business,"[' Business trip ', ' Couple ', ' Queen Room Non Smoking ', ' Stayed 3 nights ', ' Submitted from a mobile device ']", Staff unhelpful location difficult to find from tram station no signage visible till you re at the property entrance looks like garage for bikes with several bikes parked in the doorway so you don t know where entrance is breakfast stuff are terrible encouraging you to walk away from breakfast 1 hour before closing they don t top up food often , Some staff were helpful but most weren t ,6.7,1
Copthorne Tara Hotel London Kensington,London,2/13/2016, United Kingdom ,Leisure,"[' Leisure trip ', ' Couple ', ' Superior Twin Room ', ' Stayed 1 night ', ' Submitted from a mobile device ']", The air conditioning in our room was not good too hot even when low stuffy The pillows were not really comfy plus not big ,No Positive,6.3,1
The Cumberland A Guoman Hotel,London,8/20/2016, Saudi Arabia ,Leisure,"[' Leisure trip ', ' Couple ', ' Standard Twin Room ', ' Stayed 6 nights ', ' Submitted from a mobile device ']", Staff very rude Long check in But spainsh manger very nice, Location Mobile phone signal pooir inside room,4.6,1
Oceania Paris Porte De Versailles,Paris,8/20/2016, United Kingdom ,Leisure,"[' Leisure trip ', ' Couple ', ' Superior Double or Twin Room ', ' Stayed 3 nights ']",No Negative, Clean and Tidy Within walking distance of metro Quiet area ,5.8,1
Starhotels Tourist,Milan,6/25/2016, South Korea ,Business,"[' Business trip ', ' Solo traveler ', ' Classic Double or Twin Room ', ' Stayed 6 nights ']", You can see street girls everynight nearby the hotel , Just subway station in front of the hotel,4.2,1
Hilton London Kensington Hotel,London,4/3/2016, United Kingdom ,Business,"[' Business trip ', ' Family with young children ', ' Double Hilton Guestroom ', ' Stayed 2 nights ', ' Submitted from a mobile device ']",No Negative, Good breakfast,6.3,1
Imperial Riding School Renaissance Vienna Hotel,Vienna,3/3/2016, United Kingdom ,Leisure,"[' Leisure trip ', ' Couple ', ' Junior Suite with access to the Club Lounge ', ' Stayed 4 nights ', ' Submitted from a mobile device ']", The staff were rude not explained what came with the room opening hours of facilities Grainy tb with only 1 English channel and expensive parking, The arsenal resturant was very nice,4.6,1
NH City Centre Amsterdam,Amsterdam,4/10/2017, Germany ,Business,"[' Business trip ', ' Solo traveler ', ' Standard Double or Twin Room ', ' Stayed 3 nights ', ' Submitted from a mobile device ']", Checkin time is at 15 00 when I arrived at 15 15 it was quite busy at checkin The first thing I heard was an employee almost yelling at a guest we have over 200 rooms of course we don t have the rooms ready at 15 00 Staff generally didn t seem very engaged Further as a business traveler the wifi is a disaster You get a little for free at a slow speed really not ok it s 2017 , Rooms are clean,5.8,1
H tel de Varenne,Paris,7/23/2017, United Kingdom ,Unknown,"[' Solo traveler ', ' Classic Double Room ', ' Stayed 1 night ']", Inflexible reservation system,No Positive,2.5,1
Grange Blooms Hotel,London,8/14/2016, United Kingdom ,Leisure,"[' Leisure trip ', ' Solo traveler ', ' Single Room ', ' Stayed 1 night ']", No bath as advertised,No Positive,6.7,1
The Park Tower Knightsbridge a Luxury Collection Hotel,London,5/20/2017, Spain ,Leisure,"[' Leisure trip ', ' Family with young children ', ' Classic Room ', ' Stayed 3 nights ', ' Submitted from a mobile device ']", Limpieza y desayuno, Ubicaci n,5.0,1
Britannia International Hotel Canary Wharf,London,3/14/2017, Slovenia ,Leisure,"[' Leisure trip ', ' Family with young children ', ' Standard Double Room without Window ', ' Stayed 2 nights ', ' Submitted from a mobile device ']", The beds are old and not that confy There is no option to open a window No free internet only 20min No mini bar in a room The aircon is dirty and you dont want to turn it on, The level of cleanliness is good meaning you can walk barefoot in the room and you want end up with a sticky feet or feet full of dust and similar,5.4,1
Best Western Premier Hotel Couture,Amsterdam,9/15/2016, United Kingdom ,Leisure,"[' Leisure trip ', ' Couple ', ' Comfort Double Room ', ' Stayed 3 nights ', ' Submitted from a mobile device ']", The very misleading fact that there is no bar the restaurant has no wine beer or any other alcohol This is not mentioned anywhere in the hotel information even in the room The nearest bars and restaurants are 10 minutes walk away that s fine unless it s raining or like me you need a wheelchair Very angry disappointed to be so mislead , Room public areas were clean well fitted Good car park Quiet rooms for a city hotel ,5.0,1
Hotel Da Vinci,Milan,9/8/2015, Nigeria ,Leisure,"[' Leisure trip ', ' Family with young children ', ' Suite ', ' Stayed 3 nights ', ' Submitted from a mobile device ']", Our stay was welcomed with an inability to check in upon arrival The receptionist told me to visit the Milan Expo whilst waiting for 3pm Check In Time I was travelling with my husband and 2 kids under 7 years We had just disembarked from a 12hr Trip from Africa we were exhausted and tired we had to squeeze ourselves on their Lounge Chairs for over 4hours after checking in I found out I had lost my wedding ring in the process of handling 9 Travelling Luggages getting breakfast for my overtly exhausted kids dealing with fatigue , The Rooms have been recently renovated the environment was serene and beautiful ,6.3,1
Steigenberger Hotel Herrenhof,Vienna,8/23/2016, Netherlands ,Leisure,"[' Leisure trip ', ' Couple ', ' Deluxe Double or Twin Room ', ' Stayed 2 nights ']", No water supply in one night because of broken boiler or breakage of water pipe and no explanation was given until we contacted the receiption , Very tasty breakfast especially freshly made fruit vegetable mixed juices and omelettes to order Nicely decolated spacious modern room and confortable beds,5.8,1
Austria Trend Hotel Bosei Wien,Vienna,3/15/2016, Romania ,Leisure,"[' Leisure trip ', ' Family with young children ', ' Executive Room ', ' Stayed 1 night ']", A refreshment of the hotel rooms would be nice, location free parking and wifi,6.7,1
Dikker en Thijs Fenice Hotel,Amsterdam,8/21/2016, Chile ,Leisure,"[' Leisure trip ', ' Couple ', ' Basic Double Room ', ' Stayed 1 night ', ' Submitted from a mobile device ']", Very noisy hotel very old structure with cracking floors slamming doors of other hotel guests, Ubicacion excelente,6.7,1
Hotel Advance,Barcelona,5/16/2017, Turkey ,Leisure,"[' Leisure trip ', ' Solo traveler ', ' Double or Twin Room ', ' Stayed 3 nights ', ' Submitted from a mobile device ']", Room uncomfortable and noisy,No Positive,4.2,1
NH Milano Touring,Milan,10/18/2015, Ireland ,Leisure,"[' Leisure trip ', ' Couple ', ' Standard Double or Twin Room ', ' Stayed 2 nights ', ' Submitted from a mobile device ']", Dined in restaurant on first night and it really was not up to standard, Proxmity to station and airport,5.8,1
Hotel Les Bulles De Paris,Paris,10/13/2016, Luxembourg ,Leisure,"[' Leisure trip ', ' Solo traveler ', ' Business Single Room ', ' Stayed 2 nights ']", It is the tiniest hotel room I have ever been in It was cramped and at 171 per night it was vastly over priced Definitely NOT good value for money , The room was clean and the bed was comfortable ,3.8,1
NH Amsterdam Schiller,Amsterdam,3/29/2017, Jersey ,Business,"[' Business trip ', ' Group ', ' 2 rooms ', ' Stayed 1 night ']", Too hot in the rooms couldnt open windows for noise, Great location for a party holiday,5.8,1
Rosa Grand Milano Starhotels Collezione,Milan,1/19/2016, Qatar ,Leisure,"[' Leisure trip ', ' Solo traveler ', ' Superior Double Room ', ' Stayed 2 nights ', ' Submitted from a mobile device ']",No Negative, The location is good for shopping,5.8,1
Park Plaza London Riverbank,London,10/5/2016, United Kingdom ,Leisure,"[' Leisure trip ', ' Couple ', ' Superior Double Room ', ' Stayed 2 nights ']", Good if you want to stay on a building site Work outside being constantly done from 7am in the morning Lifts on the 2nd floor were not installed and we re covered by plastic sheeting not very secure Noise from other rooms was a problem in bathroom you could hear other rooms toilets etc being flushed and drained, Good location for what we wanted to do ,5.4,1
Thistle Euston,London,5/23/2016, Singapore ,Business,"[' Business trip ', ' Solo traveler ', ' Standard Twin Room ', ' Stayed 6 nights ']", As it was labeled a business hotel I expected to be able to print documents etc But no the ladies at reception insisted I had to email them the documents as there was no other computer I was flabbergasted and asked if there was any other way she said Well you don t see a printer in your room do you How is that a response to a guest Finally over the phone she said I could print without sending an email So I brought my USB drive and then the other ladies there were 4 in total at reception said no I couldn t I must email them the documents They were also not able to tell me if there was somewhere else I could go to to get my documents printed via a USB drive After much hassling I was finally told I could log into my own email and print it off the reception computer I compromised as there was no other way All of this meant I had multiple trips to the reception and irked some other guests who thought I was cutting the que at reception One guest told me off and I was not in the mood to explain This experience on the first morning of a week s stay really left a bitter taste in my mouth Also on the same day while dining with a guest in the restaurant the waiter mixed the orders of myself and my colleague up we both ordered steak rare versus medium As we were having a business meeting we did not want to make a fuss and it was particularly frustrating to eat food that is not to one s taste Lastly this happened on just one of the days but the housekeeping did not top up the toiletries I didn t raise this point however as I did not want to call up reception again The only reason I didn t move to a different hotel was because of the location and because I was with colleagues who were staying at the same hotel , The reception let me check in very early as they had a room available ,6.3,1
Gainsborough Hotel,London,10/17/2015, United Kingdom ,Leisure,"[' Leisure trip ', ' Couple ', ' Deluxe Double Room ', ' Stayed 1 night ', ' Submitted from a mobile device ']", Carpet was dirty and stain walls need repainting overall needs updating,No Positive,3.8,1
The Tower A Guoman Hotel,London,10/10/2016, United Kingdom ,Leisure,"[' Leisure trip ', ' Couple ', ' Double Room ', ' Stayed 1 night ', ' Submitted from a mobile device ']", Awful customer service at check in told we didn t have a reservation Also claimed we hadn t booked paid for breakfast Afternoon tea reservation wasn t put in the diary so no booking for that either Disgraceful service entire stay ,No Positive,6.7,1
Rydges Kensington Hotel,London,1/12/2016, Australia ,Leisure,"[' Leisure trip ', ' Couple ', ' Executive King Room ', ' Stayed 5 nights ', ' Submitted from a mobile device ']", Def not 4 5 star We booked the executive room and it was still tiny with one window Gym is on basement floor and requires separate key to access None of the multimedia access kits were actually available Shower didn t drain properly so bathroom was always wet No bath , Location is good beds are comfy ,6.3,1
Mercure Amsterdam Sloterdijk Station,Amsterdam,1/9/2016, Sweden ,Leisure,"[' Leisure trip ', ' Couple ', ' Standard Double Room ', ' Stayed 2 nights ']", The tap water was not warm and we wasted the precious time in the trip We asked for reception and were told to wait until the hote water start to come They said it is natural because many guests use showers in the morning at the same time you know we waited until 11 45 a m just before the check out time but the water never became warm Unfortunately we lost the whole morning because of this we hope they will improve the water heating system , The restaurant in this hotel was very good not only we could enjoy the wide night view of central Amsterdam but also the meals especially Dutch Cheeses with warm breads were super ,6.7,1
Best Western Antares Hotel Concorde,Milan,6/19/2016, Italy ,Leisure,"[' Leisure trip ', ' Couple ', ' Double Room ', ' Stayed 1 night ']", The staff was not a four star pretty incompetent and neither kind at all The parking lot was indecent we ve never seen something like that definetly not a four star Unbelievably narrow very dangerous for a sport car steering system and suspensions and they even charge for it Definetly the worst best western hotel we ve been in Europe , Location was good near the city centre ,4.2,1
Novotel Paris 14 Porte d Orl ans,Paris,6/13/2017, France ,Leisure,"[' Leisure trip ', ' Family with young children ', ' Superior Queen Room with Sofa ', ' Stayed 3 nights ', ' Submitted from a mobile device ']",No Negative, Nothing Could not even supply proper cups for tea and glasses for water Everything was disposable Shocked Very very poor,2.5,1
Arthotel ANA Boutique Six,Vienna,6/23/2017, United Kingdom ,Leisure,"[' Leisure trip ', ' Couple ', ' Superior Double Room with Balcony ', ' Stayed 3 nights ', ' Submitted from a mobile device ']", Courtyard was a mess, Clean room,6.3,1
Millennium Hotel London Mayfair,London,9/15/2015, United Kingdom ,Leisure,"[' Leisure trip ', ' Couple ', ' Standard Double Room ', ' Stayed 2 nights ']", We arrived at 3pm i e one whole hour after the recommended time We were informed that our room was not ready and that if we wanted to be allocated a room we would have to pay for an upgrade Eventually the receptionist allocated a upgraded room at no extra cost When we entered the room it was clear that maintenance had failed to replace the shower door and that the shower had not been secured to the wall ,No Positive,2.9,1
Novotel London City South,London,4/9/2017, Oman ,Business,"[' Business trip ', ' Solo traveler ', ' Superior Room ', ' Stayed 4 nights ', ' Submitted from a mobile device ']", Five pounds delivery charge for room service Seriously Since when ,No Positive,6.3,1
Corus Hotel Hyde Park,London,7/11/2017, United Kingdom ,Leisure,"[' Leisure trip ', ' Family with young children ', ' Standard Double ', ' Stayed 2 nights ', ' Submitted from a mobile device ']", Card keys didn t work we had 8 in 2 days Room was tiny The barman couldn t pull a pint charged a different price every time we went to him We paid for the room when we got there but were asked to pay when we left as the first payment wasn t taken Some room lights didn t work The shower was faulty The extractor fan in the toilet didn t work, The food was nice,5.4,1
Meli Milano,Milan,4/14/2016, Belgium ,Leisure,"[' Leisure trip ', ' Couple ', ' Premium Twin Room ', ' Stayed 1 night ', ' Submitted from a mobile device ']", You would expect the rooms to be impressive too but the contrary is a fact The lousy furniture lack of a carpet and missing wall design give impression of a 3 star hotel at most the airconditioning was not cooling The terrace if you could call it that wasn t more then a prison cage with no more view then a concrete wall right in front of your nose and a dozen of old soaked sigaret budds on the floor The sandpaper sheets made it impossible to sleep without oijamas and socks , The lobby is impressive,5.4,1
Ilunion Barcelona,Barcelona,9/15/2016, United Kingdom ,Leisure,"[' Leisure trip ', ' Couple ', ' Double or Twin Room ', ' Stayed 2 nights ', ' Submitted from a mobile device ']", We did not like the area very smelly and dog mess on the pavements very off putting The room did not have any tea coffee making facilities the furniture needed attention The tiles in the bathroom needed regrouting and a good clean House keeping not on the ball we had to ask for fresh towels at 4pm in the afternoon on the second day Wi Fi kept dropping out The staff appeared to be moody and not overly helpful especially when I reported a leak in the bathroom the staff on duty said it was the air conditioning and said he would arrange for some one to have a look at it or arrange another room for us neither of these happened I would not recommend this hotel to a friend and would not stay here again value for money zero and staff need to improve on their customer care , Despite the area the hotel was a short walk to the beach ,4.6,1
Hotel Miramar Barcelona GL,Barcelona,3/31/2016, Poland ,Leisure,"[' Leisure trip ', ' Family with young children ', ' Premium Double Room ', ' Stayed 3 nights ']", This is 5 stars hotel so expectations are adequate to this Unfortunately the hotel did not meet them The list of shortcomings could be very long but I ll mention the most important Untrained staff not speaking English and not capable to answer any questions Tragic service restaurant during breakfast or lunch lack of products on breakfast but they pull your plate to finish faster Room cleaning lasts forever we were leaving about 12 and coming back at 17 to untidy room After leaving for pool outside the door shuts automatically you can not return unless passing the restaurant In conclusion hotel in need of renewal and with incompetent service which pretends 5 stars Curiosity was to block double money on my card which I failed so far to recover Definitely avoid this place , localization bar,3.8,1
DoubleTree by Hilton Amsterdam Centraal Station,Amsterdam,3/5/2016, United Kingdom ,Leisure,"[' Leisure trip ', ' Group ', ' Twin Guest Room ', ' Stayed 2 nights ', ' Submitted from a mobile device ']", my room was charged for breakfast even though I didn t order it or have it The money was refunded to my account but I was refunded less than they had charged me , The bed was a standard single bed Nothing special,5.4,1
Strand Palace Hotel,London,8/8/2016, Gibraltar ,Leisure,"[' Leisure trip ', ' Couple ', ' Standard Double Room ', ' Stayed 3 nights ']", Room furnishings dated Wardrobe space totally insufficient for 2 people Standard double room was very small for the price you pay ,No Positive,6.7,1
Radisson Blu Edwardian Grafton,London,12/16/2015, United Kingdom ,Leisure,"[' Leisure trip ', ' Couple ', ' Standard Double or Twin Room ', ' Stayed 1 night ', ' Submitted from a mobile device ']", Bed seemed very small very noisy at night couldn t sleep with windows open, Food was excellent ,6.5,1
Holiday Inn Paris Gare de Lyon Bastille,Paris,1/2/2017, United Kingdom ,Leisure,"[' Leisure trip ', ' Couple ', ' Standard Double Room ', ' Stayed 2 nights ']", Rooms very small Hardly any plugs and there wasn t any plugs by the mirrors Minimal wardrobe space Wifi code expired during our stay , Comfortable bed Staff friendly ,3.8,1
Good Hotel London,London,6/20/2017, United Kingdom ,Leisure,"[' Leisure trip ', ' Couple ', ' Deluxe Double Room with River View ', ' Stayed 1 night ', ' Submitted from a mobile device ']", Bar staff and restaurant useless, Clean,5.4,1
Holiday Inn London Kensington Forum,London,10/4/2016, United Kingdom ,Leisure,"[' Leisure trip ', ' Family with young children ', ' Double or Twin Room Non Smoking ', ' Stayed 2 nights ', ' Submitted from a mobile device ']", Bar is a bit shabby expected better Needs investment , Comfortable bed,5.4,1
Millennium Gloucester Hotel London,London,2/25/2017, Qatar ,Unknown,"[' Solo traveler ', ' Standard Double Room ', ' Stayed 1 night ', ' Submitted from a mobile device ']", Everything I don t take this hotel agin , Very bad hotel staff and reservation team,2.5,1
Holiday Inn Paris Gare de l Est,Paris,9/28/2015, Saudi Arabia ,Leisure,"[' Leisure trip ', ' Couple ', ' Standard Double or Twin Room ', ' Stayed 4 nights ']", Front desk staff were not so helpful and friendly and need to request towels frequently , Location is excellent just opposite of Gare De L est station ,6.7,1
Ch teau Monfort Relais Ch teaux,Milan,4/5/2017, United Kingdom ,Leisure,"[' Leisure trip ', ' Couple ', ' Deluxe Double or Twin Room with Spa Access ', ' Stayed 3 nights ', ' Submitted from a mobile device ']", There was an immigrant and homeless centre right next door to the hotel and they were urinating against the walls drinking beers and generally it felt threatening Our air conditioning didn t work so the room was constantly hot, The hotel was quirky and the staff were lovely shame about the location,5.8,1
Crowne Plaza London Kensington,London,8/30/2016, Hungary ,Leisure,"[' Leisure trip ', ' Couple ', ' Standard Double Room ', ' Stayed 5 nights ']", Unfortunately standard rooms are tiny bed for 2 persons is extremely narrow with a common duvet , The location and the friendliness of staff The secret back garden ,6.3,1
H10 Itaca,Barcelona,2/24/2016, United Kingdom ,Leisure,"[' Leisure trip ', ' Couple ', ' Double or Twin Room ', ' Stayed 3 nights ']", Bathroom fitments were not in great condition and housekeeping average , Good size TV and selection of channels Large wardrobes Free easy to use safe box in room ,6.3,1
London Marriott Hotel Marble Arch,London,5/28/2017, Switzerland ,Leisure,"[' Leisure trip ', ' Solo traveler ', ' Superior King Room with Sofa Bed ', ' Stayed 2 nights ', ' Submitted from a mobile device ']", Value for money state of the property needs significant improvement feels like been built 20 years ago and nothing was done poor maintenance , location ,5.0,1
Holiday Inn London Kensington,London,3/25/2017, United Kingdom ,Leisure,"[' Leisure trip ', ' Couple ', ' Standard Room ', ' Stayed 1 night ', ' Submitted from a mobile device ']", Renovations in the room next door were noisy and we weren t pre warned As a result we got free breakfast and there was a lot of choice but some elements were of a very poor standard Had we paid 15pp I would ve asked for a refund Watered down tea coffee hot buffet items poor quality and or not cooked properly The tea in the hotel cafe Starbucks was atrocious I ve never had such weak watered down tea in my life this was with teabags left in for a good 5 mins , Staff were courteous and friendly Great location with easy access to the tube Room was well maintained and comfortable ,6.3,1
Britannia International Hotel Canary Wharf,London,8/25/2015, United Kingdom ,Leisure,"[' Leisure trip ', ' Couple ', ' Standard Double Room without Window ', ' Stayed 2 nights ', ' Submitted from a mobile device ']", Scruffy place way past its best Appalling lifts which rarely worked tricky when your room is on the eighth floor , Good value and good location ,5.0,1
Mercure Paris Terminus Nord,Paris,2/18/2016, United Kingdom ,Business,"[' Business trip ', ' Solo traveler ', ' Standard Room with 2 Single Beds ', ' Stayed 1 night ']", After check in went to my room to find it open with the latch on and the door had marks by the lock looking as if someone tried to pry it open Went back to reception to mention it and they went up to the room with me and then informed me that the cleaner had forgotten to lock the door and that the damage to the door did not affect the door from locking All very reassuring Having said that the room appeared to have been prepared correctly and unaffected by the door having left open The bathtub had black stains on it from previous repairs not dirt , Opposite the Gare du Nord station so convinient for the Eurostar,5.0,1
Hotel Claridge Paris,Paris,2/7/2017, Saudi Arabia ,Leisure,"[' Leisure trip ', ' Couple ', ' Classic Double Room ', ' Stayed 2 nights ', ' Submitted from a mobile device ']", Water didn t come from the shower holder Internet is interrupted once awhile , The room was ok but the location is perfect,6.7,1
Amadi Panorama Hotel,Amsterdam,9/27/2016, United Kingdom ,Leisure,"[' Leisure trip ', ' Couple ', ' Superior Twin Room with View ', ' Stayed 3 nights ', ' Submitted from a mobile device ']", Cobwebs on the light and ceilings, Very comfortable bed,6.3,1
Mercure Secession Wien,Vienna,10/4/2015, United Arab Emirates ,Leisure,"[' Leisure trip ', ' Family with young children ', ' Superior Apartment 2 Adults ', ' Stayed 3 nights ']", Very expensive not value for money Staff not courteous Incredibly pathetic internet that will drive you crazy Two single beds very tiny difficult to sleep Rooms very noisy due to street noise Very difficult to sleep AC is very old and doesn t work properly , Location is the only good thing about this hotel ,3.8,1
Radisson Blu Champs Elys es Paris,Paris,9/23/2015, Kuwait ,Unknown,"[' Couple ', ' Deluxe Room ', ' Stayed 5 nights ', ' Submitted from a mobile device ']", All hotel, Nothing at all,2.5,1
Hotel du Collectionneur Arc de Triomphe,Paris,8/19/2015, Turkey ,Leisure,"[' Leisure trip ', ' Family with young children ', ' Superior Double Room ', ' Stayed 2 nights ', ' Submitted from a mobile device ']", They did not clean the room When i complained at the check out they suggested to do this over the web and did not apologize , Location,4.2,1
Dorsett Shepherds Bush,London,5/20/2016, Germany ,Leisure,"[' Leisure trip ', ' Solo traveler ', ' Deluxe Double Room ', ' Stayed 4 nights ']", Breakfast But it was mostly full and you had to wait until a table was empty Also I was booked into a Double Room Deluxe Double Room It would have been very uncomfortable for 2 Persons to share especially the bathroom toilet Not enough space to swing a cat Car parking It s impossible to Park your Car in this area So you are Forced to use the Hotels Parking Service which at 24 GBP per day I found very expensive Coming back to my Deluxe Room A room with a view If you like that looking out off your rooms window into someone s backyard and seeing them hanging out the washing Not Impressed , Breakfast But it was mostly full and you must wait for a empty table ,6.3,1
Glam Milano,Milan,9/25/2016, United States of America ,Leisure,"[' Leisure trip ', ' Couple ', ' Superior Double Room ', ' Stayed 3 nights ', ' Submitted from a mobile device ']", A C not effective room too hot All furniture except bed was uncomfortableunsatisfactory Poor lighting No worktop , Breakfast dinner were very good Location was excellent ,5.4,1
Saint Georges Hotel,London,11/30/2016, Turkey ,Business,"[' Business trip ', ' Solo traveler ', ' Double Room ', ' Stayed 2 nights ']", the internet connection was terrible Their answer was the hotel is very crowded and that s why the connection ls not available I paid a high cost for this hotel and I believe they must arrange a good internet connetion even if the hotel is very crowded Also there was a problem in the toilet , location,5.0,1
Intercontinental London The O2,London,5/19/2016, United Kingdom ,Leisure,"[' Leisure trip ', ' Solo traveler ', ' Superior Double or Twin Room ', ' Stayed 1 night ', ' Submitted from a mobile device ']", On my floor was a group of wedding guests who spent all night partying with no intervention from hotel security They set off a fire alarm by smoking and when I complained in the morning the reception staff were not that bothered I didn t sleep a wink until around 5am And then I was up at 9am as I had to be out to another appointment , Hotel and location and facilities and the cocktail lounge,5.8,1
Commodore Hotel,London,5/5/2017, United Kingdom ,Leisure,"[' Leisure trip ', ' Couple ', ' Double Room ', ' Stayed 2 nights ']", Staff were a bit offstandish and even though I chose to pay at the hotel on the Saturday the hotel had pre authorised the money since Monday When I got to the hotel they pre authorised another 50 in case of damages and mini bar use This money was also held for several more days after we checked out Although the staff s defence was that it was made clear before we booked it was not I have never encountered this at a hotel before and disliked it very much Also it was not up to the standard you would expect from a 4 star hotel , Good location,6.7,1
The Cumberland A Guoman Hotel,London,9/21/2016, Lebanon ,Leisure,"[' Leisure trip ', ' Couple ', ' Standard Double Room ', ' Stayed 1 night ', ' Submitted from a mobile device ']", Its extremly dirty and old considering the amount of money theyre making a rennovation is needed The mini bar was empty except for a single small bottle of water Shame on them this is more an army barracks rather than a hotel on oxford street , Didnt like anything its a disgusting dirty hotel,4.6,1
Park Plaza Victoria London,London,10/4/2015, Kuwait ,Leisure,"[' Leisure trip ', ' Solo traveler ', ' Superior Double Room ', ' Stayed 2 nights ', ' Submitted from a mobile device ']", The whole room and thebed as well, Location is perfect,5.0,1
Catalonia Atenas,Barcelona,8/31/2015, United States of America ,Leisure,"[' Leisure trip ', ' Couple ', ' Triple Room ', ' Stayed 4 nights ', ' Submitted from a mobile device ']", The beds and linnens were all terrible , Staff and pool were all excellent,5.8,1
Gallery Hotel,Barcelona,7/16/2017, Russia ,Leisure,"[' Leisure trip ', ' Group ', ' Standard Double Room ', ' Stayed 1 night ', ' Submitted from a mobile device ']", Small room without air and window to the wall If you open the window it s still impossible to breath because it s closed inside Awful night I couldn t sleep and it s spoiled everything This is what you get for 188 euro , Nothing,6.3,1
Mercure Paris Terminus Nord,Paris,12/30/2015, United States of America ,Leisure,"[' Leisure trip ', ' Family with young children ', ' Standard Room with 1 Double Bed ', ' Stayed 2 nights ', ' Submitted from a mobile device ']", Bathroom door didn t close properly sink was in need of repair not enough towels, The location is perfect except for the surrounding area staff and as very helpful,6.7,1
Holiday Inn London Wembley,London,11/22/2015, United States of America ,Leisure,"[' Leisure trip ', ' Family with older children ', ' Twin Room ', ' Stayed 3 nights ']", Hotel seems old and a little dirty in the rooms, We came in for the NFL game and location was great,6.7,1
Bloomsbury Palace Hotel,London,1/31/2016, United Kingdom ,Business,"[' Business trip ', ' Solo traveler ', ' Single Room ', ' Stayed 1 night ']", Probably the smallest hotel room I have stayed in around the world with the bed taking up nearly the whole area There was mud on the valance around the bed The A C failed and the room was so stuffy and hot that I had to open the window on to noisy Gower St all night I was given a fan by reception which helped a bit , The breakfast and the shower toilet were fine ,6.3,1
WestCord Art Hotel Amsterdam 4 stars,Amsterdam,1/11/2017, Belgium ,Business,"[' Business trip ', ' Couple ', ' Large Room ', ' Stayed 1 night ']", breakfast was absolutely below standard The warm buffet was ice cold because the heaters were turned off The cold buffet was clearly not fresh cheese being dryed out at the edges One of the two coffee machines remained out of use during the complete breakfast because it needed to be refilled Luckily breakfast wasn t very crowded , the room was quite large and clean ,6.7,1
Radisson Blu Edwardian Hampshire,London,11/16/2015, United Kingdom ,Leisure,"[' Leisure trip ', ' Couple ', ' Superior Double or Twin Room ', ' Stayed 1 night ']", The room was much smaller than I expected to was actually difficult to walk past the end of the bed as it was so close to the wall There is also a large building site next to the hotel which was operational at 8am on Saturday morning Even though we were on the 7th floor the noise was dreadful and you could feel the building shaking at times The cold tap on the bath could not be turned on , Great central location,6.7,1
Hotel de France Wien,Vienna,8/11/2015, United Arab Emirates ,Leisure,"[' Leisure trip ', ' Family with young children ', ' Superior Double Room ', ' Stayed 4 nights ']", Location Not too close to the city center as mentioned in the reviews Staff Very rude and not helpful Cleanliness We found ants in the room Ranking The hotel is way beyond a five star hotel i ranked as a 3 star hotel I will never recommend this hotel to anyone Value for money The hotel is very expensive compared to what it offers, Room Spacious,4.2,1
NH Carlton Amsterdam,Amsterdam,7/1/2017, United Kingdom ,Leisure,"[' Leisure trip ', ' Couple ', ' Standard Double or Twin Room ', ' Stayed 3 nights ', ' Submitted from a mobile device ']", The room was tiny the beds very hard It wasn t possible for two people to use the bathroom The air conditioning was very noisy sounded more like a washing machine and the Windows had been sealed so we couldn t open them instead We asked to borrow a charger but they said that we must give our devices to them to charge which we weren t very happy about , The location of the hotel was excellent and the transport links were excellent Only took forty mins to get to the airport using public transport which was cheap too The hotel itself was quiet clean with friendly staff ,6.7,1
Austria Trend Hotel Park Royal Palace Vienna,Vienna,8/7/2016, China ,Leisure,"[' Leisure trip ', ' Group ', ' Deluxe Room ', ' Stayed 2 nights ', ' Submitted from a mobile device ']", Location actually you can easily access public transport to get to sch nbrunn Not quite necessary stay near it And it s quite far away from train station , Clean spacious room,6.7,1
DoubleTree By Hilton London Excel,London,8/2/2017, United Kingdom ,Leisure,"[' Leisure trip ', ' Family with young children ', ' Queen Guest Room with Sofa Bed ', ' Stayed 1 night ', ' Submitted from a mobile device ']", Didn t have the room I booked superior with sofa bed months in advance When I told reception they just said they didn t have one They did find one when I insisted should not have been put in that position, Staff in restaurant,5.8,1
Hotel Carrobbio,Milan,2/1/2017, Luxembourg ,Leisure,"[' Leisure trip ', ' Family with young children ', ' Standard Double Room ', ' Stayed 1 night ', ' Submitted from a mobile device ']", Awful ugly dirty and no service It is a zero star hotel ,No Positive,2.9,1
Royal Hotel Champs Elys es,Paris,7/22/2017, Kuwait ,Leisure,"[' Leisure trip ', ' Family with young children ', ' Superior Double Room with 1 extra bed ', ' Stayed 4 nights ', ' Submitted from a mobile device ']", No room service at night We have to go to the reception to get what we need The room smells bad The toilets are old , Location,5.0,1
Shaftesbury Hyde Park International,London,6/25/2016, United Kingdom ,Leisure,"[' Leisure trip ', ' Couple ', ' Deluxe Double Room ', ' Stayed 1 night ', ' Submitted from a mobile device ']", Room was tiny minuscule for a deluxe double tv reception rubbish very few channels to use, The bed was extra comfy very clean,6.7,1
Mercure London Bloomsbury Hotel,London,2/5/2017, United Kingdom ,Business,"[' Business trip ', ' Solo traveler ', ' Standard Double Room ', ' Stayed 1 night ', ' Submitted from a mobile device ']", Noisy with road noise,No Positive,6.3,1
DoubleTree by Hilton London Victoria,London,5/31/2016, United Kingdom ,Leisure,"[' Leisure trip ', ' Family with older children ', ' 2 rooms ', ' Stayed 1 night ', ' Submitted from a mobile device ']", Room too small and could benefit from improved soundproof walls We couldn t sleep at night due to customers shouting and vomiting in the next room , Good location for popular tourist attractions and transports,6.3,1
Holiday Inn Paris Gare Montparnasse,Paris,9/25/2016, Mauritius ,Business,"[' Business trip ', ' Solo traveler ', ' Double Room Non Smoking ', ' Stayed 4 nights ', ' Submitted from a mobile device ']", No one to take your bag to the room and back Room was extremely small You could not even sit properly on the toilet too close to the wall Amenities in the bathroom not replenished The iron and ironboard are a disgrace Room overseeing cemetery , Bed and pillows ,5.4,1
Washington Mayfair Hotel,London,11/23/2015, United Kingdom ,Leisure,"[' Leisure trip ', ' Couple ', ' Superior King Room ', ' Stayed 1 night ']", Curtains on the window did not close properly , location was great for us breakfast was good ,5.8,1
The Park Grand London Paddington,London,1/3/2016, Montenegro ,Business,"[' Business trip ', ' Solo traveler ', ' Compact Double Room ', ' Stayed 3 nights ', ' Submitted from a mobile device ']", Very bad and small rooms Payment sistem in hotel didn t accept visa electron card But before that when I booked room they accept , Noting Just location ,3.8,1
The Park Grand London Paddington,London,1/16/2017, United Kingdom ,Leisure,"[' Leisure trip ', ' Couple ', ' Deluxe Double Room ', ' Stayed 2 nights ', ' Submitted from a mobile device ']", I booked a deluxe double room there was nothing deluxe about it The room was tiny Literally the smallest box room I have ever stayed in The bathroom towels were dirty and we had to request new ones be provided The shower curtain did nothing to prevent the water covering the entire bathroom floor Which meant there was nowhere to then stand at the sink without getting wet There were no plugs near mirrors which made getting ready difficult I resorted to using the TV to see my reflection as I blow dryed my hair The room quickly got condensation due to it being so small however no windows could be opened Altogether an awful experience and I will not be staying there again The pictures were completely disieving and the cost was ridiculous based on what we actually got Very very disappointing , 10instead walk to Paddington station therefore good access to all tubest etc,3.8,1
The Grand at Trafalgar Square,London,12/8/2015, United Kingdom ,Leisure,"[' Leisure trip ', ' Couple ', ' Standard Queen Room ', ' Stayed 3 nights ']", Bedrooms are small and the noise from the mechanical services in the room was a constant distraction A vending machine cupboard for cold water teabags coffee etc in a 4 hotel Really , Location and nice staff,5.0,1
Park International Hotel,London,5/24/2016, United Kingdom ,Leisure,"[' Leisure trip ', ' Couple ', ' Double Room ', ' Stayed 1 night ']", In view of the price paid even allowing for it being in London I think breakfast should have been included Bathroom was a bit smelly, Room clean and bed comfy,6.3,1
Club Quarters Hotel Gracechurch,London,8/28/2016, United Kingdom ,Unknown,"[' Couple ', ' Standard Queen Room ', ' Stayed 2 nights ']", Room very stuffy decor a bit dark and depressing Lounge depicted is basically just a few chairs off the lobby not a dedicated area where you could really work or socialise was disappointed by this , Location convenient for certain things interesting lobby decor helpful staff ,6.3,1
Barcel Raval,Barcelona,8/6/2015, Germany ,Leisure,"[' Leisure trip ', ' Solo traveler ', ' Superior Double or Twin Room ', ' Stayed 2 nights ', ' Submitted from a mobile device ']", Not very attractive part of town very dark rooms window curtains could not be pulled back Hotel more suited for couples , Great rooftop terrace,6.7,1
Grange Tower Bridge Hotel,London,11/1/2016, Austria ,Leisure,"[' Leisure trip ', ' Family with young children ', ' Comfort Triple Room ', ' Stayed 3 nights ', ' Submitted from a mobile device ']", Little charme staff not very motivated, Nice pool spacious room with two big beds good location close to tower,6.7,1
Novotel Paris 17,Paris,7/17/2017, United Kingdom ,Leisure,"[' Leisure trip ', ' Couple ', ' Executive Queen Room with Eiffel Tower View ', ' Stayed 2 nights ']", The breakfast room was occupied by a group on both mornings The temporary pop up room adequate Food quite basic and ok , The room size and bathroom very adequate and clean Queen room with a view of Eiffel Tower very good on Bastille Night and on other nights when the tower is lit up If you like walking then this is a perfectly ok hotel to stay at More or less a straight walk along the Blvd Wagmar for 30 minutes into Arc de Triomphe Perriar train station a 15 minute walk and access to route 3 on the metro and onward connections very straight forward Gare du Nord to hotel via Metro and walk approx 45 mins with good connections Very nice restaurant on the Albert Square by Perriar station recommend L Hortensia for their traditional onion soup and salmon dish ,4.2,1
The Exhibitionist Hotel,London,10/15/2016, Saudi Arabia ,Leisure,"[' Leisure trip ', ' Couple ', ' Superior Double Room with Balcony ', ' Stayed 8 nights ', ' Submitted from a mobile device ']", Many Staff attitude not secured Very small snd tight room , Location,4.2,1
Savoy Hotel Amsterdam,Amsterdam,8/1/2017, United Kingdom ,Leisure,"[' Leisure trip ', ' Group ', ' Twin Room ', ' Stayed 4 nights ']", The hotel is not 4 stars just about 3 stars The first night our room was not available we arrived late and clearly the room had been given to someone else The staff was very rude about the situation and not at all helpful The room we had that night was right by the entrance reception overlooking a main road so was very noisy We were moved the next morning to a better room which was clean basic but had no comforts such as tea coffee facilities The bathroom shower floor was not tiled at all so had to shower in flip flops We asked to speak to a manager about our first night and was told the manager only showed up around 11am 12pm for an hour We waited and the manager did not appear Overall this hotel is fine if you want something basic cheaper than central Amsterdam but still walkable into the city centre The local area bars restaurants park etc make it a much better choice, The hotel is situated in a nice neighbourhood which has a lot of restaurant bars and shops There is a supermarket very close to the hotel The area feels safe and the hotel is next to a police station ,4.6,1
Shaftesbury Metropolis London Hyde Park,London,10/19/2016, United States of America ,Leisure,"[' Leisure trip ', ' Couple ', ' Deluxe Double Room ', ' Stayed 2 nights ']", very tiny room I had booked a luxury room and this was not it it was below ground extremely small and very noisy, location,4.6,1
The Premier Notting Hill,London,9/6/2015, United States of America ,Business,"[' Business trip ', ' Solo traveler ', ' Deluxe Single Room ', ' Stayed 3 nights ', ' Submitted from a mobile device ']", Bed is small and not clean photo in booking are very different from actual room in total room was very small even you can t move with free space and you need to toich every thing in your way to bath or door Quality of food was fair with the price i give I didnt like that they was laying about room also the left was not working for 2 days and i was staying in 3rd flower,No Positive,4.6,1
Guitart Grand Passage,Barcelona,6/6/2017, China ,Leisure,"[' Leisure trip ', ' Travelers with friends ', ' Executive Double Room ', ' Stayed 2 nights ', ' Submitted from a mobile device ']", I found the boiling bottle had remaining tea inside door to toilet cannot be closed glass door to the balcony is actually not a door but an half open window shower water changes from warm to cold unexpectedly breakfast is far below 4 star standard Parking is extremely expensive unlike other hotels which usually offer free or much lower cost for parking Though not very far to scenic spots it still needs a 10 20 minutes walk to the nearest one over all I don t think it is worthy for such a high room rate , big room with balcony they had a very good waiter serving during the breakfast smiling all the time and willing to help upon any of your request ,5.0,1
Britannia International Hotel Canary Wharf,London,7/8/2016, United Kingdom ,Business,"[' Business trip ', ' Solo traveler ', ' Standard Double Room without Window ', ' Stayed 2 nights ']", we asked for invoices and it was not ready at check out check out with only one person, position,5.0,1
Catalonia Atenas,Barcelona,7/1/2017, United Arab Emirates ,Leisure,"[' Leisure trip ', ' Family with young children ', ' Triple Room ', ' Stayed 7 nights ', ' Submitted from a mobile device ']", Triple rooms had minimal living space They were actually small doubles with extra bed Not very clean Definitely not value for money, Staff was helfull,4.6,1
Millennium Gloucester Hotel London,London,4/12/2016, United Kingdom ,Leisure,"[' Leisure trip ', ' Couple ', ' Standard Double Room ', ' Stayed 2 nights ']", room were tired other rooms in the group booking had items missing e g hairdryer kettle somewhat basic items for any room these days overall the building was worn carpets shabby in places with a lose socket in the bar area, Th staff are fantastic they are so heplful and cannot do enough,6.3,1
Catalonia Park Putxet,Barcelona,7/13/2017, United Kingdom ,Leisure,"[' Leisure trip ', ' Family with young children ', ' Family Room 4 People ', ' Stayed 7 nights ', ' Submitted from a mobile device ']", My room was horrible only one window that didn t even let in much light and looked onto other people s rooms My bath tab broke on the first day my toilet on the second day the fridge didn t work after they fixed the toilet and bath tub the toilet broke again on day 4 and me and the family had to use the public toilet in the lobby It took all that before they changed my room This is supposed to be a 4 start hotel but I would rate it as a 2 star at the most In all I will not be returning to this hotel , Location was very good in terms of getting to most sites ,4.6,1
Britannia International Hotel Canary Wharf,London,9/6/2015, United Kingdom ,Business,"[' Business trip ', ' Solo traveler ', ' Standard Double Room ', ' Stayed 1 night ']", Beds are horrible Couldnt sleep all night Bathroom needed some maintenance Not a 4 class for me, View from the room Room service,3.8,1
New Linden Hotel,London,1/12/2016, Norway ,Leisure,"[' Leisure trip ', ' Couple ', ' Standard Double Room ', ' Stayed 3 nights ']", Small room no mini bar , Staff location clean ,6.7,1
Grange Clarendon Hotel,London,11/21/2016, United Kingdom ,Leisure,"[' Leisure trip ', ' Couple ', ' Double Room ', ' Stayed 1 night ']", The bathroom needs an upgrade The price was high but it was central London , Although in the basement it was a good size room ,6.7,1
Hilton London Metropole,London,12/8/2015, United Kingdom ,Unknown,"[' Couple ', ' Deluxe Queen Room ', ' Stayed 2 nights ', ' Submitted from a mobile device ']", The hotel staff at the desk n manager very poor service and will never stay at this hotel again, The restuart they was great,5.8,1
H tel De Castiglione,Paris,1/6/2017, Mexico ,Leisure,"[' Leisure trip ', ' Solo traveler ', ' Superior Twin Room ', ' Stayed 3 nights ', ' Submitted from a mobile device ']", Arrived at 23 30 from a long travel from M xico and the room wasn t ready,No Positive,3.8,1
Holiday Inn London Wembley,London,8/23/2016, United Kingdom ,Leisure,"[' Leisure trip ', ' Couple ', ' Double Room with Sofa Bed ', ' Stayed 1 night ', ' Submitted from a mobile device ']", We were not accomodated for what we booked in Despite on the location late night party nearby was too loud late night therefore discomfort,No Positive,5.4,1
Crowne Plaza London Kings Cross,London,5/17/2017, United Kingdom ,Leisure,"[' Leisure trip ', ' Couple ', ' Double Room with Sofa Bed Non Smoking ', ' Stayed 3 nights ']", Breakfast cooked to order items hardly cooked at all very poor , Shower Bathroom nice Quiet location,6.3,1
NH City Centre Amsterdam,Amsterdam,8/16/2016, Spain ,Leisure,"[' Leisure trip ', ' Group ', ' Standard Double or Twin Room ', ' Stayed 2 nights ', ' Submitted from a mobile device ']", Poor staff attention, Good breakfast and comfortable room,5.8,1
Twenty Nevern Square Hotel,London,2/15/2017, Netherlands ,Business,"[' Business trip ', ' Solo traveler ', ' Small Double Room ', ' Stayed 3 nights ']", Temperature in small double was above 25 degrees C in february Only solution offered was the advice to open the window This opened to a shared balcony fire exit structure which enabled easy access to intruders I hardly slept the 3 nights I spend there Staff was polite but did not offer solutions They advised me to contact the hotel manager via mail He reacted a week later and clearly did not care at all This is a well known problem in this hotel I heard other guests who were offered another room against extra costs Apart from the heat the room was very basic no chair no working space , Breakfast,4.6,1
Eurostars Embassy,Vienna,7/12/2016, Finland ,Leisure,"[' Leisure trip ', ' Couple ', ' Double Room ', ' Stayed 2 nights ', ' Submitted from a mobile device ']", The windows were extremely dirty When we came in to our room it smelled unpleasant but it got better with airconditioning or open window , Nice spacey room with big windows and good bathroom The hotel breakfast looked nice but we decided to eat in the bakery across the street which was lovely and a lot cheeper ,6.7,1
Hotel Domizil,Vienna,1/24/2016, Austria ,Leisure,"[' Leisure trip ', ' Couple ', ' Double Room ', ' Stayed 1 night ']", Needs some refurbishment lift a little tempramental, Location staff and style wonderful,6.7,1
The Montcalm At Brewery London City,London,2/14/2017, United Kingdom ,Business,"[' Business trip ', ' Couple ', ' Deluxe Double Room ', ' Stayed 2 nights ']", Housekeeping standards, Comfortable bed,5.8,1
Shaftesbury Premier London Paddington,London,11/26/2016, United Kingdom ,Leisure,"[' Leisure trip ', ' Family with young children ', ' Deluxe Single Room ', ' Stayed 1 night ', ' Submitted from a mobile device ']", Size of room, Nothing,4.2,1
Club Quarters Hotel Trafalgar Square,London,12/5/2015, Ireland ,Business,"[' Business trip ', ' Family with older children ', ' Superior Queen Room ', ' Stayed 1 night ', ' Submitted from a mobile device ']", Facilities price, Locatio,6.3,1
The Rembrandt,London,5/12/2016, United Kingdom ,Leisure,"[' Leisure trip ', ' Couple ', ' Executive Double Room ', ' Stayed 2 nights ', ' Submitted from a mobile device ']", Aircon was very loud when on and the room was boiling Move sensitive lights by the bed came on every time I turned over in the night and woke me up I couldn t work out how to turn them off This kept me awake most of the first night The breakfast we had delivered to our room on the first morning was cold the second morning was better There was also a lack of cooked breakfast options full English or nothing I would have like to see eggs benedict or other variants available The room was a weird layout too with the dressing table opposite the bed and the TV around the corner I would have liked to be able to watch TV from bed , Comfy bed great shower Nice bar area And the spa is lovely ,6.7,1
DoubleTree by Hilton London Docklands Riverside,London,12/6/2015, United Kingdom ,Leisure,"[' Leisure trip ', ' Couple ', ' Queen Guest Room ', ' Stayed 1 night ', ' Submitted from a mobile device ']", I hated the bed and the fact there was soo much noise during the night I could hear the room next for taking a shower The bed was ver uncomfortable and squeaked at every turn , I loved the location,6.7,1
Shaftesbury Suites London Marble Arch,London,8/9/2016, United Kingdom ,Leisure,"[' Leisure trip ', ' Couple ', ' Club Double Room ', ' Stayed 3 nights ']", They put us in a different hotel without the facilities we had booked and expected Never got beyond reception so cannot review Shaftsbury Suites They moved us without giving us an option a supposed upgrade We had booked a club room with a kitchenette as we wanted to do picnics so seemed the perfect solution for our needs The room we were given in different hotel was basic and fridge didn t even work When we told them we weren t happy with accommodation and wanted room in hotel we had booked they had already filled with other people and we were stuck with what we got , The location was good as we were there for events in Hyde Park ,4.6,1
Britannia International Hotel Canary Wharf,London,4/26/2016, United Kingdom ,Leisure,"[' Leisure trip ', ' Family with young children ', ' Standard Double Room ', ' Stayed 1 night ', ' Submitted from a mobile device ']", Staff, Fawlty towers,3.8,1
Claris Hotel Spa GL,Barcelona,5/26/2016, Canada ,Leisure,"[' Leisure trip ', ' Couple ', ' Duplex Room ', ' Stayed 3 nights ', ' Submitted from a mobile device ']", Loud rooms could hear people above us in the halls and the traffic outside Definitely not soundproof We also had a bad experience the first night we were there the staff did turn down service and didn t close our room door so we came home at the end of the night with our room door wide open , Good location and rooftop pool had a nice view ,6.3,1
Millennium Gloucester Hotel London,London,7/21/2016, United Kingdom ,Business,"[' Business trip ', ' Couple ', ' Standard Twin Room ', ' Stayed 3 nights ']", Charged extra 90 pounds for staying until 5pm on the Sunday of check out However in the event was double charged once through debit card and once through credit card , The breakfast was OK but the scrambled eggs were cold but put right after I complained bed was comfortable and room was well furnished,6.3,1
Catalonia Plaza Catalunya,Barcelona,1/15/2017, United Kingdom ,Leisure,"[' Leisure trip ', ' Couple ', ' Double or Twin Room ', ' Stayed 4 nights ']", it is a bit of a construction site at the moment The pool is closed with rebuilding going on from 0800 1900 Drilling and construction noise all day from the 1st floor Had to move rooms , The location was great just off the square The beds were really comfy the best pillows ever The staff very helpful when we complained about the noise ,5.8,1
H tel Juliana Paris,Paris,5/10/2016, United Arab Emirates ,Leisure,"[' Leisure trip ', ' Family with young children ', ' Suite Juliana ', ' Stayed 2 nights ']", Certainly not 5 star in common sense of classification Can rate it max 4 star Compare to other experiences I stay in different hotels around he world minimum 150 days a year it is much overpriced, Location convenient but isn t great Staff is very friendly and helpful but we had to remind about bottle of champagne that was included in the price three times and finally it was delivered to the room on a last day of stay so could not be used Overall filling is OK ,6.7,1
Holiday Inn London Kensington,London,2/6/2017, United Kingdom ,Unknown,"[' Solo traveler ', ' Standard Double Room ', ' Stayed 2 nights ', ' Submitted from a mobile device ']", The elevator broke down more often than not empty fridge in room but requested to pay 100 00 just in case we used the minibar which of course was empty only to later on discover only the executive rooms do have minibars Room s key failed to work Wifi worked only in reception area lack of communication in between room service and restaurant , Breakfast buffet display fresh and tasty very good ,5.0,1
New Linden Hotel,London,4/25/2017, United Kingdom ,Business,"[' Business trip ', ' Solo traveler ', ' Standard Single Room ', ' Stayed 1 night ', ' Submitted from a mobile device ']", The room and hotel was dirty bedrooms had wood floor so you could hear every room around you room door was poor in terms of sound barriers so you can hear every single noise Reception staff were unfriendly and unwelcoming Not a great experience at all , Breakfast was good and the bed itself was a large comfortable bed Location was great ,4.2,1
The Exhibitionist Hotel,London,4/10/2016, United Kingdom ,Leisure,"[' Leisure trip ', ' Family with older children ', ' 2 rooms ', ' Stayed 3 nights ', ' Submitted from a mobile device ']", Rooms very small and bar shut at 1030 pm, Staff,4.6,1
The Tower A Guoman Hotel,London,3/21/2016, United Kingdom ,Leisure,"[' Leisure trip ', ' Couple ', ' Double Room ', ' Stayed 1 night ', ' Submitted from a mobile device ']", They knew I had a disability and just put me in a standard double room with hardly any room to move Certainly not a 4 star hotel and not worth the money , Good location,5.8,1
Park Hotel,Amsterdam,7/7/2016, Romania ,Business,"[' Business trip ', ' Group ', ' Executive Room ', ' Stayed 2 nights ']", I have paid for an executive room and I have received an improvised bed made by 2 3 mattresses overlaying one over each other I couldn t rest in the night because the mattresses where moving and the bed was not very stable ,No Positive,4.2,1
Corendon Vitality Hotel Amsterdam,Amsterdam,3/28/2016, United States of America ,Business,"[' Business trip ', ' Couple ', ' Standard Queen Room ', ' Stayed 1 night ']", This is apparently a hotel of the future largely self serve including check in and check out Most of the staff were very friendly and nice but we were put off 1 by the very slow dinner service 2 less than congenial welcome at breakfast 3 rip off price for water and I assume by extension other items and 4 the not so subtle hints to get out in the morning Reservations were made and pre paid on line Our expensive breakfast was confirmed and acknowledged at check in yet was not recognized when we showed up for breakfast I received a parking charge on my card after check out that was a total surprise I had asked about it when leaving I was told no its taken care of Sure was Dinner service was poor because two waiters were working the whole restaurant We were told there were supposed to be four wait staff Stopped by the counter to buy a couple bottles of water 3 50 each Rip off The breakfast room was very crowded and many items were not kept stocked but probably not possible given the crush of people Nonetheless staff were very friendly and tried their best Television was turned off from the front desk after 9 a m in the morning to discourage you from lingering Infuriating , The hotel is new and clean and has a good location convenient to the Metro ,6.3,1
Grange Fitzrovia Hotel,London,10/22/2015, Lebanon ,Leisure,"[' Leisure trip ', ' Couple ', ' Superior Double Room ', ' Stayed 2 nights ', ' Submitted from a mobile device ']", They took extra 90 on hold in case we used or broke anything from the hotel and that wasn t written with the hotel policies No fridge in the room, The bed is comfortable,6.3,1
Best Western Palm Hotel,London,1/4/2016, United Kingdom ,Leisure,"[' Leisure trip ', ' Couple ', ' Executive Double Room ', ' Stayed 1 night ', ' Submitted from a mobile device ']", Party until 3am only informed at check in, Nice Room,6.3,1
Barcelona Princess,Barcelona,1/10/2017, Bulgaria ,Leisure,"[' Leisure trip ', ' Solo traveler ', ' Double or Twin Room ', ' Stayed 3 nights ', ' Submitted from a mobile device ']", No tea or coffee facilities in room Refused to supply ironing board and iron Offered instead ironing facilities with an 8 hour wait plus an exorbitant cost of 9 Euros for each of 6 shirts Staff refused on 2 occasions to call me a taxi Had to wait for 15 minutes at taxi rank in temperature of 3 Restaurant meals only available with prior booking , Not very much ,5.8,1
Grand Royale London Hyde Park,London,6/25/2017, United Kingdom ,Business,"[' Business trip ', ' Solo traveler ', ' Deluxe Single Room ', ' Stayed 1 night ', ' Submitted from a mobile device ']", Very small room and the TV did not work complained but nobody came to fix it ,No Positive,5.4,1
Flemings Mayfair,London,10/31/2016, Belgium ,Leisure,"[' Leisure trip ', ' Couple ', ' Deluxe Double Room ', ' Stayed 1 night ']", The room was so noisy like never had such a noisy room before ,No Positive,6.7,1
Britannia International Hotel Canary Wharf,London,2/29/2016, United Kingdom ,Leisure,"[' Leisure trip ', ' Couple ', ' Standard Double Room ', ' Stayed 1 night ']", I asked a week earlier for room away from DLR but didn t get it it was noisy and the window was part open by a poor dodgy DIY job Pipes made strange noises Guests at dinner were handling the cheese no fork with the cheese knife The hotel was looking aged Surprised there are rooms for smokers No free wifi , Location good apart from DLR next to it Warm hotel Staff were friendly ,4.6,1
Sanderson A Morgans Hotel,London,6/1/2017, Spain ,Business,"[' Business trip ', ' Couple ', ' Standard Double Room ', ' Stayed 1 night ', ' Submitted from a mobile device ']", The places is tatty and falling to pieces so 1990 contemporary come on spend some money and refurbish it 3 star with 5 star price , The bar man and the girl Who checked us out were nice ,5.0,1
Hotel Capitol Milano,Milan,3/3/2016, United Kingdom ,Unknown,"[' Solo traveler ', ' Deluxe Double or Twin Room ', ' Stayed 2 nights ']", The rooms were small and cramped The maid banged about in the corridor outside my room for several hours one morning The front desk staff were short tempered and unhelpful Breakfast needed more choice ie plain croissant ,No Positive,6.3,1
Gainsborough Hotel,London,9/28/2016, United Kingdom ,Leisure,"[' Leisure trip ', ' Couple ', ' Deluxe Double Room ', ' Stayed 2 nights ']", The room was very small and the tv was in a difficult position to see , The location was good the staff pleasant breakfast was well catered for and the bed was very comfortable The room was clean,5.8,1
Hilton London Metropole,London,7/24/2016, United States of America ,Leisure,"[' Leisure trip ', ' Family with young children ', ' 2 rooms ', ' Stayed 5 nights ']", I have travelled to many countries and stayed in many different hotels Hilton Metropole will NOT be a hotel I stay in again We stayed there 5 nights and only after the third request and very frustrated they fixed the air condition in the room It was only the last night of our stay that we had a cool temperature in the room and were able to sleep last week average London temperature was 91 degree so you can imagine how uncomfortable we were Hallways were very dirty food from room service would stay there all day and carpets were not vacuumed regularly First night after a long flight we had to get 3 sets card keys replaced to be able to enter into our rooms We checked in at 5 and got into our rooms finally at 7 30 PM Good luck if you need the elevators some time the wait is 10 minutes or more I DO NOT RECOMMEND THIS HOTEL TO ANY ONE , I have to think hard to see what I actually liked about this hotel NOT MUCH ,5.4,1
Golden Tulip Amsterdam Riverside,Amsterdam,3/23/2016, Turkey ,Leisure,"[' Leisure trip ', ' Couple ', ' Standard Twin Room ', ' Stayed 3 nights ']", It was really far away from the city center There is a metro line about 10 minutes walking distance from the hotel and takes around 45 to 60 minutes to go to the city center by metro It was around 40 by taxi from the city center to the hotel Which means you have to pay around 80 per day for a taxi transfer from and to the hotel to the city center , The hotel was very clean and the bed was really comfortable Also both the accomodation and the food prices were fair Plus the channel view with ducks and other water birds were really good at the room ,6.7,1
Hotel Sunflower,Milan,5/17/2017, Switzerland ,Business,"[' Business trip ', ' Solo traveler ', ' Single Room ', ' Stayed 2 nights ']", Room was quite old fashioned would have been great to have a coffee tea maker A shame is the TV with something like 200 channels or more but would say 5 maximum are not in Italian language More international channels would be a must Staff upon arrival was not really welcoming and I needed to find myself some information Not acceptable for a so called 4 stars hotel , Breakfast is great and full of salt sweet stuff I would only criticize the orange juice which is not pure juice but kind of water with flavour Despite situation in a noisy area sleeping was ok Shower worked well with nice smelling toiletries ,6.3,1
Hotel Da Vinci,Milan,11/21/2016, United States of America ,Leisure,"[' Leisure trip ', ' Group ', ' Twin Room ', ' Stayed 4 nights ']", This was my worst hotel experience Please don t be impressed by photos hotel has on web It started with arrival No front door entrance allowed for guests only taxes allowed to enter hotel from front We had to drive to back parking lot and took us another 20 minutes to find the back entrance No house shoes or robs in the rooms When we called in we where tolled to come and pick up at front desk Two same type of shampoo and small soap for our comfort with very old washed off towels Complained about cold where tolled that heating system will be on only after 6 30 pm for winter season it is strange Breakfest very poor and coffe machine is shat down strictly at 10 25 by at 10 45 lights are off in dining room We tried to take coffe cup outside though where tolled to leave and take only plastic cups Russian speaking guards reminded me detention camp than hotel There are more then 30 steps up you need to clime to go to parking lot and especially was great fun at at night during departure to carry have cases with my heart leg , Room size ,2.9,1
Hotel Cavendish,London,11/30/2015, United Kingdom ,Business,"[' Business trip ', ' Solo traveler ', ' Cabin Single Room ', ' Stayed 1 night ']", the furniture was awful and crowded togather not much space with bathroom on you face , location,3.8,1
Hilton London Metropole,London,3/24/2016, United Kingdom ,Business,"[' Business trip ', ' Solo traveler ', ' Twin Hilton Guest Room ', ' Stayed 1 night ', ' Submitted from a mobile device ']", Tired old hotel with very small rooms poor public areas Needs a big refurb ASAP , Location Food in sports bar was ok ,4.6,1
pentahotel Vienna,Vienna,10/6/2015, Hungary ,Leisure,"[' Leisure trip ', ' Couple ', ' penta Plus Room ', ' Stayed 2 nights ', ' Submitted from a mobile device ']", The thermostat was broken so the room was hot if we opened the window the street was really noisy The advertised free wifi wasn t working they offered us wifi that actually works for 7 5 euros a day Reception is also a bar but there were only one staff member working so you really have to wait a lot even if you have a very little question Elevators works badly , Location,4.6,1
Hyatt Regency Paris Etoile,Paris,5/29/2016, United States of America ,Leisure,"[' Leisure trip ', ' Couple ', ' King Room ', ' Stayed 2 nights ']", Poor breakfast buffet for price Facility undergoing restoration until sometime in 2017 Absolutely no convenient parking not close as advertised Very small rooms peeling paint cracked and broken tiles in bath Chipped and broken furniture stained carpets Uncomfortable bed Not worth the price , Good access to Paris Metro,5.0,1
Crowne Plaza Paris R publique,Paris,11/2/2016, India ,Business,"[' Business trip ', ' Solo traveler ', ' Deluxe Double Room with Club Lounge Access ', ' Stayed 2 nights ']", Room 149 I stayed in was run down and needed a bit of maintenance , Got upgraded to a Suite which was excellent as my earlier room had some fruit flies in the room ,5.8,1
Norfolk Towers Paddington,London,3/18/2016, United Arab Emirates ,Unknown,"[' Solo traveler ', ' Club Single Room ', ' Stayed 7 nights ', ' Submitted from a mobile device ']", Check in is too late at 15 00 while in other hotels at 14 00 or even earlier Check out is early at 12 00 Slow check in,No Positive,6.7,1
H tel Concorde Montparnasse,Paris,6/26/2017, Australia ,Leisure,"[' Leisure trip ', ' Family with young children ', ' Classic Double Room ', ' Stayed 1 night ', ' Submitted from a mobile device ']", There was no fridge available in the room Also there was no warning on the vending machine in the room stating that once you take a drink out to have a look at the label you can not put it back The wifi had to be re set often as it didn t work very well More when asked for the use of a microwave the staff in other hotels even offered a microwave in the kitchen but a staff at Concord Mont was not friendly Also the powerpoint for electricity was not near the bed side table ,No Positive,3.3,1
Bloomsbury Palace Hotel,London,12/20/2016, United Kingdom ,Leisure,"[' Leisure trip ', ' Family with young children ', ' Double Room ', ' Stayed 2 nights ']", The hotel was very hot in fact we had our windows open all night in December all in all it did have the facilities that were advertised but it didn t feel like a 4 star hotel, The breakfast was fine,5.4,1
Corus Hotel Hyde Park,London,10/15/2015, Netherlands ,Business,"[' Business trip ', ' Solo traveler ', ' Standard Twin Room ', ' Stayed 1 night ', ' Submitted from a mobile device ']", The place is 20 years overdue for a renovation and it has an old folks home smell, The location was great ,6.3,1
Golden Tulip Amsterdam Riverside,Amsterdam,10/6/2015, United Kingdom ,Leisure,"[' Leisure trip ', ' Group ', ' Deluxe Twin Room ', ' Stayed 1 night ']", Location is too far from the city centre to call it close , Young receptionist lady was very friendly and welcoming ,6.7,1
Sina The Gray,Milan,10/2/2016, Kuwait ,Leisure,"[' Leisure trip ', ' Couple ', ' Double Room ', ' Stayed 5 nights ', ' Submitted from a mobile device ']", Faccility, Location,5.4,1
Catalonia Barcelona Plaza,Barcelona,8/4/2016, Australia ,Leisure,"[' Leisure trip ', ' Family with young children ', ' Family Room ', ' Stayed 1 night ', ' Submitted from a mobile device ']", I was robbed in the foyer and the room was very noisy, Great locAtion,6.7,1
Hilton London Kensington Hotel,London,3/6/2017, United Kingdom ,Leisure,"[' Leisure trip ', ' Couple ', ' Double Hilton Guestroom ', ' Stayed 2 nights ']", The walls are paper thin We didn t get a single good nights sleep due to being woken up throughout the night by staff and drunken people in the hallway , The concierge staff were very helpful ,5.4,1
The Student Hotel Amsterdam City,Amsterdam,1/17/2017, United Kingdom ,Leisure,"[' Leisure trip ', ' Family with young children ', ' Superior Double Room ', ' Stayed 2 nights ']", Poor reception staff We had booked two of the larger rooms we were travelling as a family 2 adults and 2 teenage girls through booking com Initially we were told that the hotel was absolutely full and that we could only have rooms at completely different ends of the very large hotel Reluctantly we agreed only to find that one of the room was a very small double different to what we had paid for This had not been mentioned on the desk When we complained to the reception they were quite off hand saying that it was not their problem it was a problem with the cleaners Finally when it was clear we were not going to be brushed off they miraculously found us the right type of room on the same floor as the girls The rooms were nice although a little cold When we did ask about how to turn up the heating a little again staff were unhelpful , Stylish rooms and a good base ,6.0,1
Acevi Villarroel,Barcelona,8/17/2016, Netherlands ,Leisure,"[' Leisure trip ', ' Couple ', ' Double or Twin Room ', ' Stayed 8 nights ']", Breakfast too expensive we didn t use it Safety no one checked who went in or out the hotel even most of the times we did not see any reception officer Room windows could not open airconditioning made loud noise shower was very dark shower head could not be fixed at the wall attached slide toilet did not flush well smell of cigaret smoke in the room Payment though the appointment was that my creditcard would not be charged pay by bank card at check out was the appointment it appeared to be charged already on the 6th day I was surprised and not happy with that All together price to quality is not what we expected from 4 star hotel , Location is good spacious hotel clean friendly cleaning ladies we met a very friendly reception chef at the last day The restaurant chef was very helpful to heat our bread rolls,6.3,1
DoubleTree by Hilton Hotel London Tower of London,London,6/3/2016, United Kingdom ,Business,"[' Business trip ', ' Solo traveler ', ' King Room ', ' Stayed 1 night ', ' Submitted from a mobile device ']", Terrible food Worst hilton i have ever stayed in Miserable depressing rooms , Nice staff,4.2,1
WestCord Art Hotel Amsterdam 4 stars,Amsterdam,4/19/2017, United Kingdom ,Leisure,"[' Leisure trip ', ' Couple ', ' Large Room ', ' Stayed 3 nights ', ' Submitted from a mobile device ']", Went for breakfast but wasn t told start or finishing time so after being at breakfast for 10 minutes we were asked to leave , Room was lovely very good free wifi,6.3,1
Britannia International Hotel Canary Wharf,London,12/22/2015, United Kingdom ,Unknown,"[' Couple ', ' Standard Double Room without Window ', ' Stayed 2 nights ']", no air condition, nothing,2.5,1
Britannia International Hotel Canary Wharf,London,11/20/2016, United States of America ,Leisure,"[' Leisure trip ', ' Couple ', ' Standard Double Room without Window ', ' Stayed 1 night ', ' Submitted from a mobile device ']", The bed , Awful beds two singles pushed together Lumpy springs,3.8,1
Bcn Urban Hotels Gran Rosellon,Barcelona,4/6/2017, Sweden ,Leisure,"[' Leisure trip ', ' Couple ', ' Economy Double Room ', ' Stayed 3 nights ', ' Submitted from a mobile device ']", Much noisy Much water came out of the bath room to the room , So much noisy and personal couldnt help After making video so they can hear them self was to late ,4.6,1
Britannia International Hotel Canary Wharf,London,1/14/2017, United Kingdom ,Leisure,"[' Leisure trip ', ' Couple ', ' Standard Double Room ', ' Stayed 2 nights ', ' Submitted from a mobile device ']", Power cut and springy hard beds, The view,5.4,1
Holiday Inn London Kensington Forum,London,11/20/2016, United Kingdom ,Leisure,"[' Leisure trip ', ' Couple ', ' Double Room Non Smoking ', ' Stayed 1 night ', ' Submitted from a mobile device ']", Very small room Late for check in Very crowded in Hotel,No Positive,6.3,1
Grand Royale London Hyde Park,London,5/17/2016, United Kingdom ,Leisure,"[' Leisure trip ', ' Couple ', ' Superior Double Room ', ' Stayed 2 nights ', ' Submitted from a mobile device ']", Cleaners walking in when I m half naked Fire alarms going off first thing but no one bothered to say it was a mistake The room was awful , Breakfast was nice Julian was great ,6.3,1
Eurostars Angli,Barcelona,9/25/2016, Jersey ,Unknown,"[' Solo traveler ', ' Economy Double Room ', ' Stayed 2 nights ', ' Submitted from a mobile device ']", No coffee or tea making facilities no food except breakfast or limited selection of sushi which staff order in for you and or pizza lock on the door broken certainly not worth almost 300 Euros for a two night stay whilst staff were extremely helpful facilities lacking and certainly will not be recommending to anyone a shame because rooms comfortable but add in the intermittent wireless signal and it was very very poor value for money, Comfortable clean modern hotel,5.4,1
The Belgrave Hotel,London,10/14/2016, Australia ,Leisure,"[' Leisure trip ', ' Couple ', ' Executive Double Room ', ' Stayed 1 night ']", Inadequate hanging space Quite a walk to nearest tube , Quiet location and room very comfortable,6.7,1
Crowne Plaza London Battersea,London,6/3/2016, United Kingdom ,Leisure,"[' Leisure trip ', ' Couple ', ' Deluxe Double Room ', ' Stayed 4 nights ', ' Submitted from a mobile device ']", Did not like when checking out being told that we had a drinks bill for the bar as my husband had paid cash for all drinks Did not like when went to use the gym went down by lift but could not get lift back up when I used other lift ended up in apartments next door Eventually a member of staff unlocked lift so I could get back upstairs Think there should have been some sort of sign explaining how you were supposed to get out of the basement , The nice room we were given and thought the breakfast was excellent Being able to get a lift to station,6.7,1
Amba Hotel Marble Arch,London,4/22/2016, Bahrain ,Business,"[' Business trip ', ' Travelers with friends ', ' Executive Twin Room ', ' Stayed 3 nights ', ' Submitted from a mobile device ']", I booked 2 different bookings one from 18 to 21 and the other from 21 to 23 on 20th of April I informed the reception that I will change my room tomorrow and I want to know at what time I can shift my luggage they told me I can do it anytime When I m ready on 21 I went to the reception to shift to the new room they told me wait till 2 because it s still not ready I said ok I went to my room and I couldn t get in because my card des active automatically so I went to the reception and got new card it was fine with me I went out of my room for 10 minutes and again my card not working and I have to go all the way back to the reception for a new card the time now is 1330 the told me 1400 my room will be ready I wait at the room till 1700 no one call finally at 2000 I got my card and all my plans for the rest of the day cancelled and I ended up with migraine , I booked 2 different bookings one from 18 to 21 and the other from 21 to 23 on 20th of April I informed the reception that I will change my room tomorrow and I want to know at what time I can shift my luggage they told me I can do it anytime When I m ready on 21 I went to the reception to shift to the new room they told me wait till 2 because it s still not ready I said ok I went to my room and I couldn t get in because my card des active automatically so I went to the reception and got new card it was fine with me I went out of my room for 10 minutes and again my card not working and I have to go all the way back to the reception for a new card the time now is 1330 the told me 1400 my room will be ready I wait at the room till 1700 no one call finally at 2000 I got my card and all my plans for the rest of the day cancelled and I ended up with migraine ,5.4,1
Rafayel Hotel Spa,London,1/19/2017, United Kingdom ,Leisure,"[' Leisure trip ', ' Couple ', ' Deluxe Double Room ', ' Stayed 1 night ']", Swimming pool jaccuzzi and bar were all unavailable If had been noted we would not have stayed Location is quite far out so nowhere else really to go View over building yard also not ideal , Room was modern clean and large Would have expected some sort of seating for 5 in room but only one desk chair ,5.4,1
Radisson Blu Edwardian Bloomsbury Street,London,12/11/2016, United Kingdom ,Business,"[' Business trip ', ' Solo traveler ', ' Superior Double or Twin Room ', ' Stayed 1 night ']", Check in staff were rude and aggressive Not at all helpful and very dismissive of me using Booking com , Free Wi Fi and the actual room fittings,4.6,1
Holiday Inn London Kensington,London,8/4/2015, United Kingdom ,Leisure,"[' Leisure trip ', ' Couple ', ' Executive Double Room ', ' Stayed 2 nights ', ' Submitted from a mobile device ']", The room wasn t what was described on website Tried to upgrade didn t mind paying But nothing available which I doubt , Location was good ,5.0,1
NH Carlton Amsterdam,Amsterdam,7/18/2016, Kuwait ,Leisure,"[' Leisure trip ', ' Solo traveler ', ' Standard Double or Twin Room ', ' Stayed 4 nights ']", old rooms and old furniture,No Positive,6.3,1
Mondrian London,London,10/3/2016, Jersey ,Business,"[' Business trip ', ' Solo traveler ', ' Superior ', ' Stayed 3 nights ']", The disgusting breakfast,No Positive,6.7,1
Hotel Elys es Bassano,Paris,11/28/2015, South Africa ,Leisure,"[' Leisure trip ', ' Solo traveler ', ' Superior Room ', ' Stayed 2 nights ', ' Submitted from a mobile device ']", Room very small Elevator extremely small Claustrophic No security There were rowdy guests in the hotek making lots of niose in the early hours of the morning and there was no security to stop them , Front desk Alleson was good friendly and very helpful Other staff were so so ,6.3,1
Hilton London Metropole,London,4/19/2016, United Arab Emirates ,Leisure,"[' Leisure trip ', ' Solo traveler ', ' Deluxe Queen Room ', ' Stayed 5 nights ', ' Submitted from a mobile device ']", In the room the t v channels were very poor only english channels and when i requested the reception said i shoul pay more charges although i was in a queen de luxe room i contcted the in charge manager he tried to help much but in vain i stayed with one arabic channel which disappeared after one dat I think my experience with this hotel was bad,No Positive,6.7,1
Balmoral Champs Elys es,Paris,5/1/2017, Oman ,Business,"[' Business trip ', ' Solo traveler ', ' Standard Double or Twin Room ', ' Stayed 3 nights ']", The elevator the room size , the phone device in the room ,4.6,1
Rosa Grand Milano Starhotels Collezione,Milan,3/21/2016, Lebanon ,Leisure,"[' Leisure trip ', ' Solo traveler ', ' Superior Double Room ', ' Stayed 1 night ']", Very noisy room Woke up with a headache because of all the humming noises from nearby ventilation and electric board Even though I asked for a quiet room I got the room that is at the same level as a neighboring roof All the noisy ventilation units installed on that roof could be heard even with the windows closed On top of that a very loud humming noise was coming from the electric panel board whenever it was switched on As a side inconvenience there was no electric plugs by the bed side table forced to charge phone by TV stand The shower fittings are old and unstable Shower doesn t move up or down side rail and shampoo rack are unstable All of the above is not permissible when you are paying 250euro the night , Nice lobby and nice vibe Location is excellent Rooms are clean and well maintained ,5.0,1
NH Carlton Amsterdam,Amsterdam,3/1/2016, Kuwait ,Leisure,"[' Leisure trip ', ' Solo traveler ', ' Standard Double or Twin Room ', ' Stayed 5 nights ', ' Submitted from a mobile device ']", For the price i was expecting better room and better service , I requested nice view and i got the least nice ,4.6,1
Hilton Garden Inn Vienna South,Vienna,2/10/2016, Iraq ,Business,"[' Business trip ', ' Solo traveler ', ' Queen Room ', ' Stayed 4 nights ', ' Submitted from a mobile device ']",No Negative, It was great for business travelers,6.7,1
Britannia International Hotel Canary Wharf,London,10/15/2015, Belgium ,Business,"[' Business trip ', ' Solo traveler ', ' Standard Single Room ', ' Stayed 2 nights ', ' Submitted from a mobile device ']", A room without a window thus more a box on a noisy corridor with noisy airconditioning system and a horrible white light fixture Is it too much trouble for the reception staff to address their customers rather than mumbling instructions credit card sign here And all of the above for 190 pounds night , The only likable thing about this hotel is that it is in Canary Warf which is good if you have to be in that area ,3.8,1
DoubleTree by Hilton Hotel Amsterdam NDSM Wharf,Amsterdam,7/14/2016, United Kingdom ,Leisure,"[' Leisure trip ', ' Couple ', ' Twin Guest Room ', ' Stayed 1 night ']", Although our room was comfortable if you looked up at the ceiling you could see the room was not quite finished concrete ceiling showing , The staff were very friendly and helpful The room was comfortable,6.3,1
Fifty Four Boutique Hotel,London,7/1/2017, United Kingdom ,Leisure,"[' Leisure trip ', ' Couple ', ' Standard Double Room ', ' Stayed 1 night ', ' Submitted from a mobile device ']", Didn t feel like a Hotel staff were lovely but 172 for overnight stay no breakfast just felt it didn t have any qualities I would want to book again or recommend such a shame , Lovely property but room on the forth floor no lift staff didn t offer to help with bags Bit of a shame very clean but no Hotel qualities ,5.8,1
Britannia International Hotel Canary Wharf,London,1/19/2017, Spain ,Business,"[' Business trip ', ' Solo traveler ', ' Standard Double Room without Window ', ' Stayed 1 night ']", Run down shabby and very noisy from DLR trains ,No Positive,4.2,1
Grand Royale London Hyde Park,London,2/5/2017, United Kingdom ,Leisure,"[' Leisure trip ', ' Solo traveler ', ' Superior Double Room ', ' Stayed 1 night ', ' Submitted from a mobile device ']", We had a up grade to bigger room was wandering how big our other room was as up grade wasn t big at all also the decor needed up dating and repainting of doors especial bathroom which need a bit of gloss on it so it could be wiped in 516 also we reserved room with one debit card and wanted to pay with another but 2 days before we arrived they took money out of account which made me over drawn and then when we checked in they wanted payment for room so we payed with another card and was told it would take 5 days to process my refund on to original card this actually take longer than a cheque clearing so they had two amounts of money for one night stay not happy about this , The bar and reception was very nice ,5.0,1
Shaftesbury Premier London Paddington,London,10/10/2016, United Kingdom ,Leisure,"[' Leisure trip ', ' Couple ', ' Deluxe Double Room ', ' Stayed 1 night ', ' Submitted from a mobile device ']", The pillows were awful Way too hard , The room was huge and very nice ,6.7,1
Blakemore Hyde Park,London,6/28/2016, Denmark ,Leisure,"[' Leisure trip ', ' Family with older children ', ' Club Twin Room ', ' Stayed 4 nights ', ' Submitted from a mobile device ']", Service has declined massively since I stayed 2 years ago Just not worth the price , Nicely placed relative quiet and close to busses and underground,4.2,1
Hampshire Hotel Rembrandt Square Amsterdam,Amsterdam,1/17/2016, Turkey ,Leisure,"[' Leisure trip ', ' Couple ', ' Standard Double or Twin Room ', ' Stayed 3 nights ', ' Submitted from a mobile device ']", Front reception very slow If you want to ask something to get You should get by yourself NO HELP , Only location,5.0,1
NH Collection Milano President,Milan,1/22/2016, Romania ,Leisure,"[' Leisure trip ', ' Couple ', ' Superior Double or Twin Room with View ', ' Stayed 1 night ']", 1 We payed extra for Duomo View but we could only see the top of it like 4 5 metres A very big lie 2 At 7 24 in the morning the cleaning personal made a lot of noise after 20 minutes I asked them politely to keep the noise down but the noises continued could not sleep further , The location is good near Duomo The reception personal was nice ,5.4,1
Holiday Inn London Stratford City,London,7/10/2016, United Kingdom ,Unknown,"[' Couple ', ' Executive King Room with Sofa Bed Non Smoking ', ' Stayed 2 nights ', ' Submitted from a mobile device ']", We checked in at 21 30 room was not ready we had had a long flight and me with a broken back in a body brace was offered nothing not a better room not a complimentary drink or dinner complimentary room service nothing Apparently The room was not ready even though your checkout is at 12 o clock and we was checking in at 9 30 PM at night the room was not ready My partner is Hotrl managers in Surrey and has suggested I contact you for a 30 and a refund on all the room service we had as we were just told to wait Furthermore I contacted you regarding parking and disabled facilities and had no reply I explained in the email we was going to a funeral I would also need a late checkout again no reply Lastly on the day that we was checking out housekeeping just kept letting themselves in without knocking on the door or announcing who they work with they was coming in I am not a happy customer, The one thing the room had was a good location apart from that from the moment we checked in I wanted to leave the hotel,6.3,1
Park Lane Mews Hotel,London,12/5/2016, United States of America ,Business,"[' Business trip ', ' Solo traveler ', ' Executive Double Room ', ' Stayed 1 night ']", The hotel is completely run down and booking com should have had something of note on this fact displayed on the listing I booked the most expensive room on the site there were 5 available at time I booked I went most expensive because the picture and description let me believe it was the best room at the hotel Very far from it The room was a dump It was very old and dingy What pissed me off was that I was charged 289 when for 30 more I could have stayed at the Hilton in a better room Management absolutely would not adjust my pricing to reflect the standard dumpy room rate of 145 Instead they offered to move me to a bigger room which I agreed to and they did Natalie the manager on duty at the time could not have been more professional She did her best to reason with me and to liaise with their corporate office Natalie was a star My recommendation don t stay at this hotel Seriously for a bit more stay at the Hilton if price is an issue anyway you should not be looking at rooms in Mayfair , The location is tops simply cannot be beat Heart of Mayfair next door to 45 Park Lane and The Dorchester and The Hilton Across the street from Hyde Park What is there not to like ,5.4,1
Rafayel Hotel Spa,London,11/20/2016, United Kingdom ,Leisure,"[' Leisure trip ', ' Solo traveler ', ' Premium Deluxe Double Room ', ' Stayed 1 night ', ' Submitted from a mobile device ']", The staff are very rude Before I booked I asked if I could have a massage booked they told me YES This is the only reason I booked a spa with a hotel when getting there I wasn t shown where anything is I called the spa repeatedly for an hour no answer I then had reception get the spa to call me to which the man said the therapist has no time for treatments I said i need a massage just got off a 14 hour flight to which his response was unfortunately not my problem I sat alone in that room for 24 hours ANNOYED AND IN PAIN Disgusting service for 5 Have contacted the hotel since and they like to ignore my emails , NOTHING,2.5,1
Novotel Wien City,Vienna,12/4/2016, Romania ,Leisure,"[' Leisure trip ', ' Family with young children ', ' Executive Room 2 adults 2 children ', ' Stayed 3 nights ', ' Submitted from a mobile device ']", Cleaning in breakfast room Needs a lot of improvement Clear guidance about parking facility and arrival recommendations There is no temp parking in front of the hotel to unload your luggage , Good location same distance to Stephanplatz as well as to Prater ,5.8,1
Britannia International Hotel Canary Wharf,London,10/31/2015, United Kingdom ,Leisure,"[' Leisure trip ', ' Couple ', ' Standard Double Room ', ' Stayed 2 nights ', ' Submitted from a mobile device ']", The room was disgustingly dirty The bathroom was appalling the wall tiles where covers in soap scum from previous ocupants The wall paper was hanging of the walls the room smelled of damp The window was bolted shut and every window in the hotel was dirty The whole place needs a good clean , We liked the location ,5.0,1
Saint Georges Hotel,London,10/26/2015, United Kingdom ,Business,"[' Business trip ', ' Solo traveler ', ' Superior Double Room ', ' Stayed 1 night ']", Woken up startled at 1 30am to a very loud mechanical type noise within the air con cents which went on for about 1min I paid for a superior room my wallpaper had holes in with chunks missing from the the wall there was a crack and damp in the ceiling above my bed the windows looked like they hadn t been cleaned for a long time , Good Location,4.6,1
Britannia International Hotel Canary Wharf,London,9/19/2015, United Kingdom ,Leisure,"[' Leisure trip ', ' Solo traveler ', ' Standard Double Room ', ' Stayed 2 nights ', ' Submitted from a mobile device ']", Too expensive didn t think the customer service was very good I ordered room service twice went to order it last morning for my breakfast was 5 mins before the end of breakfast and they wouldn t deliver it I was discussed as I had paid for it not happy as we don t get a refund why have yo pay that much money for breakfast if we can t get it back if we don t have it Should be able to use it another time at least Also couldn t get WiFi up needed it for two days I was there and didn t work , The food was nice that s it Nice walk along the river Bed was comfy ,4.6,1
BoB Hotel by Elegancia,Paris,4/10/2017, France ,Leisure,"[' Leisure trip ', ' Solo traveler ', ' Standard Double Room ', ' Stayed 7 nights ']", Very limited choice for breakfast almost nothing is available no omelette no eggs no yogurt 1 type of ham only 1 bottle of orange juice no fresh fruits not enough cheese 2 types and few pieces are available Basicly the breakfast was coffee croissant bread jam honey nutella and a piece of cheese if you managed to find some Smell of paint in the room building recently finished no coffee machine in the rooms only coffee sticks boiler no creamer absence of closet shelves dressing, friendly staff clean hotel and rooms acceptable room surface good room insulation,6.3,1
Golden Tulip Amsterdam Riverside,Amsterdam,6/11/2016, Greece ,Unknown,"[' Group ', ' Standard Twin Room ', ' Stayed 4 nights ']", Okay first of all if you would like to experience Amsterdam s night life Golden Tulip is not what you re looking for The last metro leave the centaal station around midnight and if you are tired after a long day you will find it difficult to take a 10 min walk to the hotel Plus they charge a 25 euro deposit per night wich I personaly think they should ve mention in their official page Not cool being charged in advance and not being aware of what to expect I find it ridiculous to pay 16 euro for breakfast per day when you can buy groceries and cost less than 15 euro for 4 days The personel was a bit distant and our towels never got replaced , Big room,5.4,1
Arion Cityhotel Vienna und Appartements,Vienna,5/1/2017, Slovenia ,Leisure,"[' Leisure trip ', ' Couple ', ' Standard Double Room ', ' Stayed 2 nights ', ' Submitted from a mobile device ']", Staff was pretending to be helpful however when we complained about our room smelling a lot of tobacco they said impossible and refused to relocate us due to being fully booked before asking we checked they had free rooms that night but sitting in the bar after I observed the staff going to booking com and removing free rooms They don t speak English at all Room was very dirty and no cutlery in the kitchen should ask in reception but again no English so don t count on cooking as we were They promised good cleaning the day after but as can be seen on pictures that didn t happen You need to be very lucky to get parking Low sound insulation so we could hear the parties on our floor This felt like 1 or max 2 star hotel , The bed was comfortable and the room was of an alright size It had big fridge,4.2,1
Ashburn Hotel,London,7/18/2017, United Kingdom ,Leisure,"[' Leisure trip ', ' Couple ', ' King Double Room ', ' Stayed 1 night ']", Hotel lift and corridors smelt Bed very uncomfortable dining area very cramped and a poor breakfast offering Staff were not very welcoming , Decent location ,4.2,1
Andaz London Liverpool Street,London,4/9/2016, Australia ,Business,"[' Business trip ', ' Couple ', ' Queen Room ', ' Stayed 4 nights ', ' Submitted from a mobile device ']", Lots house keeping non existent cleaned late in the day Turn down service ordered and did not arrive shampoo not replaced bath mat mi Room dated poor value for money ,No Positive,5.0,1
Bloomsbury Palace Hotel,London,6/23/2017, United Kingdom ,Leisure,"[' Leisure trip ', ' Couple ', ' Double Room ', ' Stayed 1 night ']", The air con was not working until 5 in the evening and was about as good as an asmatic cat And as the room was on the top floor we were sweeting before we got to our room , The staff did all they could to help but the problems were out of there control ,6.7,1
Park Plaza County Hall London,London,7/24/2017, United States of America ,Leisure,"[' Leisure trip ', ' Group ', ' Superior Twin Room ', ' Stayed 2 nights ', ' Submitted from a mobile device ']", Good in restaurant was terrible both breakfast and dinner Staff was neither friendly or accomodating,No Positive,6.7,1
Best Western Bretagne Montparnasse,Paris,1/24/2017, Greece ,Business,"[' Business trip ', ' Couple ', ' Double Room ', ' Stayed 1 night ']", There was a problem with the elevator so we have to carry our laguages,No Positive,6.7,1
LaGare Hotel Milano Centrale MGallery by Sofitel,Milan,10/17/2016, United States of America ,Leisure,"[' Leisure trip ', ' Couple ', ' Deluxe Double Room ', ' Stayed 3 nights ', ' Submitted from a mobile device ']", Not very clean I almost slip on the area rug Not well fastened Nobody to help you carry the luggage from the steps , Near the train station,5.4,1
Hotel Mozart,Milan,6/9/2016, Croatia ,Leisure,"[' Leisure trip ', ' Solo traveler ', ' Classic Twin Room ', ' Stayed 2 nights ', ' Submitted from a mobile device ']", I was given an old room type and the explanation was that these classic rooms were advertised at booking com with lower rates I knew that the hotel had renovated nicer rooms due to my previous stay at this hotel I called the reception and they were very kind to change my room It would be good to check this before booking with the hotel It s not very close to the center It takes some time by tram when there is some traffic Note that there are lot of traffic lights and crossroads at Milano Ironing services are provided in 3 to 4 hours time I was offered the ironing set to my room Shower handle was leaking water I think technical controls are weak Very poor lighting in the bathroom, Quality vs price ratio was all right Good breakfast Clean and new towels ,5.8,1
The Cumberland A Guoman Hotel,London,5/29/2017, Japan ,Business,"[' Business trip ', ' Solo traveler ', ' Standard Single Room ', ' Stayed 1 night ']", Hotel did not have the Booking com booking in its computer system waited long time at reception given a small corner replacement room with noisy internal unit behind locked door air con or generator or something no discount or free breakfast offered out of courtesy Room temperature very difficult to control Peak checkout time next day 8 30am 9 00am had only one person at the desk two at most for brief periods very long wait just to leave , Only location is its plus point near Marble Arch tube station ,4.6,1
Park Grand Paddington Court,London,3/9/2016, United Kingdom ,Business,"[' Business trip ', ' Solo traveler ', ' Deluxe Double Room ', ' Stayed 3 nights ']", The room was very small I wouldn t class the bed as a double , Clean rooms reasonable price friendly staff,6.7,1
Strand Palace Hotel,London,8/22/2015, Canada ,Unknown,"[' Solo traveler ', ' Cosy Single Room ', ' Stayed 3 nights ']", no air conditioning room size, location,4.6,1
Fleming s Selection Hotel Wien City,Vienna,11/24/2015, United Arab Emirates ,Leisure,"[' Leisure trip ', ' Couple ', ' Superior Double or Twin Room ', ' Stayed 3 nights ']", stuff were not much friendly except one with shoulders length hair Room was too small facilities were not described to us so we dnt have any idea about if its exist , Location was Good Hotel clean Nice design,5.8,1
Henley House Hotel,London,12/23/2015, United Kingdom ,Business,"[' Business trip ', ' Solo traveler ', ' Deluxe Double Room ', ' Stayed 1 night ']", terrible sound which lasted like 4 hours from 11 3am sounded like a piping water issue No1 on reception to alert as was quite late Meant i couldn t sleep , Nice boutique place,6.7,1
Park Plaza County Hall London,London,7/6/2016, United Kingdom ,Leisure,"[' Leisure trip ', ' Couple ', ' Superior Double Room ', ' Stayed 1 night ', ' Submitted from a mobile device ']", Cost is too high no breakfast at this cost plus not even a single complementary bottle of water , Ambiance,5.0,1
The Chamberlain,London,4/24/2016, Netherlands ,Business,"[' Business trip ', ' Solo traveler ', ' Luxury Double Room ', ' Stayed 1 night ']", lift is still out of order after a year, excellent location,6.7,1
The Mandeville Hotel,London,3/7/2017, United Kingdom ,Leisure,"[' Leisure trip ', ' Group ', ' Superior Twin Room ', ' Stayed 1 night ']", Bigger toilet it barely enough for one,No Positive,6.7,1
Novotel Suites Paris Nord 18 me,Paris,12/26/2016, United Kingdom ,Leisure,"[' Leisure trip ', ' Family with young children ', ' Superior Suite with 1 Double Bed and 1 Single Bed ', ' Stayed 2 nights ', ' Submitted from a mobile device ']", The carpet had holes all throughout it where people had dropped cigerrettes on the floor It wasnt very pleasant to walk over Also asked restaurant staff if they could blend a banana and milk for my son and we was told nope No explanation why , I liked the big spacious rooms the fridge and microwave in room was very handy ,6.7,1
Comfort Inn Suites Kings Cross St Pancras,London,10/16/2016, United States of America ,Leisure,"[' Leisure trip ', ' Family with young children ', ' One Bedroom Apartment ', ' Stayed 4 nights ']", The room arrangement 3 single beds 2 in one room and 1 in another , The location of the hotel to transportation ,6.7,1
DoubleTree by Hilton Hotel London Marble Arch,London,10/31/2015, United Kingdom ,Leisure,"[' Leisure trip ', ' Couple ', ' Deluxe King Room ', ' Stayed 1 night ', ' Submitted from a mobile device ']", Noisy room spent night arguing 2 00 with reception to get the cleaners to stop above our room 6 20 started recycling out side our room window We got a massive 4 hours sleep Hotel reduced cost by 50 Will not stay here again , Looks lovely,6.3,1
Boutique Hotel Notting Hill,Amsterdam,3/1/2016, United Kingdom ,Leisure,"[' Leisure trip ', ' Group ', ' Souterrain Triple Room ', ' Stayed 2 nights ', ' Submitted from a mobile device ']", Small basement rooms for 3 and lack privacy with open plan bathroom Nearer and better places to stay, Very clean,5.8,1
The Whitechapel,London,3/21/2016, United Kingdom ,Business,"[' Business trip ', ' Solo traveler ', ' Executive Twin Room ', ' Stayed 1 night ']",No Negative, facilities were accessable,5.0,1
The Academy,London,2/13/2017, United Kingdom ,Leisure,"[' Leisure trip ', ' Family with young children ', ' Twin Room ', ' Stayed 1 night ', ' Submitted from a mobile device ']", No elevator struggle for aged mother to combat 7 flights of stairs Staff unhelpful Bathroom in need of update,No Positive,3.8,1
Sheraton Diana Majestic,Milan,2/2/2016, United Arab Emirates ,Leisure,"[' Leisure trip ', ' Group ', ' Classic Double Room ', ' Stayed 1 night ', ' Submitted from a mobile device ']", The room was too small opening the door to the bed directly, Location,6.3,1
Ramada Apollo Amsterdam Centre,Amsterdam,9/8/2016, United Kingdom ,Unknown,"[' Group ', ' Standard Double Room ', ' Stayed 1 night ', ' Submitted from a mobile device ']", hotel staff,No Positive,2.5,1
Occidental Atenea Mar Adults Only,Barcelona,10/25/2016, United Kingdom ,Leisure,"[' Leisure trip ', ' Couple ', ' Superior Double or Twin Room ', ' Stayed 3 nights ', ' Submitted from a mobile device ']", The breakfast, The treatment,6.7,1
H tel Concorde Montparnasse,Paris,9/16/2016, Saudi Arabia ,Leisure,"[' Leisure trip ', ' Family with young children ', ' Classic Twin Room ', ' Stayed 2 nights ', ' Submitted from a mobile device ']", I booked this hotel thinking it is the Lafayete Concorde Hotel which was way better than this one It should be 2 or 3 stars hotel only But not 4 stars hotel by any means No free water upon arrival Breakfast is less quantity quality than other 4 stars hotels , Location is close to Eiffel tower ,5.0,1
Clayton Crown Hotel London,London,6/18/2017, New Zealand ,Leisure,"[' Leisure trip ', ' Group ', ' Deluxe Double Room ', ' Stayed 1 night ']", rib eye steak should not look like a sirloin, beds and pillows comfy and rooms quiet ,6.7,1
Millennium Hotel London Mayfair,London,10/26/2016, United Kingdom ,Leisure,"[' Leisure trip ', ' Group ', ' Standard Twin Room ', ' Stayed 1 night ']", The room was not clean shabby and in need of decorating there was a constant high pitched noise in the bedroom so no sleep an impersonal hotel the only thing that makes it 4 is the location I would not stay there again , Location,4.2,1
citizenM Amsterdam,Amsterdam,5/22/2017, Ireland ,Leisure,"[' Leisure trip ', ' Couple ', ' Double Room ', ' Stayed 3 nights ']", Rooms much to small The toilet is in a pod in the room which was really not private also the shower is in a pod It reminded me of a hostel for adults the room price is too high for what is offered , Location and access to public transport was great ,6.7,1
NH Milano Grand Hotel Verdi,Milan,9/27/2016, Hong Kong ,Leisure,"[' Leisure trip ', ' Couple ', ' Superior Double or Twin Room XL ', ' Stayed 1 night ', ' Submitted from a mobile device ']", The location was quite far from the busy touristy areas , Breakfast was very good Staff were very helpful The room was spacious and the bed comfortable ,6.7,1
Novotel London Wembley,London,6/28/2016, United Kingdom ,Leisure,"[' Leisure trip ', ' Couple ', ' Superior Queen Room ', ' Stayed 1 night ']", No additional door inside to soundproof the noise from the corridor Bouncy mattress not firm enough which resulted in back pain in the morning , Nice modern decor friendly staff Clean room ,6.7,1
Montfleuri,Paris,4/16/2017, Saudi Arabia ,Leisure,"[' Leisure trip ', ' Solo traveler ', ' Classic Double or Single Room ', ' Stayed 1 night ', ' Submitted from a mobile device ']", small room, location,5.4,1
DoubleTree By Hilton London Excel,London,7/19/2016, Jersey ,Leisure,"[' Leisure trip ', ' Group ', ' Standard Room ', ' Stayed 4 nights ', ' Submitted from a mobile device ']", Noisy room breakfast much too expensive ,No Positive,6.3,1
Grand Royale London Hyde Park,London,11/23/2016, Qatar ,Leisure,"[' Leisure trip ', ' Family with young children ', ' Superior Double Room ', ' Stayed 2 nights ']", when we came in the boiler was broken we had to leave at 12 at night to another hotel that was so bad to the value of money ,No Positive,5.0,1
Holiday Inn London Kensington,London,3/18/2017, United Kingdom ,Leisure,"[' Leisure trip ', ' Solo traveler ', ' Standard Room ', ' Stayed 1 night ']", Ridiculously small room for the price Having to put a security deposit on a room already paid for ,No Positive,5.0,1
Eurostars Bcn Design,Barcelona,4/27/2017, Saudi Arabia ,Business,"[' Business trip ', ' Family with young children ', ' Superior Double Room ', ' Stayed 1 night ']", Honestly nothing good but the staff there were very nice and helpful although they need more experience, the allocation was good although the hotel was bleow my expectations,5.0,1
Mercure Paris Montparnasse Raspail,Paris,9/20/2016, United Kingdom ,Business,"[' Business trip ', ' Solo traveler ', ' Standard Double Room ', ' Stayed 1 night ']", carpets looked a bit like could do with a clean, Convenient for Orly airport 30 minutes 30 Euro by Taxu,6.7,1
The Premier Notting Hill,London,4/9/2017, United Arab Emirates ,Business,"[' Business trip ', ' Solo traveler ', ' Deluxe Single Room ', ' Stayed 2 nights ', ' Submitted from a mobile device ']", The room was extremely small It was the size of the bed couldn t even turn , The location is good Close to Hyde Park and Portobello Road ,5.4,1
Best Western Premier Hotel Couture,Amsterdam,5/19/2017, Japan ,Leisure,"[' Leisure trip ', ' Group ', ' Standard Double or Twin Room ', ' Stayed 2 nights ', ' Submitted from a mobile device ']", Indian staff who greeted us was terrible His smirky comments are not appreciated at all, Good distance from city center Area is quiet but close to station,5.0,1
Barcelona Princess,Barcelona,6/5/2017, Germany ,Leisure,"[' Leisure trip ', ' Couple ', ' Double or Twin Room ', ' Stayed 2 nights ', ' Submitted from a mobile device ']", Not well cleaned rooms unfriendly checkin massage wasn t really good and expensive , Had a pool area and breakfast was good ,5.0,1
Park Grand London Kensington,London,3/3/2017, Portugal ,Leisure,"[' Leisure trip ', ' Couple ', ' Superior Double Room ', ' Stayed 4 nights ', ' Submitted from a mobile device ']", Free Wi Fi very poor, Excellent location,6.3,1
Corendon Vitality Hotel Amsterdam,Amsterdam,3/29/2016, Cambodia ,Leisure,"[' Leisure trip ', ' Couple ', ' Standard Twin Room ', ' Stayed 1 night ']", Not the best location or most attractive surroundings Staff seemed at times overwhelmed and did not give priority to a warm welcome Similarly there was a delay in a booked spa treatment and there was a lack of care about this delay , Nice spa good to get away Nice room and comfortable conditions ,5.8,1
Doubletree By Hilton London Greenwich,London,12/7/2016, United Kingdom ,Leisure,"[' Leisure trip ', ' Group ', ' Queen Guest Room ', ' Stayed 1 night ', ' Submitted from a mobile device ']", Noisey room no air on working unfriendly night staff , Lovely decor great bar with good cocktails and wine selection ,6.3,1
WestCord Art Hotel Amsterdam 4 stars,Amsterdam,10/23/2016, United Kingdom ,Leisure,"[' Leisure trip ', ' Group ', ' Large Room ', ' Stayed 2 nights ', ' Submitted from a mobile device ']", It was further than stated and led to believe from the advertising website this was a massive let down and if this was known I wouldn t have booked the hotel, Modern Edgey Stylish Clean,6.7,1
DoubleTree by Hilton London Hyde Park,London,10/12/2016, Switzerland ,Leisure,"[' Leisure trip ', ' Solo traveler ', ' Single Room ', ' Stayed 1 night ']", small rooms noisy aircon, good location opposite Kensington Gardens and in a quiet side road close to Tube station for London standards modern bathroom,6.7,1
Hotel Da Vinci,Milan,5/9/2016, Bulgaria ,Leisure,"[' Leisure trip ', ' Couple ', ' Twin Room ', ' Stayed 1 night ']", It was difficult to find it even with GPS The light above the sink was not working It was cold in the room Since my bank account was periodically blocked with a bigger amount than the value of the reserved accommodation I expected a higher quality ,No Positive,6.3,1
M by Montcalm Shoreditch London Tech City,London,7/18/2017, Sweden ,Leisure,"[' Leisure trip ', ' Group ', ' Club Double Room ', ' Stayed 2 nights ', ' Submitted from a mobile device ']", The staff had no idea what they were doing the ipads in the rooms did not turn off so I had to put something on them to get a dark room at night and the breakfast that is included is a sad excuse for a breakfast , Nice new hotel,6.7,1
Holiday Inn London Bloomsbury,London,10/8/2015, Israel ,Leisure,"[' Leisure trip ', ' Couple ', ' Standard Double or Twin Room ', ' Stayed 5 nights ']", Shower very weak stream Uncomfortable bed mattress Service is not the most courteous reception Internet costs money , location,3.8,1
Best Western Premier Hotel Dante,Barcelona,4/24/2017, United Arab Emirates ,Leisure,"[' Leisure trip ', ' Solo traveler ', ' Double or Twin Room ', ' Stayed 2 nights ', ' Submitted from a mobile device ']",No Negative, Service,6.7,1
Best Western Blue Tower Hotel,Amsterdam,10/13/2015, Germany ,Leisure,"[' Leisure trip ', ' Group ', ' Standard Triple Room ', ' Stayed 1 night ']", The hotel turned to be far away from the center it s rather old many things in the bathroom were broken or didn t function, The staff was friendly the facility clean,5.8,1
Radisson Blu Edwardian Berkshire,London,1/26/2016, United Kingdom ,Leisure,"[' Leisure trip ', ' Family with older children ', ' Deluxe Double or Twin Room ', ' Stayed 3 nights ']", When we arrived we where met by a very nice gentleman whom checked us in and told us where our room was and that it was all ready for us to go up early check in our room was right beside a building site when we looked out the window we where staring right into the workmen faces they even gave us a smile and a wave they where that close not appropriate for a mother with a teenage daughter to be facing onto I asked to be moved and they moved us one floor up to the same horrid dirty brown room no bedside lamps dirty carpets old bathroom one word shabby I then complained to Booking Com and was told to let the hotel manager sort something out The only thing I wanted them to do was move us to another hotel so I gave them a chance and we got a nicer room on the 8 floor and yes guess what another building site only this time a generator when all night I tried calling Booking Com back and waited nearly an hour for them to answer but we had a reservation to go to so I had to leave it at that On the Monday we were woken to the sound of the fire alarm at 7 05am then again at 8am to be told it was the toaster in the restaurant causing the problem this happened several times and no staff let us know what was going on I had to phone down and ask the reception myself Having to cue up for breakfast every morning was ridiculous too surely they must know how many guest they have staying in the hotel The whole experience was horrific it was my 1st time taking my daughter away since her dad died and I certainly didn t expect unfriendly unmannerly staff and a very poor standard and quality of hotel I stay in London regularly and have stayed in some beautiful hotels No way is this hotel worth the price Try somewhere else trust me , Location was good for shopping,3.8,1
NH Carlton Amsterdam,Amsterdam,5/31/2016, United Kingdom ,Leisure,"[' Leisure trip ', ' Family with young children ', ' Standard Double or Twin Room ', ' Stayed 3 nights ']", Reception shabby Lifts look like a DIY project gone wrong Carpets grubby Rooms dirty Bathroom horrible, Location good,4.2,1
Bianca Maria Palace Hotel,Milan,5/8/2016, Netherlands ,Leisure,"[' Leisure trip ', ' Family with older children ', ' Executive Room ', ' Stayed 1 night ', ' Submitted from a mobile device ']", Our airconditioning was nt working so w ll spend both eventing and night in a temperature of 27 4 degrees celcius in the morning it still was 26 3 the reception could nt help us in the morning when we woke up we were nt fit to do the things w ll wanted to do , The room was nt that bad at all A very good breakfast and a good bed and shower ,5.4,1
Britannia International Hotel Canary Wharf,London,2/2/2016, United Kingdom ,Leisure,"[' Leisure trip ', ' Couple ', ' Standard Double Room without Window ', ' Stayed 1 night ', ' Submitted from a mobile device ']", Room smelt of smoke and was freezing cold, Big room,5.4,1
Novotel Paris Les Halles,Paris,9/12/2015, Australia ,Leisure,"[' Leisure trip ', ' Family with young children ', ' Standard Family Room ', ' Stayed 3 nights ', ' Submitted from a mobile device ']", Overpriced Roma could be cleaner building works around premises, Location,6.7,1
Jumeirah Lowndes Hotel,London,12/21/2015, United Arab Emirates ,Leisure,"[' Leisure trip ', ' Family with young children ', ' Superior Double Room ', ' Stayed 6 nights ', ' Submitted from a mobile device ']", I stayed in the 2nd floor but still I can hear the sound and noise from street at night Very small entrance and restaurant There is no lobby , Nice location ,6.3,1
Melia White House Hotel,London,4/30/2016, United Kingdom ,Business,"[' Business trip ', ' Solo traveler ', ' Classic Double Room ', ' Stayed 1 night ', ' Submitted from a mobile device ']", Appalling check in procedure Annoying lift system Traffic noise in rooms Overcrowded breakfast room, Location Some staff were nice and helpful ,3.8,1
Millennium Gloucester Hotel London,London,3/29/2016, Ireland ,Leisure,"[' Leisure trip ', ' Couple ', ' Standard Double Room ', ' Stayed 3 nights ']", However there was no complimentary wifi in the standard room There was the option of buying 24 hrs of wifi for 10 but in this day and age that s a bit much The walls of the room were quite thin and there was some kind of construction work being done in a room down the hall , Location was good right beside the tube Staff were nice ,6.7,1
Crowne Plaza London Kings Cross,London,8/8/2016, United Kingdom ,Leisure,"[' Leisure trip ', ' Couple ', ' Executive Twin Room ', ' Stayed 1 night ', ' Submitted from a mobile device ']", Not very friendly staff, Position of hotel was convenient,5.0,1
Hilton London Wembley,London,2/20/2017, United Kingdom ,Leisure,"[' Leisure trip ', ' Group ', ' Deluxe King Room with Stadium View ', ' Stayed 1 night ', ' Submitted from a mobile device ']", The pool was cold there were no robes or slippers no glasses in the room only mugs, The breakfast was amazing and the location was excellent,5.8,1
Hampshire Hotel The Manor Amsterdam,Amsterdam,11/1/2015, Sweden ,Leisure,"[' Leisure trip ', ' Couple ', ' Superior Double Room ', ' Stayed 3 nights ', ' Submitted from a mobile device ']", The restaurant staff was quite rude some of the dishes on the meny was sold out 7 pm They do not refill the breakfast the last hour be early , Use the tram for easy transport to the city or hire a bike 30 min walk to city centre ,6.7,1
Club Quarters Hotel Gracechurch,London,10/28/2015, United Kingdom ,Business,"[' Business trip ', ' Solo traveler ', ' Small Queen Room ', ' Stayed 1 night ', ' Submitted from a mobile device ']", No local parking Orderd breakfast but none arrived Excuses were given but I had to attend meetings hungry , The situation is central to work in city,5.8,1
Hotel Casa Bonay,Barcelona,5/22/2017, Brazil ,Leisure,"[' Leisure trip ', ' Solo traveler ', ' Double Room ', ' Stayed 1 night ']", The cost per day is very expensive , The restaurant bar is great ,6.7,1
The Premier Notting Hill,London,7/10/2016, United Kingdom ,Business,"[' Business trip ', ' Solo traveler ', ' Deluxe Double Room ', ' Stayed 1 night ', ' Submitted from a mobile device ']", Bathroom up a narrow flight of 8 or 9 stairs 2 air conditioning stacks outside window making it impossible to leave window open as it was noisy even when window was closed Poor number of tv channels Bathroom was tired shower over bath but no shower curtain All this in a club room Check in delayed staff member was abrupt , Nothing,3.8,1
Park Plaza County Hall London,London,5/29/2017, Belgium ,Leisure,"[' Leisure trip ', ' Solo traveler ', ' Superior Double Room ', ' Stayed 2 nights ', ' Submitted from a mobile device ']", Disappointing Does not give the impression of a well managed hotel Extremely expensive for the quality you get ,No Positive,5.0,1
Britannia International Hotel Canary Wharf,London,6/5/2017, United Kingdom ,Leisure,"[' Leisure trip ', ' Couple ', ' Standard Double Room ', ' Stayed 2 nights ', ' Submitted from a mobile device ']", Hole place needs to be cleaned and painted we couldt buy any coffee in the evening as the bar staff said they where to busy to make it for us also tea bags in the room are not of good quality for the money I paid I expected alot more of my overall stay , Comfy bed,4.2,1
Tryp Barcelona Apolo Hotel,Barcelona,5/1/2017, Indonesia ,Leisure,"[' Leisure trip ', ' Travelers with friends ', ' Double or Twin Room ', ' Stayed 2 nights ', ' Submitted from a mobile device ']", The checked in time a little bit long for my experience I waited long enough to do the check in The room was cold and the worst thing was the carpet was wet I dis call the reception but they said the carpet was wet because the room just after cleaning so I had to wait 60 minutes before it dry But after a few hours it still wet I really disappointed with this hotel Sorry to say I would never stay at this hotel again , Just the location near from metro station And checked out time is fast and the staff helped us carrying our luggage to taxi ,4.6,1
Holiday Inn London Camden Lock,London,5/23/2017, United Kingdom ,Business,"[' Business trip ', ' Solo traveler ', ' Double Room ', ' Stayed 1 night ']", Bar tables and restaurant table not clean really nowhere If you put a glass on it it sticks to the table Rooms were clean , Reception staff very friendly and helpful ,6.7,1
Idea Hotel Milano San Siro,Milan,2/15/2017, Czech Republic ,Leisure,"[' Leisure trip ', ' Couple ', ' Double Room ', ' Stayed 1 night ']", The location smell of smoke in the bathroom , The breakfast the price given last minute booking ,6.7,1
St James Court A Taj Hotel London,London,9/22/2016, United Kingdom ,Business,"[' Business trip ', ' Solo traveler ', ' Classic Double Room ', ' Stayed 2 nights ']", As with a lot of London hotels asking up to 30 quid for breakfast and nearly 7 quid for a pint is beyond the boundaries of sanity so I went elsewhere for meals and drinks , room was very quiet with no outside noise coming in ,5.4,1
Mercure London Bloomsbury Hotel,London,4/26/2017, Italy ,Business,"[' Business trip ', ' Group ', ' Standard Double Room ', ' Stayed 1 night ']", we had some concerns about the cleanness of the place when we saw a mouse passing through in the breakfast lounge in the morning while having breakfast not sure i will re book again on it, the room was good size it seems clean,4.6,1
Austria Trend Hotel Bosei Wien,Vienna,2/14/2016, Romania ,Leisure,"[' Leisure trip ', ' Family with young children ', ' Family Room 2 Adults 2 Children ', ' Stayed 1 night ']", I had reservation for one apartment but I receive 2 room because they lost my reservation It was first time when I made reservation with booking com For me this was unpleasant because I was with my wife and 2 children ,No Positive,5.4,1
Millennium Gloucester Hotel London,London,3/22/2016, United Arab Emirates ,Leisure,"[' Leisure trip ', ' Couple ', ' Standard Double Room ', ' Stayed 4 nights ']", room cleanness room bathroom temperature room lighting, Location Staff,5.8,1
Hotel Les Th tres,Paris,9/24/2015, United Kingdom ,Business,"[' Business trip ', ' Solo traveler ', ' Classic Double Room ', ' Stayed 1 night ']", tiny rooms showers do not work properly, location,5.4,1
Art Hotel Navigli,Milan,5/4/2016, Serbia ,Leisure,"[' Leisure trip ', ' Couple ', ' Superior Double Room ', ' Stayed 4 nights ']", The entrance to the Hotel is really looking cheap The personal in the lobby caf could barely speak English They were not very hospital and generally not interested , The room is spacious bed and the bathroom really nice The breakfast is excellent and stuff at the breakfast area very polite and friendly opposite to the lobby stuff ,6.7,1
Hotel du Louvre in the Unbound Collection by Hyatt,Paris,1/28/2016, United Arab Emirates ,Business,"[' Business trip ', ' Solo traveler ', ' Deluxe Twin ', ' Stayed 4 nights ', ' Submitted from a mobile device ']", Furniture are old and need renovation Food in the brasserie could have been better, Amazing location and good staff,6.7,1
Villa Alessandra,Paris,3/24/2017, Germany ,Business,"[' Business trip ', ' Solo traveler ', ' Single Room ', ' Stayed 4 nights ']", bed was very old and internet connection was very slow , proper cleaning of washroom and the staff,6.3,1
Shaftesbury Premier London Paddington,London,4/9/2017, Ireland ,Leisure,"[' Leisure trip ', ' Couple ', ' Deluxe Double Room ', ' Stayed 2 nights ', ' Submitted from a mobile device ']", The room was very small for what was supposed to be a double deluxe room also we were moved to a sister hotel because of rennovations being done which was a little inconvient, The staff were very helpful and could not of been nicer,6.7,1
Sunotel Central,Barcelona,4/12/2017, Spain ,Leisure,"[' Leisure trip ', ' Couple ', ' Basic Double Room ', ' Stayed 4 nights ', ' Submitted from a mobile device ']", Noisy traffic from street below, Courtesy from the Hotel staff,6.7,1
Park Plaza Westminster Bridge London,London,9/29/2016, United Kingdom ,Unknown,"[' Group ', ' Superior Twin Room with Internal View ', ' Stayed 3 nights ']", condisending manager indoor room means no natural light hall carpets very stained didn t change pee stained mattress till last night of stay had to share with grown up daughter , the spa most staff ok,5.0,1
NH Carlton Amsterdam,Amsterdam,7/3/2017, Israel ,Leisure,"[' Leisure trip ', ' Group ', ' Standard Double or Twin Room ', ' Stayed 3 nights ', ' Submitted from a mobile device ']", The room wasnt clean we asked again and again but nothing happend The staff didnt do anything untill manger was involved Very bad I trust booking for its quality hotels and reviews i will not order soon , I liked the location,3.8,1
Holiday Inn London Kensington,London,10/10/2016, United Kingdom ,Business,"[' Business trip ', ' Solo traveler ', ' Standard Double Room ', ' Stayed 1 night ', ' Submitted from a mobile device ']", Having to pay a 50 deposit or the reception staff would not allow you to check in Even though you have paid for the room Rooms extremely small, Location Spa and spa staff excellent,5.0,1
Avenida Palace,Barcelona,5/3/2016, Greece ,Leisure,"[' Leisure trip ', ' Family with young children ', ' Junior Suite Double 1 2 Adults ', ' Stayed 5 nights ']", room overpriced no heating needs renovation, location breakfast,5.0,1
DoubleTree by Hilton Amsterdam Centraal Station,Amsterdam,9/20/2016, Netherlands ,Leisure,"[' Leisure trip ', ' Family with young children ', ' Queen Room with Mobility Access ', ' Stayed 1 night ']", Rooms are tiny dusty poorly furnished tiny bathroom with standing shower poor drainage in sink and shower tv is an apple computer wifi too slow to stream rooms with view really mean rooms with view to other hotel room Towels and bathrobes were so hard Minibar was completely empty The Skylounge has incredible views but is super overpriced for what you get and we can say that because we don t mind spending for quality This hotel is so incredibly overpriced and not worthy of 4 stars at all You only pay for location which is perfect for short stay travelers right at the train station and 5 minutes walk to the city center Do not pay for a luxurious place to stay pay if you need a convenient location for your trip , Location Staff Skylounge view not the food ,5.8,1
Park Lane Mews Hotel,London,8/1/2016, United Arab Emirates ,Leisure,"[' Leisure trip ', ' Couple ', ' Double Room ', ' Stayed 6 nights ', ' Submitted from a mobile device ']", The pictures that is show on booking is different from reality when it comes to the room No water in the rooms even the big ones The Ac is very loud the blanket I saw the one under the cover looks old and rotten Check ur self, There was Ac in the room,3.8,1
Clayton Crown Hotel London,London,9/7/2016, United Kingdom ,Business,"[' Business trip ', ' Solo traveler ', ' Deluxe Double Room ', ' Stayed 2 nights ', ' Submitted from a mobile device ']", Staff aren t welcoming don t cnsider regualar customers and loyal visiters Room isn t comfy enouph Leeking was experienced in a room ,No Positive,4.6,1
Grand Hotel Downtown,Amsterdam,4/20/2016, United Kingdom ,Leisure,"[' Leisure trip ', ' Group ', ' Double or Twin Room ', ' Stayed 3 nights ', ' Submitted from a mobile device ']", The booking was not what we arranged and was not happy when we arrived I had cancelled one of the rooms when we arrived the wrong room was cancelled and 4 of us had 1 twin room and a single and the hotel didn t have another room or so they said and the two ladies had to share a double bed, The breakfast was ok,5.8,1
Condes de Barcelona,Barcelona,10/18/2016, Puerto Rico ,Leisure,"[' Leisure trip ', ' Group ', ' Paseo de Gracia Double or Twin Room ', ' Stayed 2 nights ', ' Submitted from a mobile device ']", The morning stafff at the front desk werent freindly their welcome was not What I spect of these Hotel The floor was not clean at the room when I ask for ice they told me go to the bar and asked them , The localization was great Very ice area waking distance to retaurants and stores ,6.7,1
Blakemore Hyde Park,London,9/5/2016, Portugal ,Leisure,"[' Leisure trip ', ' Solo traveler ', ' Club Single Room ', ' Stayed 2 nights ']", Staff have no understanding of English and no knowledge of London culture or famous places unable to give even rudimentary information about TV programmes or use computer for accurate information Given misinformation Other guests room service meals left in corridor overnight and morning Misinformed about breakfast staff not approachable Didn t like instant coffee in pots or stale pastries rolls No real service and not value such money , Reception area impressive and also external terrace ,6.7,1
Shaftesbury Premier London Paddington,London,11/21/2016, Germany ,Leisure,"[' Leisure trip ', ' Couple ', ' Deluxe Double Room ', ' Stayed 2 nights ']", we paid for a deluxe double room and got a bed size ca 180 cm long and ca 130 cm wide we were told that all double rooms are like this If you want a double bed do not stay here Also just enough space for but one small suitcase , proximity to Paddingtom,5.0,1
Hampshire Hotel Amsterdam American,Amsterdam,10/27/2015, Poland ,Leisure,"[' Leisure trip ', ' Group ', ' Classic Double Room ', ' Stayed 2 nights ', ' Submitted from a mobile device ']", Ciasne i zaniedbane pokoje, Restauracja,5.4,1
Ayre Hotel Gran V a,Barcelona,3/22/2016, France ,Leisure,"[' Leisure trip ', ' Solo traveler ', ' Double or Twin Room ', ' Stayed 1 night ', ' Submitted from a mobile device ']", horrible food room service i had the burger housekeeping department only made the bed the second day but didn t clean the room moreover the housekeeper entered the room in the morning while we put the DND sign on the door and she did not even knock at door before entering pillows and materess are a way too hard , nice buffet breakfast ,5.0,1
Hotel Mozart,Milan,10/13/2015, Poland ,Leisure,"[' Leisure trip ', ' Couple ', ' Superior Double Room ', ' Stayed 3 nights ']", Very small room Nasty smell when the windows were closed No sport facilities in the hotel In my opinion quality not up to 4 stars , Location was ok ,4.6,1
Hotel Regina,Barcelona,10/9/2016, Romania ,Business,"[' Business trip ', ' Couple ', ' Superior Double or Twin Room ', ' Stayed 1 night ']", The room is not well isolated and everything was very loud You could hear the metro passing in the underground and all neighbours moving The room located in the 1st floor and at the street corner did make the stay very uncomfortable as you could hear everything on the street like being next to the people on the nearby terrace Very uncomfortable bathroom as you could not realise how much it could be seen from outside The room was superior only by the dimension otherwise a 3 room to raise it to a 4 standard some investments should be made By far too expensive for it s offering apart location , The hotel is very well located and staff is indeed friendly and helpful one can count on them Comfortable bed and clean bathroom,6.7,1
Arthotel ANA Boutique Six,Vienna,1/31/2016, Italy ,Leisure,"[' Leisure trip ', ' Couple ', ' Superior Double Room with Balcony ', ' Stayed 6 nights ']", This is NOT a 4 stars hotel But a 2 stars very similar to an hostel The photos do not correspond to the reality the hotel needs an urgent reconstraction Everythis is old and dirty The staff is inpolite even don t say Hello trying do avoid any costomer s questions and requiests The brekfast is poor and sad , The location is not excellent situated in a small and dark Street but not far from the metro,4.6,1
Hampshire Hotel Rembrandt Square Amsterdam,Amsterdam,4/29/2017, United Kingdom ,Leisure,"[' Leisure trip ', ' Couple ', ' Standard Double or Twin Room ', ' Stayed 4 nights ', ' Submitted from a mobile device ']", It was hard to get a good nights sleep because of the location I have stopped in a hotel on Rembrandt square twice before and have never had problems with sleeping but here I was woken up on the hour every hour by people outside and the trams The bed wasn t that comfy and there seemed to be a dip in the middle so I found myself rolling into the middle of the bed a lot Housekeeping were reluctant to fill up the toilet paper and we ran out of toilet paper twice There was only 1 soft pillow each on the bed I found another pillow in the wardrobe then the next day this had been removed from my bed by housekeeping On kings night our room was left open on the lock possibly by housekeeping as there was a housekeeping cart outside but no housekeeping members in site this was at 10 30pm at night so very odd We have no idea how long our room had been left open as reception told us they finished at 6pm so was a very weird situation Reception seemed shocked by this but didn t do much and just said they would pass our comments on to the housekeeping manager , The location was very good although our room was on the busy street with trams so getting a good nights sleep was impossible The bathroom was clean and the shower bath was a large size The staff were very friendly efficient and welcoming ,5.8,1
Doubletree By Hilton London Greenwich,London,9/26/2016, United Kingdom ,Leisure,"[' Leisure trip ', ' Group ', ' 2 rooms ', ' Stayed 2 nights ', ' Submitted from a mobile device ']", Staff seemed new and not properly trained no one seemed to be in charge problems with maid service room not cleaned properly on entry then not at all next day no maintenance staff available Saturday night to fix a leaking toilet bar staff unable to serve basic drinks could not make a long vodka as it was not on the menu and she didn t know what it was,No Positive,5.8,1
The Grosvenor,London,7/27/2016, Canada ,Leisure,"[' Leisure trip ', ' Couple ', ' Standard Twin Room ', ' Stayed 2 nights ']", poor elevator service, Staff are pleasant,5.4,1
Oceania Paris Porte De Versailles,Paris,7/19/2016, Portugal ,Unknown,"[' Group ', ' Deluxe Double Room ', ' Stayed 2 nights ', ' Submitted from a mobile device ']", When you dont Talk french the people in hotel doesn t even try to help you or understand you ,No Positive,5.8,1
DoubleTree by Hilton London Docklands Riverside,London,1/9/2017, United Kingdom ,Leisure,"[' Leisure trip ', ' Couple ', ' Deluxe Double Room ', ' Stayed 1 night ', ' Submitted from a mobile device ']", There was an alarm that went off wouldn t stop ringing , Complimentary free cookies at reception free ferry rides for the stay Lovely place ,6.7,1
Idea Hotel Milano San Siro,Milan,4/26/2017, Spain ,Unknown,"[' Couple ', ' Double Room ', ' Stayed 3 nights ']", If you look in Google Maps where is the hotel set you ll realize it is quite far from the city of Milan Therefore the way to get to the city is to walk for 5 minutes until the closest bus stop the line 76 to get to The South of the city in Bisceglie to go in the Metro line 1 to the center That takes around 50 minutes and it is the most practical way to get to the center from the hotel and viceversa Or this is what I thought until 2 days later an employee told us that there is a free bus to San Siro Stadium This makes the things a lot easier but ourproblem was that the first employee we met in the hotel a middle aged woman didn t even talk about anything else but the tourist tax night which is 5 person Personally I think that wasn t a misunderstanding but the lack of politeness and kindness of that employee in such a high rated and well known hotel just as they want to be known with their 2015 2016 Best Hotel Award on the desk I rated the location as poor because it s a fact but the rating of the staff decreases notably , Breakfast Buffet not a lot of things to chose among but still it is included ,6.3,1
Sall s Hotel Pere IV,Barcelona,3/31/2017, United States of America ,Business,"[' Business trip ', ' Solo traveler ', ' Double or Twin Room with Spa Access ', ' Stayed 6 nights ', ' Submitted from a mobile device ']", My Fitbit was stolen out of my room when I reported it the front desk and management staff they did absolutely nothing I was instructed to report it to the police myself even it was stolen on their property , New room was ok,3.3,1
Commodore Hotel,London,1/2/2016, Germany ,Leisure,"[' Leisure trip ', ' Solo traveler ', ' Single Room ', ' Stayed 3 nights ']", as a single traveller you always end up on the top floor in the smallest room bathroom and room were tiny , Excellent location good value for money it is central London and for that reasonably priced ,6.7,1
K K Hotel George,London,4/7/2016, United Kingdom ,Leisure,"[' Leisure trip ', ' Family with older children ', ' Classic Twin Room ', ' Stayed 1 night ', ' Submitted from a mobile device ']", No water to drink in spa area Room on small side compared to advertised twin room Kettle plug dangling not obvious where to plug in , Excellent breakfast Could open window in bedroom was quiet outside for London Lovely to have a garden Great mini spa after hectic city ,5.8,1
Occidental Atenea Mar Adults Only,Barcelona,6/2/2017, Lithuania ,Leisure,"[' Leisure trip ', ' Group ', ' Superior Double or Twin Room ', ' Stayed 7 nights ', ' Submitted from a mobile device ']", During check in nobody offered to take our luggage to the room despite the fact that the luggage guy was there or welcome drink The rooms are not so modern If you are booking a standart room 90 that you won t get a seaview instead you will have corner room with small window Also they have central air vent system that cannot be controlled by yourself You cannot set the temperature in the room because the room thermostat is centrally locked We were in the beginning of may and it was kind of chilly at night but due to the fact that airconditioning were giving non adjustable hot air and the only window you can open on half is 20 cm in width it was stuffy I asked the stuff three times first time they did totally nothing second time they send a repair guy which did not come at the third time they recommended me to open the window The pool is tiny maybe 60 cm in depth and non heatable at all Also I think that there is not enough place on roof terrace for sunbathing for such a big hotel during summer period The last day lunchbox was a total crap also I d better had a happy meal instead , The location is nice It is on the front sea line but actually you have still to come over a few roads and a few sidewalks to get to a beach approx 250m You can get a 500m walk to a bus station and get to the city center in 10 minutes The restaraunt and breakfast itself is nice Also you have a Nespresso machine in the room with free capsules every day Room cleaning works well ,6.7,1
Norfolk Towers Paddington,London,3/22/2017, Italy ,Leisure,"[' Leisure trip ', ' Family with young children ', ' Suite ', ' Stayed 2 nights ']", breakfast included but they offer you just the continental breakfast very poor and they prepare in another table the English breakfast eggs bacon salad etc but you have to pay for that no sense all peopole just had the continental one with disappointment elevetor they didn t repair the elevetor so you have to do 3 floors of stairs with your luggage they don t offer you help be careful at the rooms Under the level of the street they are very noise I don t suggest more for the service than for the structure that could be good, good position close to hidepark close to paddington metro stop,4.2,1
The Rembrandt,London,12/29/2015, Lebanon ,Leisure,"[' Leisure trip ', ' Solo traveler ', ' Executive Double Room ', ' Stayed 2 nights ', ' Submitted from a mobile device ']", The rooms need a serious renovation the furniture is old and the tv and channel selection are poor, The location is excellent the breakfast is great and the atmosphere is very friendly,6.3,1
De Vere Devonport House,London,7/7/2016, United Kingdom ,Business,"[' Business trip ', ' Solo traveler ', ' Double Room ', ' Stayed 1 night ']", Old and tired d cor Furniture scuffed and marked Bathroom facilities merely adequate , Good location Comfortable room Pleasant staff ,5.8,1
Meli Milano,Milan,4/19/2016, United Kingdom ,Business,"[' Business trip ', ' Solo traveler ', ' Standard Double Room ', ' Stayed 3 nights ']", The rooms where very small and the air conditioning wasent working , The Lobby is very well looked after ,4.2,1
Sunotel Central,Barcelona,11/11/2016, Netherlands ,Business,"[' Business trip ', ' Group ', ' Basic Double Room ', ' Stayed 3 nights ']", My room was at the 7th floor which is nearly under the swimming pool therefore it was noisy , Breakfast and location,6.7,1
Hilton London Kensington Hotel,London,12/19/2016, Ireland ,Leisure,"[' Leisure trip ', ' Group ', ' Deluxe Double Room ', ' Stayed 1 night ', ' Submitted from a mobile device ']", Not good value for money Wifi is not free Booked an executive double room Definately not what I got furniture in need of repair and damp smell in bathroom Extremely small and basic rooms no extras tried to ring to fill mini bar no answer from reception , Staff and food were excellent ,5.4,1
Twenty Nevern Square Hotel,London,8/7/2016, United Arab Emirates ,Leisure,"[' Leisure trip ', ' Couple ', ' Small Double Room ', ' Stayed 1 night ']", The room was far to hot We came into the room with the window wide open and fan going and it was still 25 degrees in the room This was left on all evening until we returned at 11 30 and it was still far too hot It wasn t that hot outside it was almost as if the room was being heated Bought this to the attention of the staff in the morning who didn t seem that interested Tiny room Our bags took up entire floor space , location,6.7,1
Hotel Alimara,Barcelona,8/11/2016, Italy ,Leisure,"[' Leisure trip ', ' Family with older children ', ' Double or Twin Room ', ' Stayed 7 nights ']", too much noise from nearby city highway also because windows not closing good bathroom a bit dated would need some renovation , close to Metro station and night bus station friendly and helpful staff,6.3,1
Durrants Hotel,London,9/26/2016, United Kingdom ,Leisure,"[' Leisure trip ', ' Couple ', ' Twin Room ', ' Stayed 2 nights ', ' Submitted from a mobile device ']", The team lacked focus on service I asked for an iron and ironing board would have expected these items to be in a room anyway I was told I couldn t have it overnight and would need to call in the morning embarrassing having to open your door wearing PJ s at 7am No tea or coffee making facilities in the room you could purchase tea and coffee if required There was a house being renovated next door constant banging and drilling we wanted to rest for an hour before heading out again that was impossible The room was very small there was a wet patch on the carpet from the radiator general maintenance was poor Would definitely not go back to this hotel it is no where near worth the money we paid I would have been hugely disappointed had I paid the going rate 750 pound for two nights it wasn t worth the 355 we paid Stayed in a holiday inn express for our third night it was by far the most superior of the two at 60 pound for the night Obviously Durrant hotel have an abundance of regular unsuspecting travellers therefore not expecting this feedback to be worth much to them hope it s worth it to the unsuspecting travellers of the future , Location was very good for shopping ,4.2,1
Best Western Atlantic Hotel,Milan,9/9/2015, Thailand ,Leisure,"[' Leisure trip ', ' Family with young children ', ' 2 rooms ', ' Stayed 1 night ', ' Submitted from a mobile device ']", Everything except location, Location,4.2,1
H tel Etoile Saint Honor by Happyculture,Paris,7/27/2017, Canada ,Leisure,"[' Leisure trip ', ' Family with young children ', ' 2 rooms ', ' Stayed 2 nights ', ' Submitted from a mobile device ']", Our 3 rooms were in the older section that needs renovations , Happy Hour was great and the ability to access other Hapoy Cultures was a bonus ,5.4,1
Mercure Paris Terminus Nord,Paris,1/3/2016, Luxembourg ,Unknown,"[' Couple ', ' Standard Room with 1 Double Bed ', ' Stayed 3 nights ']", Unusual very small size bed for a 4 starhotel standard room We did not sleep well fortunatelly we did not have long time to stay sleeping , Best place to be if you like to eat at Terminus Nord Brasserie A top of welcoming ,6.3,1
Hilton London Metropole,London,7/17/2016, Nigeria ,Leisure,"[' Leisure trip ', ' Couple ', ' Twin Hilton Guest Room ', ' Stayed 6 nights ', ' Submitted from a mobile device ']", Some facilities in the room was not functioning even after my complain nothing was done to rectify it eg refrigerator light, The location environment the food is excellent,6.7,1
citizenM London Shoreditch,London,11/14/2016, United Kingdom ,Leisure,"[' Leisure trip ', ' Solo traveler ', ' Double Room ', ' Stayed 1 night ']", Nightclub across the road booming out music until 5am Sleep was impossible , Rom was very well decorated comfortable bar area and location fairly handy for Liverpool St ,5.8,1
Britannia International Hotel Canary Wharf,London,5/3/2016, United Kingdom ,Leisure,"[' Leisure trip ', ' Couple ', ' Standard Double Room without Window ', ' Stayed 1 night ', ' Submitted from a mobile device ']", Asked to pay 30 for a hour early check in while the room was available Reception staff gm failed to explain why the charges will be applied Ended up seating in the car for a hour to check in,No Positive,6.7,1
Novotel Wien City,Vienna,11/3/2016, Philippines ,Leisure,"[' Leisure trip ', ' Family with young children ', ' Standard Double Room ', ' Stayed 3 nights ']", This hotel has a poor security a lady lost her purse while having breakfast at the buffet of the hotel restaurant I witness a street vendor being tolerated to peddle his goods roses etc to some guests at the hotel lobby We lost 5K plus euros in the safe of our room 514 No CCTV in the hallway of the hotel The management was not very cooperative to us Very disappointed ,No Positive,5.0,1
Hilton London Angel Islington,London,10/6/2015, United Kingdom ,Leisure,"[' Leisure trip ', ' Group ', ' King Executive Suite with Lounge Access ', ' Stayed 2 nights ', ' Submitted from a mobile device ']", Having spent initially 778 on a king suite we were so dissapointed with the beds they were so uncomfortable our twi nights sleep were broken and not a good experience especially when u book a king suite although the staff gave us a discount I really don t feel like I ll be returning to a hilton again Which is a shame as I have been a fan of ur brand for many years We definately didn t get value for money or feel like we have enjoyed the hilton brand that u are famed for,No Positive,5.4,1
Hampshire Hotel Rembrandt Square Amsterdam,Amsterdam,6/16/2016, United Kingdom ,Leisure,"[' Leisure trip ', ' Solo traveler ', ' Standard Double or Twin Room ', ' Stayed 2 nights ']", An extra pillow not available Long wait to sign in and no smile or apology or even acknowledgment from the young woman on the desk ,No Positive,6.3,1
The Waldorf Hilton,London,6/7/2016, United Kingdom ,Leisure,"[' Leisure trip ', ' Family with older children ', ' Queen Hilton Guest Room ', ' Stayed 1 night ', ' Submitted from a mobile device ']", First impressions were disappointing with dirty Windows door untidy lobby and didn t smell that great Bedroom hadn t been cleaned properly ran a bath that we couldn t use TV was old and kept switching off automatically Bed was hard overall very disappointing for 191 , Breakfast,5.0,1
Commodore Hotel,London,9/6/2015, Singapore ,Business,"[' Business trip ', ' Solo traveler ', ' Single Room ', ' Stayed 2 nights ', ' Submitted from a mobile device ']", The room had a terrible strong smell of detergent paint and they had no other room to offer so they transferred me to their affiliated hotel So Hyde Park That hotel had the worst service I have experienced in any hotel or even youth hostel and the state of the facilities made it obvious the owners do not focus on providing a good customer experience , Location,3.8,1
Best Western Hotel Montmartre Sacr Coeur,Paris,2/26/2017, United Kingdom ,Business,"[' Business trip ', ' Couple ', ' Double Room ', ' Stayed 2 nights ', ' Submitted from a mobile device ']", Typical soulless central Paris hotel, Location ,4.6,1
Bcn Urban Hotels Gran Rosellon,Barcelona,4/25/2017, Spain ,Business,"[' Business trip ', ' Solo traveler ', ' Double or Twin Room ', ' Stayed 4 nights ']", I forgot my tooth brash in the hotel they throw it to the garbage I contacted them they promised to manage it but never call me back ,No Positive,4.6,1
Park Grand London Lancaster Gate,London,2/13/2016, United Kingdom ,Business,"[' Business trip ', ' Solo traveler ', ' Deluxe Double Room ', ' Stayed 1 night ']", No amount of staff smiling can make up for poor accommodation Tiny bathroom noisy machinery outside window and an excessive use of flowery air freshener wasn t great for those of us with asthma , Great staff and clever little touches ,5.8,1
Holiday Inn London Stratford City,London,4/22/2017, United Kingdom ,Leisure,"[' Leisure trip ', ' Family with young children ', ' Standard Double or Twin Room ', ' Stayed 1 night ', ' Submitted from a mobile device ']", They lied outright and by doing so made us all sign up to the IHG rubbish They told us that this will give us cheaper rates and late check outs as well as priority bookings but no such thing I ve had this IHG for a few months and it has been the biggest nightmare and a front for the staff at both Holiday Inn and Staybridge Suites to embarrass us as if we didn t graduate from university and wouldn t understand their poor unfounded claims for why we aren t entitled to the very elements we were promised by becoming a member The price via IHG is always extortionate compared to booking com and this will only give you some points of which you need 10 more extortionate stays before you may qualify for a free night Via booking com you would have managed to save enough money to have got 3 4 extra nights for free after paying for 10 via money saved , Having stayed here many times it seems no more ,2.5,1
Exe Vienna,Vienna,9/16/2015, United Kingdom ,Leisure,"[' Leisure trip ', ' Group ', ' Double Room ', ' Stayed 2 nights ']",No Negative, Location clean hotel good facilities ,2.5,1
Hilton London Metropole,London,12/21/2015, Kuwait ,Leisure,"[' Leisure trip ', ' Family with older children ', ' Twin Hilton Guest Room ', ' Stayed 5 nights ', ' Submitted from a mobile device ']", Room small and furnture old,No Positive,3.8,1
Britannia International Hotel Canary Wharf,London,2/1/2016, United Kingdom ,Business,"[' Business trip ', ' Solo traveler ', ' Executive Double Room ', ' Stayed 3 nights ']", Bad breakfast Bad rooms I took their most expensive room Carpet stains WHAT THE , Not much ,2.9,1
Hotel Cavendish,London,9/8/2016, United Kingdom ,Leisure,"[' Leisure trip ', ' Couple ', ' Double Room ', ' Stayed 3 nights ', ' Submitted from a mobile device ']", To be honest I didn t like it as soon as I walked in I wanted to turn around and walk out Not very clean dated uncomfortable bed Garden scruffy overgrown Would not stay there again , Breakfast good,4.2,1
Best Western Mornington Hotel Hyde Park,London,7/2/2017, Nigeria ,Leisure,"[' Leisure trip ', ' Solo traveler ', ' Single Room ', ' Stayed 2 nights ', ' Submitted from a mobile device ']",No Negative, No one was there to help with my luggage I had to drag them up myself,5.4,1
Hilton London Metropole,London,12/1/2015, Saudi Arabia ,Business,"[' Business trip ', ' Solo traveler ', ' King Suite with Lounge Access ', ' Stayed 4 nights ', ' Submitted from a mobile device ']", Very old furniture poor breakfast, nothing,3.3,1
Hotel Liberty,Milan,12/5/2016, United Kingdom ,Leisure,"[' Leisure trip ', ' Couple ', ' Double Room ', ' Stayed 1 night ', ' Submitted from a mobile device ']", Staff not welcoming at all Bad smell of cigarettes in the reception area and into the room too From outside looked it was close down and the room was very bad cleaned with hair left into the shower I can t believe it still open ,No Positive,2.9,1
Shaftesbury Premier London Paddington,London,6/1/2017, United Kingdom ,Leisure,"[' Leisure trip ', ' Solo traveler ', ' Deluxe Double Room ', ' Stayed 1 night ']", THE ROOM IS INCREDIBLY SMALL THE DISTANCE BETWEEN THE FOOT OF THE BED AND THE WALL IS APPROXIMATELY 12 INCHES AND IF YOU WANT TO REACH THE WINDOW OR USE THE TELEPHONE WITHOUT SCRAMBLING OVER THE BED YOU HAVE TO SQUEEZE THROUGH THIS NARROW PASSAGE I HAD ONLY A HOLDALL AND WAS ABLE TO DEPOSIT THIS IN THE AFOREMENTIONED NARROW SPACE THIS WOULD NOT BE POSSIBLE WITH A LARGE SUITCASE AND I AM AT A LOSS AS TO WHERE ONE COULD DEPOSIT A LARGE SUITCASE LET ALONE MORE THAN ONE LARGE SUIITCASE EXCEPT IN FRONT OF THE DOOR WHICH WOULD MAKE IT VERY DIFFICULT TO OPEN THE DOOR FROM OUTSIDE At 156 I consider that the room was EXTREMELY overpriced , The only things I can say in its favour is that it is reasonably near Paddington station and it was quiet,3.8,1
M venpick Hotel Amsterdam City Centre,Amsterdam,1/10/2017, Netherlands ,Business,"[' Business trip ', ' Solo traveler ', ' Classic Double Room ', ' Stayed 1 night ']", shower tab was broken warm and cold during shower , room was comfy,6.3,1
Hotel de France Wien,Vienna,11/7/2016, Turkey ,Leisure,"[' Leisure trip ', ' Couple ', ' Special Offer Superior Double Room ', ' Stayed 2 nights ', ' Submitted from a mobile device ']", Television, Everything was perfect ,2.5,1
Rosa Grand Milano Starhotels Collezione,Milan,7/17/2016, Brazil ,Leisure,"[' Leisure trip ', ' Family with young children ', ' Family Room 2 Adults 2 Children ', ' Stayed 2 nights ', ' Submitted from a mobile device ']", I am trying to recover my money I ve forgotten on my safe lock at Starhotels Rosa Grand but the manager refuses to return my calls , Localizacao,5.0,1
Hilton London Euston,London,9/22/2016, United Kingdom ,Leisure,"[' Leisure trip ', ' Couple ', ' Double Guest Room ', ' Stayed 1 night ', ' Submitted from a mobile device ']", Placed on third floor with no lift No apologies or forewarning and was very difficult for my husband who still recovering from major surgery , Room newly refurbished though small Breakfast staff very friendly and food good ,5.0,1
Mercure Paris Gare De Lyon TGV,Paris,1/29/2017, France ,Leisure,"[' Leisure trip ', ' Solo traveler ', ' Standard Double Room ', ' Stayed 1 night ']", Not being able to sleep that s what I don t like It s 1 AM as I m writing this I thought it the room would cool down since I returned at 21 30 and have had the window open There is no way of controlling the temperature in the room The AC is off as its winter and outside the air temp is about 7 degrees C In the room its positively tropical still I can put up with noise coming from the street it a fusion of general road traffic people and train station related noise Cars passing close by and the odd truck backing up People wandering past shouting and general Saturday night drunks shouting If I could stop the hot air blowing into the room I could close the window and stop the noise I can t Though even with the window open its still too hot anyway I ve spent years in the tropics so I m used to the heat I ve just had a cold shower and that s helped The last time I did this was in a hut on an island in the Philippines I just rang the 24 24 service quality the phone in my room directed me to The nice man told me that I was winter and cold outside so of course there s no AC I told him that it wasn t AC i needed really just no forced hot air that I can t stop I asked him if there was anything he could do as I was going to write a review and hopefully inform people who might want to avoid being transported to the tropics He said no nothing I m seriously considering leaving the room and sleeping in the train station next door with the homeless people I probably won t because I ve paid for breakfast and may have trouble getting that money back I m sure when temperatures are locally controllable and the windows can be shut this will e okay but so far I can only say okay as without wanting to sound like moaner there are other issues that may bother other people , Location to the train station you ll be practically sleeping on the platform ,3.8,1
Apollo Hotel Amsterdam,Amsterdam,4/18/2017, Finland ,Leisure,"[' Leisure trip ', ' Couple ', ' Standard Room ', ' Stayed 3 nights ', ' Submitted from a mobile device ']", The Hotel was under renovation and we didn t know that It was an unpleasant surprise The breakfast was too expensive ,No Positive,6.3,1
Best Western Hotel Pension Arenberg Wien Zentrum,Vienna,11/5/2016, United Kingdom ,Business,"[' Business trip ', ' Solo traveler ', ' Superior Double Room ', ' Stayed 2 nights ']", Both mornings the scrambled egg serving dish was empty and no sign of it being topped up so you need to get there early Breakfast was very average,No Positive,5.0,1
Catalonia Ramblas 4 Sup,Barcelona,4/14/2017, United Kingdom ,Leisure,"[' Leisure trip ', ' Family with young children ', ' Family Room 4 guest ', ' Stayed 3 nights ', ' Submitted from a mobile device ']", Almost everything else the service was very poor and this ruined my holiday My rubbish from the bins in my room and bathroom were not cleared for 4 days my children s bed was never made room service would just roll the sofa bed up with an unmade bed with previous days crumbs and dirty sheets I called room service and no response in the end I had to go to the reception The management of this hotel is of a low standard they didn t even seem concerned that I didn t enjoy my stay and that I had a bad stay , The pool facilities,2.5,1
Falkensteiner Hotel Wien Margareten,Vienna,9/6/2015, Serbia ,Leisure,"[' Leisure trip ', ' Couple ', ' Comfort Double Room ', ' Stayed 2 nights ']", One elevator for 400 beds is too low and it s annoying to wait for elevator for 5 minutes It s rude to every traveler to push them waiting for dam elevator Cleaning ladies didn t clean the room because from 9 12am we put sign for not disturbance Due to that fact no cleaning lady came to our room after 12am without any explanation We had dirty towels and bed sheets for 3 days ,No Positive,5.4,1
Buddha Bar Hotel Paris,Paris,9/6/2015, United Kingdom ,Leisure,"[' Leisure trip ', ' Family with young children ', ' Superior Room ', ' Stayed 1 night ']", The first time i my life i arrived to the hotel and was told that the hotel did not have room i booked i could not believe it No warnings email of phone call simply we are full we have no room for you the room i booked and paid for , Nothing,2.5,1
Barcelona Princess,Barcelona,7/17/2017, United Kingdom ,Leisure,"[' Leisure trip ', ' Family with young children ', ' Double or Twin Room with Sea View ', ' Stayed 5 nights ', ' Submitted from a mobile device ']", Very dark rooms No kettle facility for boiling water to make baby s milk Very annoying having to order this from room service who repeatedly wanted money for this service , Location is great and free mini bar was a nice touch,3.8,1
Hilton London Kensington Hotel,London,8/20/2015, Ireland ,Unknown,"[' Group ', ' Twin Hilton Guest Room ', ' Stayed 2 nights ', ' Submitted from a mobile device ']", The prices of the drinks in the bar are exorbitant Not surprised guests buy drinks in supermarket to have in their rooms , Location was excellent,6.7,1
Radisson Blu Hotel Milan,Milan,8/29/2016, Netherlands ,Unknown,"[' Family with older children ', ' Deluxe Double or Twin Room ', ' Stayed 3 nights ', ' Submitted from a mobile device ']", We had to rooms we were 4 with 8 month child we reached at the hotel i was tierd When checked we was suppose to wait 28 minute At the recpetion while am standing next her she was suppose to call 4 times to her college at last it gets to much and i ask her why is it like this she gave me rude answer cause it is two room 2nd the next day in the moring i called at recption to ask iron he said i will get it in minute but no i called again after 45 minute girl picked up and said she will check from her collge and i will have it right away i was ok but i feelt right a way it wont and yes i was suppose to call her again she didnt even said sorry she told me i will have it i was suppose to wait total 1hour and 42 minut 3rd thing is i want to say be proffessional smile smile smile found only the breakfast team good at it Last thing when we check out there was only one person at desk and there was alot of ppl need to ask and also need to check out come on again need more work at recption , The room was quite biger ,4.6,1
Boutique Hotel Notting Hill,Amsterdam,1/2/2017, United Kingdom ,Leisure,"[' Leisure trip ', ' Couple ', ' Deluxe Double Room ', ' Stayed 2 nights ', ' Submitted from a mobile device ']", I paid for the hotle as soon as i had got there Then he said that we needed to put a 100 euro deposit down what wasn t the best but i thought ok Then after that he comes over and said by the way i deposited 100 euro before you came ive just realised it i mean what was the point in that essentially i paid for the hotel that wasn t ceap then another 200 euro pending out of my account Wasnt told that this would happen by booking com needs to be communicated better between consumers booking com and the hotel not good enough Had rubbish information that the fireworks for new year started at 11pm The hotel looks clean but dont drop anything down the back of you bed table and pull it out you will find that its never been cleaned, The bed was comfortable air conditioning and heating was good lobby was nice,4.6,1
Starhotels Business Palace,Milan,3/12/2017, Germany ,Leisure,"[' Leisure trip ', ' Family with young children ', ' Suite ', ' Stayed 1 night ', ' Submitted from a mobile device ']", Price value not present Hotel premises are clearly outdated and worn out while price for one night suggests the opposite Location is in a poorly maintained neighborhood litter everywhere Super narrow parking entrance be careful with cars bigger than VW Golf , Nothing to like really ,3.8,1
Innkeeper s Lodge London Greenwich,London,6/6/2017, United Kingdom ,Leisure,"[' Leisure trip ', ' Couple ', ' Standard Double Room ', ' Stayed 1 night ', ' Submitted from a mobile device ']", Clearly advertises there is parking when you book this hotel This was the only reason I booked this place only to have travelled 2 and half miles to be told we would have to park on the street and pay for it Towel rail in the room is scolding hot Also says breakfast included If you re expecting a hot meal before you leave you will be disappointed as all there were was unwashed fruit cereal and crossaints , Had dinner on the evening there which was a good portion ,5.4,1
Lancaster London,London,11/10/2015, United Kingdom ,Leisure,"[' Leisure trip ', ' Couple ', ' Superior Double Room ', ' Stayed 1 night ']", The curtains were pulled off the runners There was no hot water when we came to get ready to go out on Saturday night and the shower was loose on the wall this was a superior room The grill room and the Park breakfast room were all very cold too much use of the air conditioning One lady sat having her meal with a coat round her shoulders that should have given the staff a clue I did ask for it to be turned off they said they would but it never happened We think it is on for the staff why when you are sat having a meal do management staff think you want to be freezing cold you wouldn t have it like that in your own dining rooms at home , Our room was quiet,6.3,1
The Marble Arch London,London,2/28/2016, United Kingdom ,Business,"[' Business trip ', ' Solo traveler ', ' Deluxe Single Room ', ' Stayed 1 night ', ' Submitted from a mobile device ']", It is too compact you can t even move freely in the room , The only advantage of this hotel is it location ,5.8,1
Hotel Stefanie,Vienna,5/5/2016, United Kingdom ,Leisure,"[' Leisure trip ', ' Solo traveler ', ' Single Room ', ' Stayed 2 nights ', ' Submitted from a mobile device ']", The wifi in my room was terrible It worked the first evening but not at all after that No one seemed to know why and tried to blame my device , The breakfast was excellent The room was very clean ,6.3,1
D clic Hotel,Paris,6/18/2017, United Kingdom ,Leisure,"[' Leisure trip ', ' Couple ', ' Standard Double Room ', ' Stayed 1 night ']", This hotel is almost brilliant but left disappointed Sent message with booking stating arrival time Hot day and got lost arrived 2 hours late was told room was ready Went up to room and it had not been cleaned from last guests After 30 mins was told we had been upgraded Room was tiny but amazing on first impression lights on ceiling and floor space age loo funky paint and lights However 1 Mirror lights remote control one bedside light hairdryer all broken 2 Minibar prices were truly ridiculous 8 for a little pot of nuts 5 for a coke 3 Loo door creaked so loud I had to leave open to avoid waking partner and 4 I would have lived with the rest with only minor irritation but THEY DISABLED THE AIRCON AT NIGHT It was 30 degrees in our room at 1am when I awoke in a sweat The little book in the room had English and French pages for everything but the Aircon page where the French page was duplicated Such a shame could be a great place Declic if you read this get a delivery to room deal with a local food drink place and step up your maintenance , Staff were very friendly upgrade coffee after hotel error really great design inside hotel Location midway between grotty area and arty area Felt safe long way out of centre but near metros Room design was brilliant ,5.8,1
Hotel Prinz Eugen,Vienna,10/12/2016, India ,Leisure,"[' Leisure trip ', ' Couple ', ' Comfort Double Room ', ' Stayed 1 night ']", Cold unfriendly staff Did not agree for late check out even with prior request in booking com, Comfortable Room Good breakfast,5.8,1
NH Collection Amsterdam Doelen,Amsterdam,9/18/2016, Spain ,Business,"[' Business trip ', ' Solo traveler ', ' Superior Double or Twin Room ', ' Stayed 4 nights ']", noisy impossible to sleep , room 105 is the only room that qualifies in the whole hotel ,5.8,1
Goodenough Club,London,3/22/2017, United Kingdom ,Leisure,"[' Leisure trip ', ' Solo traveler ', ' Double or Twin Room ', ' Stayed 1 night ']", The room and surrounding rooms were i slept was no more than outbuildings in a back court yard as there was glass around the two walls i felt unsafe as it on a ground floor it felt stuffy and to say i payed 161 pounds i truly think it was not worth the money Very disappointed That day there was no hot water when asked an explanation was given but not mentioned with an apology before hand Almost as if one had not noticed the shower was cold , On a positive to be true the location was the best part and it was a quite street ,4.6,1
Hyatt Regency Paris Etoile,Paris,8/24/2016, Kuwait ,Leisure,"[' Leisure trip ', ' Family with young children ', ' Regency Suite ', ' Stayed 5 nights ', ' Submitted from a mobile device ']", The whole hotel, Nothing,2.9,1
Park Plaza London Riverbank,London,11/15/2015, United Kingdom ,Leisure,"[' Leisure trip ', ' Group ', ' Superior Double Room ', ' Stayed 1 night ', ' Submitted from a mobile device ']", Breakfast was too expensive , Clean and tidy,6.3,1
DoubleTree by Hilton London Docklands Riverside,London,7/12/2016, United Kingdom ,Leisure,"[' Leisure trip ', ' Couple ', ' Queen Guest Room ', ' Stayed 2 nights ', ' Submitted from a mobile device ']", I didnt like the fact they have messed up with the money and have ended up taking more money out than needed,No Positive,6.7,1
Crowne Plaza London Kings Cross,London,2/20/2017, United Kingdom ,Leisure,"[' Leisure trip ', ' Couple ', ' Double Room with Sofa Bed Non Smoking ', ' Stayed 1 night ', ' Submitted from a mobile device ']", The walls had holes carpets look worn out and paint on walls wasn t finished Needs refurbishment , The food the room looked nice and big with a good view and the bed was comfy ,6.3,1
Park Plaza County Hall London,London,10/17/2015, United Kingdom ,Business,"[' Business trip ', ' Solo traveler ', ' Executive Studio City View Family ', ' Stayed 4 nights ', ' Submitted from a mobile device ']", Aggressiveness of European staff, Food The suite ,6.7,1
Axel Hotel Barcelona Urban Spa Adults Only,Barcelona,7/8/2017, Sweden ,Leisure,"[' Leisure trip ', ' Solo traveler ', ' Double or Twin Room ', ' Stayed 1 night ', ' Submitted from a mobile device ']", I payed 170 and then breakfast was not included This hotel is absolutely not worth this high price It is nothing special , It s close to a lot of nice restaurants,2.5,1
Best Western The Boltons Hotel London Kensington,London,2/11/2017, Turkey ,Business,"[' Business trip ', ' Solo traveler ', ' Single Room ', ' Stayed 4 nights ']", Room was 6 ft wide at it s widest point and the width of a door at it s narrowest Suitcase could not fit past the chair to the bed which was shoved up next to the window Wind coming in from the closed window and up from the floor was extremely cold and uncomfortable Extra blankets not enough Bed much too soft No sleep for 4 nights therefore exhausting business trip very little accomplished The double rooms may have been better , Clean and good breakfast Great location Lovely staff ,6.3,1
Park Lane Mews Hotel,London,6/9/2017, United Kingdom ,Business,"[' Business trip ', ' Solo traveler ', ' 2 rooms ', ' Stayed 1 night ']", The d cor is well passed its sell by and the hotel urgently needs a substantial refurbishment , Staff are very friendly and helpful ,6.7,1
Hotel Marconi,Milan,9/4/2016, United States of America ,Leisure,"[' Leisure trip ', ' Couple ', ' Double Room ', ' Stayed 1 night ', ' Submitted from a mobile device ']", I liked Just not that much, Mostly location Clean and kind,5.8,1
Auteuil Tour Eiffel,Paris,11/9/2016, United Kingdom ,Leisure,"[' Leisure trip ', ' Couple ', ' Standard Room ', ' Stayed 3 nights ', ' Submitted from a mobile device ']", Location, Hotel accommodation was good location was a reasonable walk from all of the major events and attractions aside from the Eiffel Tower ,6.7,1
Park Grand London Hyde Park,London,6/21/2017, United Kingdom ,Leisure,"[' Leisure trip ', ' Couple ', ' Deluxe Double Room ', ' Stayed 1 night ', ' Submitted from a mobile device ']", Size of room Value for money , Early check in,5.0,1
Hotel Cavendish,London,5/4/2016, United Kingdom ,Unknown,"[' Solo traveler ', ' Single Room ', ' Stayed 1 night ']", broken shower broken TV asked for toothpaste and was given a brusque no the bed touched 3 of the walls, location breakfast is ok,5.4,1
Park Plaza County Hall London,London,6/3/2016, United Kingdom ,Leisure,"[' Leisure trip ', ' Family with young children ', ' Studio Double Family ', ' Stayed 2 nights ']", duvet had holes in it and it was all stained curtains were dirty cleaner didn t speak English so got confused when I asked her to clean the room the extra bed was very uncomfortable ,No Positive,4.6,1
Sunotel Club Central,Barcelona,3/20/2016, United Kingdom ,Leisure,"[' Leisure trip ', ' Couple ', ' Basic Double Room ', ' Stayed 4 nights ']", staff no really helpful I seems that when doing the room the cleaner drop one of my t shirts into the laundry bin Slow response from the staff still waiting for some feedback after a week despite many promises to call me back Area relax wasn t open yet but it was not mentioned anywhere when booking The walls are really thin you could hear people people snoring from the room next to us not really pleasant, only location,3.3,1
St James Court A Taj Hotel London,London,7/14/2016, United States of America ,Leisure,"[' Leisure trip ', ' Couple ', ' Classic Double Room ', ' Stayed 5 nights ', ' Submitted from a mobile device ']", Bed was hard and uncomfortable Room was small and cramped Shower curtain unable to seal so it leaked everywhere Room faced courtyard that was loud till very late , Location was great ,5.8,1
Etoile Saint Ferdinand,Paris,9/24/2015, Egypt ,Leisure,"[' Leisure trip ', ' Family with young children ', ' 2 rooms ', ' Stayed 3 nights ', ' Submitted from a mobile device ']", All facilities do not work well waiting time at elecator is big very small rooms, The hotel is clean and subway station is 3 min walking A lot of cafes and carrefour express is around Free nespresso at lobby is a good hospitality,5.8,1
NH Collection Wien Zentrum,Vienna,11/13/2015, Belgium ,Business,"[' Business trip ', ' Solo traveler ', ' Standard Double or Twin Room ', ' Stayed 1 night ']", Sauna was not working Just one fitness equipment ridicules Breakfast 25 euro Shame for what it is , Location is for me perfect Rooms are clean very nice ,5.8,1
Hotel Spa Villa Olimpica Suites,Barcelona,7/20/2016, Belgium ,Leisure,"[' Leisure trip ', ' Couple ', ' Double Room ', ' Stayed 4 nights ']", Poor service for such price We checked out early and left our bags in luggage room Before going to airport asked for a shower and while shower is free you have to pay even for towels , Nice clean rooms and quite good breakfast ,5.8,1
Warwick Paris Former Warwick Champs Elysees ,Paris,10/8/2015, Saudi Arabia ,Leisure,"[' Leisure trip ', ' Family with young children ', ' Deluxe King Room with Terrace ', ' Stayed 4 nights ', ' Submitted from a mobile device ']", Everything Specially the reception staff was very rude and not respectable , Nothing but the hotel location,3.8,1
Savoy Hotel Amsterdam,Amsterdam,1/2/2016, United Kingdom ,Leisure,"[' Leisure trip ', ' Couple ', ' Twin Room ', ' Stayed 2 nights ']", no kettle as a 4 star hotel I even couldn t have a cup of hot tea in my room although I brought my own tea with me no slippers due to the poor design of bath after shower there are a lot water on the floor so I have put my feet on wet floor since there is no slippers tiny room the smallest twin room I ever seen wife is poor, bathroom is clean,4.2,1
Club Quarters Hotel Lincoln s Inn Fields,London,3/13/2017, Belgium ,Business,"[' Business trip ', ' Solo traveler ', ' Standard Queen Room ', ' Stayed 2 nights ']", the accoustic was not good the pillows were not comfy the desk to work on, location staff close to metro,6.3,1
Catalonia Atenas,Barcelona,9/17/2016, Kuwait ,Leisure,"[' Leisure trip ', ' Family with young children ', ' Triple Room ', ' Stayed 3 nights ', ' Submitted from a mobile device ']", AC was not working and we re forced to open the windows and sleep on the first day, It was a cheating Whatever shown as 3 person family room was not provided even with insistence Instead a cramped room of two was made as three Never we will book in Catolina group and through Booking com hence forth,3.8,1
NH Amsterdam Schiller,Amsterdam,8/2/2016, United Kingdom ,Business,"[' Business trip ', ' Solo traveler ', ' Standard Single Room ', ' Stayed 1 night ', ' Submitted from a mobile device ']", Small rooms, N a,5.0,1
The RE London Shoreditch,London,2/1/2016, United Kingdom ,Leisure,"[' Leisure trip ', ' Couple ', ' Executive Double Room ', ' Stayed 1 night ', ' Submitted from a mobile device ']", Staff are rude and unhelpful can not speak good English only interested in taking your money never smile sky TV is allways broken had no wifi internet maintenance man did not have a clue what he was meant to be doing when he came to our room to fix tv could not understand anything we said and left without doing anything no dressing gowns or slippers that are meant to be supplied free with excutive double room phoned down to reception waited an hour for a member of staff to bring dressing gowns and slippers and then only came with one of each dressing gown was rough and off colour and old beds smelt musty and unwashed the wifi internet not working again which we were not told about when we booked the room The corridors are smelly and the carpets are stained there is plaster crumbled of the wall left on the carpet in corridor if I was on a business trip as an excutive I would not be impressed at all, Comfortable beds,4.2,1
Hotel Mozart,Milan,1/4/2017, Brazil ,Leisure,"[' Leisure trip ', ' Couple ', ' Superior Double Room ', ' Stayed 6 nights ', ' Submitted from a mobile device ']", The internet connection is absolutely horrible It smell of cigarette smoke even in the non smoking areas The reception stinks of cigarette smoke We stayed in a superior room and had no internet connection during our entire stay ,No Positive,5.4,1
Britannia International Hotel Canary Wharf,London,5/25/2017, Netherlands ,Business,"[' Business trip ', ' Solo traveler ', ' Standard Double Room without Window ', ' Stayed 2 nights ']", very old rooms and furniture unfriendly staff not helpful hard beds old beds No airco for 3 days , close to public transport,2.5,1
Radisson Blu Edwardian Berkshire,London,2/19/2016, United Kingdom ,Business,"[' Business trip ', ' Group ', ' Standard Double Twin Room ', ' Stayed 1 night ', ' Submitted from a mobile device ']", Placed on first floor where it was a smoking room zone which I didn t know existed these days Most unpleasant Room very small for a twin We had to take it in turns to walk to the wardrobe and walk to bathroom No space for two suitcases without breaking a leg Tried to say our rate didn t include breakfast despite reception night before saying it was The email confirmation worked though and the breakfast was very good Don t eat sweets at reception I did but a man coughed up something awful on his hand and reached for the sweets which made me feel rather ill Not hotels fault someone could be so disgusting but worth seeing if more hygienic system of sweet offer can be set up , Staff welcoming Bed comfortable Good breakfast ,6.3,1
New Linden Hotel,London,5/8/2016, Finland ,Leisure,"[' Leisure trip ', ' Couple ', ' Standard Double Room ', ' Stayed 3 nights ']", Room was very small standard double shower floor drain was not working Soundproofing was poor between the rooms , Location was good Gluten free bread at breakfast ,5.8,1
Forest Hill Paris la Villette,Paris,4/3/2016, United Kingdom ,Leisure,"[' Leisure trip ', ' Couple ', ' Double or Twin Room ', ' Stayed 2 nights ', ' Submitted from a mobile device ']", No tea or coffee facilities in the rooms ordered a double bed but got 2 singles pushed together and they moved around, Great selection at breakfast super location,6.3,1
Shepherd s Bush Boutique Hotel,London,5/24/2017, United Kingdom ,Business,"[' Business trip ', ' Solo traveler ', ' Twin Room ', ' Stayed 1 night ']", I was upgraded to large family room which was nice but the room above me was extremely noisy and you could hear every footstep and floor board The shower in the room above is right above the bed so you could hear every water drop and movement in the bathroom and it was unfortunate that I had noisy neighbours , The staff was very friendly Location good for where I needed and lots of restaurant choices Tucked away from the main road ,6.3,1
Best Western Antares Hotel Concorde,Milan,7/14/2017, United Kingdom ,Leisure,"[' Leisure trip ', ' Family with young children ', ' Quadruple Room ', ' Stayed 3 nights ', ' Submitted from a mobile device ']", The location was a bit too far out of the city although very convenient for the Metro , The room was a good size for the family The room was clean and tidy with good facilities Good proximity to the Metro and the supermarket ,6.7,1
Gainsborough Hotel,London,11/11/2015, United Kingdom ,Leisure,"[' Leisure trip ', ' Couple ', ' Standard Double Room ', ' Stayed 1 night ', ' Submitted from a mobile device ']", Very run down could do with a big refurb, One night only don t think I could have stayed 2 or 3 nights,6.5,1
Mercure Paris Tour Eiffel Pont Mirabeau,Paris,6/6/2016, United States of America ,Leisure,"[' Leisure trip ', ' Couple ', ' Standard Double Room ', ' Stayed 3 nights ', ' Submitted from a mobile device ']", I was very disappointed with their flexibility to change a reservation date in which I made an error by one day I booked for day of my flight forgetting I would arrive a day later The total number of days would have been the same They would only change if I paid an additional 150 unbelievable And the day manager seemed to think it was funny not at all sorry I would not stay at a Mercure Hotel again ,No Positive,6.7,1
Hotel Espa a Ramblas,Barcelona,6/11/2016, United Kingdom ,Leisure,"[' Leisure trip ', ' Couple ', ' Deluxe Double or Twin Room ', ' Stayed 7 nights ']", We asked several times if we should book for the restaurant and were told no just come down when you are ready However when we did a very snotty man from the restaurant told us they were fully booked and ushered us away with no other advice So we went elsewhere The swimming pool is actually no more than a pond on the roof and there are no views from the bar terrace The bar downstairs was never open either , Tucked down a side street off Las Ramblas it couldn t be more convenient a location It was noisy all the time but the blackout blinds and windows did the job of letting you have a lie in We got breakfast in our room which was delicious ,5.8,1
Mercure Paris Centre Tour Eiffel,Paris,2/22/2017, United Kingdom ,Leisure,"[' Leisure trip ', ' Couple ', ' Privilege Room with a double bed upper floors ', ' Stayed 3 nights ']",No Negative, toilet was separate from the shower room,6.3,1
DoubleTree By Hilton London Excel,London,9/22/2016, United Kingdom ,Unknown,"[' Couple ', ' Deluxe Queen Room with View ', ' Stayed 1 night ', ' Submitted from a mobile device ']", I had to pay again for some weird reason, The breakfast The comfort of the room,6.7,1
The RE London Shoreditch,London,5/3/2017, United Kingdom ,Leisure,"[' Leisure trip ', ' Couple ', ' Double Room ', ' Stayed 3 nights ']", Neighbourhood seems not to be that much safe To get into the hotel you need to pass through an area where the people from the hotel usually sit and drink it is not friendly especially during match days Always put the AC in 19 C in winter autumn, It is relatively near to Shoredicth and cool areas ,6.3,1
The RE London Shoreditch,London,5/24/2016, Greece ,Unknown,"[' Solo traveler ', ' Double Room ', ' Stayed 2 nights ']", The bath only had a shower on the ceiling without a cable to use The bar was exactly next to the reception thus the main reception smells beer and gives bad first impression The hotel charges 50 for guarantee and the amount is given back to you at the checkout First time I saw that but the receptionist said it s common The outfit and the look of the receptionist not very good Breakfast not included in the price Overall not very nice hotel for this price , The room was quite good and big with all the necessary things provided Coffee and biscuits provided TV charges for additional movies channels Cannot comment on breakfast as I didn t have ,5.4,1
Dorsett Shepherds Bush,London,9/23/2016, Bulgaria ,Leisure,"[' Leisure trip ', ' Family with young children ', ' Dorsett Double Room ', ' Stayed 4 nights ', ' Submitted from a mobile device ']", Not comfortable rooms unfriendly staff odd hotel guest , Bus stop in front of a hotel,5.8,1
The Sumner Hotel,London,7/21/2017, United States of America ,Business,"[' Business trip ', ' Solo traveler ', ' Deluxe Double Room ', ' Stayed 4 nights ']", the price that I was quoted online when I reserved the room was NOT the price that I was charged I was actually charged almost 100lbs more than I was supposed to be this is quite annoying and frankly it is NOT good value for what you obtain for that price I would have booked a more up scale hotel small additional annoying issue the pillows are massive but impossible to sleep on since they are foam and do NOT give so after the first night I had to make my own pillow from a towel and sweaters the tea at breakfast was so weak it was horrible and the coffee tasted horrible also my bathroom door jammed shut and I could not use it one morning and had to leave and asked the hotel staff to repair it good thing I was NOT locked inside , the staff were very nice and very polite ,6.7,1
Fletcher Hotel Amsterdam,Amsterdam,2/13/2017, United Kingdom ,Leisure,"[' Leisure trip ', ' Couple ', ' Deluxe Double Room ', ' Stayed 3 nights ']", I am now back from my trip from Amsterdam I think there should be a few more points made on the summary so that people have a real idea what they are booking Firstly from the airport to the hotel was 70 euro in a taxi It takes 25 30 mins by car to get to the centre and we were 30 40 euros each way you had said it was only 15 mins I also found the receptionist really unhelpful and rude They didn t make us feel welcome at all We called room service for 2 sprites they came with small glasses 20 mins after we called Also it was our boyfriends birthday so we were celebrating in the room with some processco so we called for a bucket of ice and 2 glasses After 30 mins of waiting for the ice and glasses to arrive they didn t So we had to call them again 15 mins again of waiting they finally came to our door not even an apology for taking 45 mins to bring a bucket of ice and 2 glasses Which is absolutely ridiculous for a 4 star hotel , Over all the hotel was absolutely beautiful ,6.3,1
The Park Grand London Paddington,London,12/31/2015, United Kingdom ,Leisure,"[' Leisure trip ', ' Family with young children ', ' 2 rooms ', ' Stayed 2 nights ', ' Submitted from a mobile device ']", Extra charge of 45 on leaving as they made a mistake when giving me price for room and breakfast a nice way to make extra money Noisy water pipes no ear plugs at hotel reception, Clean,3.8,1
London Marriott Maida Vale,London,6/20/2017, United Kingdom ,Leisure,"[' Leisure trip ', ' Couple ', ' Executive King Room with Executive Lounge Access ', ' Stayed 1 night ']",No Negative, The bed was good I was disappointed that I had to pay for hi speed wifi and the limited channels on the television ,6.3,1
The Piccadilly London West End,London,2/22/2016, United Kingdom ,Leisure,"[' Leisure trip ', ' Couple ', ' Premier Double Room ', ' Stayed 3 nights ', ' Submitted from a mobile device ']", My partner left his watch their in the room we rang a few times and was passed to different members of staff never got it back very gutted as it was an expensive birthday present to him also the shower was dirty and the carpet in the room wasn t clean they said their was a gym totally not just a room with 2 treadmills and a bike very disappointed, The hotel very central expectional customer service friendly helpful staff,6.3,1
Mercure Hotel Amsterdam City South,Amsterdam,5/15/2017, Tunisia ,Leisure,"[' Leisure trip ', ' Family with young children ', ' Classic Double Room ', ' Stayed 1 night ', ' Submitted from a mobile device ']", The receptionist was a trainee and couldn t manage properly by herself, Pleasant terrace on the canal,5.8,1
Novotel London Wembley,London,8/20/2016, United Kingdom ,Leisure,"[' Leisure trip ', ' Group ', ' Superior Queen Room ', ' Stayed 1 night ', ' Submitted from a mobile device ']", Air con didn t work Beds were hard We had no bath and weren t told as we had just done a 100 mile bike ride Food for breakfast was cold and very limited as it wasn t being topped up regularly , Very little noise coming from the hotel ,5.8,1
Pol Grace Hotel,Barcelona,10/4/2015, United Kingdom ,Leisure,"[' Leisure trip ', ' Couple ', ' Double or Twin Room ', ' Stayed 1 night ', ' Submitted from a mobile device ']", Poor value for money, Good location,6.3,1
Mercure Wien Zentrum,Vienna,3/8/2016, Sweden ,Business,"[' Business trip ', ' Group ', ' Standard Double Room ', ' Stayed 4 nights ']", training facilities bigger lobby ,No Positive,6.3,1
The Park Grand London Paddington,London,12/22/2016, United Kingdom ,Leisure,"[' Leisure trip ', ' Couple ', ' Deluxe Double Room ', ' Stayed 2 nights ', ' Submitted from a mobile device ']", Not being able to sleep very loud noice in room sounded like a generator Disappointed on the very little sleep I had , Location close to Hyde park as that was reason for visiting,6.7,1
Strand Palace Hotel,London,12/12/2016, United Kingdom ,Leisure,"[' Leisure trip ', ' Couple ', ' Standard King Room ', ' Stayed 1 night ']", Requested a quite King room but was given the choice for a noisy king or quiet twins Thank goodness the room bathroom was super clean which helped us to enjoy the room a bit more Great Location as well ,No Positive,6.3,1
H tel Square Louvois,Paris,1/15/2017, United Kingdom ,Leisure,"[' Leisure trip ', ' Travelers with friends ', ' Deluxe Double or Twin Room ', ' Stayed 2 nights ', ' Submitted from a mobile device ']", The staff On the day of our arrival we are carrying 4 heavy suitcases and the concierge hostess did not offer any help at all She walked us to our room with me and my mother trailing our heavy luggages to our door Also the cleanliness of the room undoubtedly needs improvements On the day we checked in to the room we found hair and few visible dust on the bed linen Worst of all other concierge lady didn t not make us feel welcomed I felt subtly racially discriminated and I ve lived abroad for more than 8 years For us it s an unfortunate choice , Location ,5.4,1
Holiday Inn Paris Gare de l Est,Paris,6/4/2017, Nigeria ,Unknown,"[' Solo traveler ', ' Standard Double or Twin Room ', ' Stayed 3 nights ', ' Submitted from a mobile device ']",No Negative, Nothing,3.3,1
Norfolk Towers Paddington,London,5/21/2016, United Kingdom ,Leisure,"[' Leisure trip ', ' Couple ', ' Club Double Room ', ' Stayed 2 nights ', ' Submitted from a mobile device ']", Stayed at hotel for London marathon hotel had made no arrangements for early breakfast despite asking Room was ridiculously small and the bathroom required you to manoeuvre around the door to get in out of bath shower I m very petite someone of a bigger build would really struggle ,No Positive,5.0,1
Element Amsterdam,Amsterdam,8/18/2016, Lithuania ,Leisure,"[' Leisure trip ', ' Couple ', ' Studio ', ' Stayed 4 nights ']", Lot of dust everywhere TV table kitchenette surface coffee maker etc Crumbs of food in freezer on table and so on We stayed there for 4 nights and dust was not cleaned during our stay Room service only change towels one towel was dirty on arrival and make bed Soap not available in bathroom only wall fixed and broken showering gel dispenser in shower Shower was leaking to bathroom so after taking it you need to mop the whole bathroom Breakfast was acceptable on weekend but choice reduced on weekdays Looks like management invested a lot to build good looking and comfortable hotel but personnel is ruining it For example vacuum cleaner stayed dropped in corridor for 3 days until someone removed it , Good equipment nice design ,5.0,1
Mercure Paris Centre Tour Eiffel,Paris,9/28/2016, United States of America ,Leisure,"[' Leisure trip ', ' Family with young children ', ' Standard Double Room ', ' Stayed 9 nights ', ' Submitted from a mobile device ']", housekeeping didn t do much only had partial view of Eiffel tower from room and room was spendy but small with no amenities in hotel other then pretty tiny exercise room, Location is great and Eiffel tower is beautiful from window ,6.7,1
H10 London Waterloo,London,9/22/2016, Ireland ,Business,"[' Business trip ', ' Solo traveler ', ' Double Room 1 Adult ', ' Stayed 1 night ', ' Submitted from a mobile device ']",No Negative, Bathroom products for females Better value for money,5.4,1
Golden Tulip Amsterdam Riverside,Amsterdam,6/18/2016, United Kingdom ,Leisure,"[' Leisure trip ', ' Group ', ' Deluxe Twin Room ', ' Stayed 3 nights ', ' Submitted from a mobile device ']", It was very far away from the metro station and no transport was offered Having to pay a 25 deposit for each night we stayed was not discussed before we had booked nor after in fact and was only told to us when we arrived to check in This made us feel like the hotel did not trust us and it felt like a scam Our rooms were not cleaned the entire stay , the rooms were beautiful with a great view ,5.8,1
Grange Langham Court Hotel,London,5/29/2017, Norway ,Leisure,"[' Leisure trip ', ' Couple ', ' Executive Double Room ', ' Stayed 3 nights ']", The room was called executive double room but was in fact really small That s fair enough but the bed was not more than 140 cm which is too small for two adults The bed was also extremely hard Unfortunately for this hotel there was a heat wave in London during this weekend and the rooms were not equipped with either ventilation nor AC So there were insanely hot in the room The room was equipped with a table fan but even with the fan on and the window open the temperature was around 25 degrees in the room , The staff was friendly and the location was perfect Short walking distance to Oxford Circus underground station Oxford Street and Regent Street ,6.7,1
Blakemore Hyde Park,London,12/30/2015, South Africa ,Leisure,"[' Leisure trip ', ' Family with older children ', ' Club Double Room ', ' Stayed 5 nights ', ' Submitted from a mobile device ']", Your cleanling staff not friendly no porters to assist with baggage , Location cleanliness ,6.7,1
Shaftesbury Premier London Paddington,London,10/27/2015, Netherlands ,Business,"[' Business trip ', ' Solo traveler ', ' Deluxe Single Room ', ' Stayed 1 night ']", The room is inhumanly small and out of shape , Nothing luckily I stayed only one night ,3.3,1
Holiday Inn Amsterdam,Amsterdam,1/25/2017, Kazakhstan ,Business,"[' Business trip ', ' Solo traveler ', ' Standard Room ', ' Stayed 2 nights ', ' Submitted from a mobile device ']", I ve left my travel adapter for charging in my room after my check out And after return nobody can find it Nobody has seen it while cleaning That was really unpleasantly,No Positive,4.6,1
H10 Cubik 4 Sup,Barcelona,2/7/2016, Spain ,Business,"[' Business trip ', ' Solo traveler ', ' Classic Double or Twin Room ', ' Stayed 2 nights ', ' Submitted from a mobile device ']", Staff from the reception, Everything of the hotel decoration design comfort,6.7,1
DoubleTree by Hilton Amsterdam Centraal Station,Amsterdam,10/24/2016, Australia ,Leisure,"[' Leisure trip ', ' Couple ', ' Queen Guest Room ', ' Stayed 2 nights ', ' Submitted from a mobile device ']", Storage of bags and reclaim luggage 3 different locations to find bags need more supervised staff for the price hotel unsatisfactory i wouldn t call this a 5 star , Position to city breakfast good ,4.6,1
Montfleuri,Paris,4/9/2016, United Kingdom ,Leisure,"[' Leisure trip ', ' Group ', ' Classic Double or Single Room ', ' Stayed 1 night ', ' Submitted from a mobile device ']", Unwelcoming staff generally staff attitude is not friendly Gloomy worn out atmosphere the minute you enter the reception ,No Positive,5.4,1
The Cumberland A Guoman Hotel,London,12/5/2016, United Kingdom ,Leisure,"[' Leisure trip ', ' Couple ', ' Deluxe King Room ', ' Stayed 1 night ', ' Submitted from a mobile device ']", Half the lifts weren t working Booked a deluxe roomy but you didn t have one available Only 2 small bottles available in room Have to pay for extra along with 10 room service charge Per person , Service of staff was lovely ,6.7,1
Novotel London West,London,9/29/2016, Portugal ,Leisure,"[' Leisure trip ', ' Couple ', ' Superior Room ', ' Stayed 4 nights ', ' Submitted from a mobile device ']", Room Confort Price too high for 4 days,No Positive,5.8,1
Shaftesbury Metropolis London Hyde Park,London,3/21/2017, Netherlands ,Business,"[' Business trip ', ' Couple ', ' Deluxe Double Room ', ' Stayed 5 nights ']", They accepted only credit card no debit card like Maestro all over the world this is not a problem but there they sent us to the ATM Company policy as we learned ,No Positive,5.8,1
Novotel London West,London,10/2/2015, Australia ,Leisure,"[' Leisure trip ', ' Couple ', ' Superior Room with 2 Single Beds ', ' Stayed 1 night ']", had requested a high level floor but got room on level 3 first level for rooms typical basic hotel room although paid for a superior room had asked at reception for a good room but the view from the room was a flat roof between buildings at 2 30pm on Saturday in fairly empty lounge ordered a BLT took nearly 5 hour to arrive cold waitress without apology said the kitchen had been busy but no one was ordering food except us the hotel has 2 restaurants one buffet but closed on Saturday night limited cosmetics in bathroom no conditioner or shower cap only one night but had we stayed longer would have requested to be moved to a better located room , on the way to Heathrow airport,6.3,1
Hotel Cavendish,London,10/29/2015, United Kingdom ,Leisure,"[' Leisure trip ', ' Couple ', ' Double Room ', ' Stayed 1 night ', ' Submitted from a mobile device ']", Shower nowhere to rest the shower gels Very Very small english breakfast unsuitable for a man with no extra helpings Small tv , The room and bed,6.7,1
Novotel London Wembley,London,6/12/2017, United Kingdom ,Leisure,"[' Leisure trip ', ' Family with young children ', ' Superior Queen Room ', ' Stayed 1 night ', ' Submitted from a mobile device ']", Non English speaking staff breakfast not included in price expensive paid 169 for 1 night room only no view as requested very basic room and no hotel facilities The Hilton is far better for the same price stayed there many times but thought I would try Novotel would not stay again , Distance to rail station,4.6,1
Copthorne Tara Hotel London Kensington,London,10/8/2016, United States of America ,Leisure,"[' Leisure trip ', ' Group ', ' Club Double Room ', ' Stayed 2 nights ', ' Submitted from a mobile device ']", Small bed Check in check out process slow Poor WiFi,No Positive,6.7,1
Le Grand H tel de Normandie,Paris,6/6/2017, Denmark ,Leisure,"[' Leisure trip ', ' Group ', ' Double Room ', ' Stayed 4 nights ', ' Submitted from a mobile device ']", Breakfast is not good Hotel cannot provide an ordinary toast bread because it is a holiday Lady receptionist is not so friendly not like the other 2 guys who smiles and friendly , Location,6.3,1
Holiday Inn London Regent s Park,London,1/4/2016, United Arab Emirates ,Leisure,"[' Leisure trip ', ' Family with older children ', ' Double Room ', ' Stayed 4 nights ', ' Submitted from a mobile device ']", Rest all, Rooms were small in comparison to other holyday inn n breakfast was costly,6.3,1
The Park Grand London Paddington,London,6/9/2016, United Kingdom ,Business,"[' Business trip ', ' Solo traveler ', ' Deluxe Double Room ', ' Stayed 1 night ']", I was moved on arrival despite only booking that day Apparently there were maintenance issues but it didn t stop the group in front of me checking in The hotel I moved to was further away from where I needed to be small room was not the cleanest a bit tired and not somewhere I d have chosen to stay Overpriced and dissatisfied ,No Positive,2.5,1
NH City Centre Amsterdam,Amsterdam,4/26/2017, Netherlands ,Unknown,"[' Group ', ' Standard Double or Twin Room ', ' Stayed 1 night ', ' Submitted from a mobile device ']", Hotel take ammount from my visa two time so i cant trust them agian, Place is good,3.3,1
The Drayton Court Hotel,London,5/3/2017, United Kingdom ,Leisure,"[' Leisure trip ', ' Family with young children ', ' Double Room ', ' Stayed 1 night ']", plughole in sink blocked black gunk kept coming up and terrible odour,No Positive,6.7,1
The Cumberland A Guoman Hotel,London,10/15/2015, Qatar ,Leisure,"[' Leisure trip ', ' Solo traveler ', ' Executive King Room ', ' Stayed 3 nights ', ' Submitted from a mobile device ']", Location, Small oful in the bed There are broblem in w c,6.7,1
DoubleTree by Hilton Amsterdam Centraal Station,Amsterdam,5/22/2017, Australia ,Leisure,"[' Leisure trip ', ' Couple ', ' Twin Guest Room ', ' Stayed 2 nights ', ' Submitted from a mobile device ']", The receptionist abused my mother because the charges to the credit card was declined Later a different receptionist managed to put the charges into the same credit card with no problem No apology whatsoever from the front office manager My mother is still in shock with the rude treatment she received Very disappointed , Nothing,2.9,1
Britannia International Hotel Canary Wharf,London,11/10/2015, United Kingdom ,Unknown,"[' Group ', ' Standard Double Room without Window ', ' Stayed 2 nights ']", Broken tap in the bathroom made showering difficult at first Towels impracticably tiny and I m average size Room key stopped working had to go back to reception twice before I could go to bed on Friday night Breakfast not good food was cold eggs tasteless and watery , Room was lovely and big Bed comfortable View was as expected particularly nice at sunset see pic ,6.3,1
Millennium Hotel London Mayfair,London,10/2/2015, South Africa ,Business,"[' Business trip ', ' Couple ', ' Club Double Room ', ' Stayed 7 nights ']", The hotel is very old and in desperate need of a refurb the room smelled of stale smoke and the room was only cleaned by about 4pm every day which is truly ridiculous , Location was good ,5.8,1
The Park Grand London Paddington,London,10/20/2015, United Kingdom ,Business,"[' Business trip ', ' Solo traveler ', ' Compact Double Room ', ' Stayed 1 night ']", Room was tiny marginally bigger than the bed and more importantly there was no where to put anything be it my bag or even just a hair brush The bathroom is what is euphemistically known as a wet room meaning everything gets soaked when you have a shower You therefore have to plan your morning routine carefully unless you don t mind cleaning your teeth while standing in a puddle , The bed was comfortable enough ,5.4,1
Ambassadors Bloomsbury,London,10/27/2016, United Kingdom ,Leisure,"[' Leisure trip ', ' Couple ', ' Double Room ', ' Stayed 2 nights ', ' Submitted from a mobile device ']", Very noisy road traffic, Bed comfy,6.3,1
The Levante Parliament A Design Hotel,Vienna,5/2/2016, Serbia ,Business,"[' Business trip ', ' Couple ', ' Superior Double or Twin Room ', ' Stayed 1 night ', ' Submitted from a mobile device ']", Bed is terribble Batroom us too old Strip running in the gym is the worts i soo in my life When used that you can broke something , Hotel is silence Good for rest ,5.4,1
Hotel Da Vinci,Milan,1/3/2016, Israel ,Leisure,"[' Leisure trip ', ' Couple ', ' Superior Double Room ', ' Stayed 4 nights ', ' Submitted from a mobile device ']", How can he so big hotel with 1 old elivater working Shame, Good room Nice breakfast,5.8,1
London Marriott Hotel Grosvenor Square,London,10/25/2016, Canada ,Business,"[' Business trip ', ' Solo traveler ', ' Deluxe Guest Room ', ' Stayed 7 nights ', ' Submitted from a mobile device ']", Hotel is a little tired and volume based churning people through, Great location,6.3,1
Henry VIII,London,6/29/2017, Ireland ,Business,"[' Business trip ', ' Solo traveler ', ' Basic Double Room ', ' Stayed 2 nights ']", I found the whole experience very deflating The hotel smells very old and I would give it a 1 or maximum 2 star rating The carpet is worn away and the furniture and upholstery is all extremely old The place smells old The receptionist could not understand anything I was saying , Nothing,2.5,1
Gainsborough Hotel,London,11/12/2016, Saudi Arabia ,Business,"[' Business trip ', ' Solo traveler ', ' Standard Double Room ', ' Stayed 1 night ', ' Submitted from a mobile device ']", i was given a basement room although i asked the staff if this is the best they ve got for me A basement room was not mentioned during the booking on this website One staff member said there are no more rooms Another staff member said they cant change my room since i used the washroom I found both excuses not logical since I was a first to report my displeasure before entering the room , Location and cleanliness,5.4,1
Catalonia Atenas,Barcelona,5/1/2016, Malta ,Leisure,"[' Leisure trip ', ' Couple ', ' Double or Twin Room ', ' Stayed 3 nights ']", We were very disappointed with the room True we booked a double bed but this was the smallest room on the floor plan with very poor ventilation and no ventilation whatsoever in the bathroom To sit at my laptop on the desk one would have to keep the window closed since if opened it obstructed the desk When we complained about the room the receptionist said that if we had booked 2 singlr beds the room would have been larger We asked to change rooms but were told by the receptionist that none were available and that we were only staying for 3 nights Otherwise we couldn t complain about anything else , Very good and varied buffet breakfast the lobby was always sparkling clean with a nice fragrant air freshner ,6.7,1
Copthorne Tara Hotel London Kensington,London,11/26/2015, United Kingdom ,Business,"[' Business trip ', ' Solo traveler ', ' Superior Twin Room ', ' Stayed 1 night ', ' Submitted from a mobile device ']", I couldn t sleep in the hotel as the heater made so much noise When I switched it off it was too cold so couldn t win ,No Positive,5.8,1
Hilton London Wembley,London,7/20/2017, Hong Kong ,Leisure,"[' Leisure trip ', ' Family with young children ', ' King Guest Room ', ' Stayed 2 nights ', ' Submitted from a mobile device ']", Terrible customer service in particular the bell boy who was rude The lock in one of our two rooms is spoiled , The hotel is close to the Designer Outlets ,4.6,1
Hilton Vienna,Vienna,8/17/2016, United Arab Emirates ,Leisure,"[' Leisure trip ', ' Family with older children ', ' Deluxe King Room ', ' Stayed 1 night ']", cleaning problem of the room and bathroom room floor carpet looks too old and dirty no internet in the room unaccepted Wi Fi service available now even in the streets but not in this hotel which is suited for conferences and scientific meeting asking for taxi to the airport cost 75 euros while we just went out of the hotel door only cost 40 euros, breakfast very good location also good beds comfortable,5.0,1
Radisson Blu Edwardian Bloomsbury Street,London,7/31/2016, United Kingdom ,Leisure,"[' Leisure trip ', ' Couple ', ' Standard Double Room ', ' Stayed 3 nights ', ' Submitted from a mobile device ']", being told rather rudely that I could not have breakfast until I paid for something I thought I had already purchased I went to the cafe next door , The location and helpful porters ,6.7,1
Grand Royale London Hyde Park,London,4/24/2016, Australia ,Leisure,"[' Leisure trip ', ' Couple ', ' Deluxe Double Room ', ' Stayed 3 nights ', ' Submitted from a mobile device ']", Staff were often on their mobile phones and seemed put out to be asked simple things, The building was amazing and the breakfast good,6.7,1
Ramada Apollo Amsterdam Centre,Amsterdam,8/31/2015, Kuwait ,Leisure,"[' Leisure trip ', ' Family with older children ', ' Standard Double Room ', ' Stayed 5 nights ', ' Submitted from a mobile device ']", They took from me euro fifty 50 Because I keep my amberalla in my room Although I paid cash for them 300 euro deposit Till now not coming back , Breakfas Location,5.4,1
Hotel Espa a Ramblas,Barcelona,10/1/2016, United States of America ,Leisure,"[' Leisure trip ', ' Couple ', ' Deluxe Double or Twin Room ', ' Stayed 3 nights ']", Air conditioning was very spotty in our room It was frequently very warm and we had to make multiple requests every evening to get them to adjust our room temperature This is our second stay here and this time it seemed a little worn and not as clean as during our previous stay Staff were helpful but not super friendly , Hotel restaurant is very good and the location is excellent It is a block from the Boqueria and the Bari Gothic and is a short distance from the port area ,6.3,1
Park Grand London Kensington,London,1/24/2017, United Kingdom ,Leisure,"[' Leisure trip ', ' Couple ', ' Deluxe Double Room ', ' Stayed 2 nights ']", room initially too hot and noisey not as clean as expected,No Positive,5.0,1
DoubleTree by Hilton London Victoria,London,9/9/2015, United Kingdom ,Business,"[' Business trip ', ' Group ', ' Deluxe Double Room ', ' Stayed 1 night ']", 2 different bookings we requested a twin bedded room on arrival we did not have our request were told it was an upgrade it certainly was not a pull down bed for my business collegue which was most uncomfortable for a4 or5 star so called,No Positive,6.3,1
Newhotel Roblin,Paris,2/13/2017, Ireland ,Unknown,"[' Couple ', ' Standard Room ', ' Stayed 2 nights ', ' Submitted from a mobile device ']", I didnt like a lot First of all staff was absolutely terrible No smile at all when i have asked a guy at the reception for anything they were rude and didnt help us at all Room was very very small Bed was so noisy that I couldn t even move to not disturb others I mean other rooms And no we didn t have fun there Never again , I did like a lift and loby of the hotel,4.2,1
Millennium Gloucester Hotel London,London,8/19/2016, Bahrain ,Leisure,"[' Leisure trip ', ' Family with older children ', ' 2 rooms ', ' Stayed 3 nights ']", Needs renovation Have to pay for Internet , Location Only,6.3,1
The Principal London,London,12/15/2015, Sweden ,Business,"[' Business trip ', ' Couple ', ' Twin Room ', ' Stayed 2 nights ']", Very uncomfortable bathroom everything was very old very bad air conditioning, Location and outside view of the building,5.8,1
Millennium Hotel London Mayfair,London,12/5/2016, United Kingdom ,Leisure,"[' Leisure trip ', ' Family with young children ', ' Club Double Room ', ' Stayed 1 night ', ' Submitted from a mobile device ']", The attitude of the staff on reception They were very rude and not customer friendly , The location Hotel situated close to Oxford Street and Hyde Park and plenty of eating places ,5.0,1
Mercure London Bloomsbury Hotel,London,6/18/2017, United Kingdom ,Leisure,"[' Leisure trip ', ' Group ', ' Standard Twin Room ', ' Stayed 1 night ', ' Submitted from a mobile device ']", The staff were very rude phoned up after a family bereavement to try and change the booking date No sympathy at all just cut me off mid sentence and refused Passed the room on to friends instead and they weren t that impressed Very average , Very good location,6.3,1
Amsterdam Marriott Hotel,Amsterdam,7/10/2017, United States of America ,Leisure,"[' Leisure trip ', ' Couple ', ' Deluxe Room ', ' Stayed 3 nights ', ' Submitted from a mobile device ']", The check in Too long of a wait Staff didn t follow through the requests Didn t like the room had to be changed Bathroom didn t have have a magnifying mirror lighting was bad Dirty glasses not picked up Elevator cards didn t work most of the time , Location Adequate breakfast Complimentary executive lounge by Cynthia the receptionist ,4.2,1
Carlyle Brera Hotel,Milan,10/3/2015, Australia ,Leisure,"[' Leisure trip ', ' Couple ', ' Double Room ', ' Stayed 3 nights ', ' Submitted from a mobile device ']", Room was very very hot and staff refused to turn on air conditioning, Quality hotel but ,6.3,1
Hotel ViennArt am Museumsquartier,Vienna,7/26/2016, Czech Republic ,Business,"[' Business trip ', ' Solo traveler ', ' Double Room Single Use ', ' Stayed 2 nights ']", extremely hot in the room they gave me the room under the roof no AC 40C in the room horrible never again plus extra 20E day for parking ,No Positive,5.8,1
Swiss tel Amsterdam,Amsterdam,6/13/2017, United Kingdom ,Leisure,"[' Leisure trip ', ' Family with young children ', ' Classic Double or Twin Room ', ' Stayed 1 night ', ' Submitted from a mobile device ']", Dark room, Staff,6.7,1
Sydney House Chelsea,London,4/12/2016, Greece ,Leisure,"[' Leisure trip ', ' Couple ', ' Premier Deluxe Double Room ', ' Stayed 2 nights ', ' Submitted from a mobile device ']", The rooms extremely small No value for the money we spent No slippers NOISE WE COULD HEAR DVERYGHING FROM THE FLOOR ABOVE US AND FROM THE ROOM NEXT TO US, The staff was helpful,5.4,1
Park Avenue Baker Street,London,1/5/2016, United Kingdom ,Leisure,"[' Leisure trip ', ' Couple ', ' Deluxe Double Room ', ' Stayed 1 night ', ' Submitted from a mobile device ']", The noise from upstairs and next door also the annoying green emergency light that was brighter than the sun, Nice room was nice and breakfast ok,5.4,1
Bloomsbury Palace Hotel,London,2/12/2017, United Kingdom ,Business,"[' Business trip ', ' Solo traveler ', ' Single Room ', ' Stayed 1 night ']", Tiny room , Great breakfast ,5.8,1
Courthouse Hotel London,London,12/20/2016, United Kingdom ,Leisure,"[' Leisure trip ', ' Couple ', ' Classic Double Room ', ' Stayed 1 night ', ' Submitted from a mobile device ']", Poor breakfast not value for money towels old and some torn Will not stay there again Have stayed there before when it was a Hilton ,No Positive,4.6,1
H10 Cubik 4 Sup,Barcelona,5/29/2017, South Africa ,Leisure,"[' Leisure trip ', ' Family with young children ', ' Classic Double or Twin Room with City View ', ' Stayed 3 nights ', ' Submitted from a mobile device ']", Rooms way too small We paid extra fees for an upgrade, Location decent ,5.8,1
Hotel degli Arcimboldi,Milan,6/15/2016, Canada ,Leisure,"[' Leisure trip ', ' Couple ', ' Double Room ', ' Stayed 1 night ', ' Submitted from a mobile device ']", It was 30 minutes away from Milan downtown There was no room service and no Resturant the area was not a shopping or restaurant area In fact it was pretty sketchy we hated it We had a beer and Small bag of chips from the mini bar it cost 24 ,No Positive,4.6,1
Park Plaza Westminster Bridge London,London,8/23/2016, Nigeria ,Leisure,"[' Leisure trip ', ' Group ', ' Studio King Family ', ' Stayed 10 nights ', ' Submitted from a mobile device ']", The room was not cleaned All they do is make the bed and change towels They couldn t even dispose of trash on the floor I have never been to a hotel that cleans to such a low standard I paid nearly 3000 pounds for my stay and It was not worth it at all ,No Positive,5.5,1
Park Plaza Westminster Bridge London,London,7/5/2016, United Kingdom ,Leisure,"[' Leisure trip ', ' Couple ', ' Superior Double Room with Internal View ', ' Stayed 1 night ', ' Submitted from a mobile device ']", Problem with room sorted but only after too much discussion,No Positive,6.7,1
Danubius Hotel Regents Park,London,4/28/2016, United Kingdom ,Business,"[' Business trip ', ' Solo traveler ', ' Superior Double Room ', ' Stayed 2 nights ']", room service food was terrible and expensive , location,5.0,1
Holiday Inn London Kensington,London,8/10/2016, United Arab Emirates ,Leisure,"[' Leisure trip ', ' Solo traveler ', ' Executive Double Room ', ' Stayed 18 nights ', ' Submitted from a mobile device ']", the staff was very rude and they dont smile at all there was a renovation going on and i felt like i was staying in a garage not a hotel , nothing,4.2,1
Simply Rooms Suites,London,1/22/2017, United Kingdom ,Business,"[' Business trip ', ' Couple ', ' Classic Double Room ', ' Stayed 1 night ']", Cleanliness,No Positive,4.2,1
Novotel Wien City,Vienna,7/14/2016, United Arab Emirates ,Leisure,"[' Leisure trip ', ' Family with young children ', ' Executive Room 2 adults 2 children ', ' Stayed 2 nights ', ' Submitted from a mobile device ']", The staff never smiles It was my birthday and my wife requested for a small surprise cake and the front office staff as well as the manager refused her Then we had a bad morning while we were having our breakfast The restaurant staff was so rude that i had to complain about him We booked one family suite but it was so small that we had to change our room by paying euro 60 extra per night In short we it was a worst experience Highly not recommended Please dont go on the name , The location is nice near to river as well as prater park ,4.6,1
Hotel Barcelona Catedral,Barcelona,4/27/2017, United Kingdom ,Leisure,"[' Leisure trip ', ' Family with young children ', ' Double or Twin Room 1 2 Adults ', ' Stayed 3 nights ', ' Submitted from a mobile device ']", I was under the impression breakfast was included Also l thought it was misleading about the amount of payment to you The first payment said the amount including v a t total Then further on another page it added tax The consequences were my holiday was more expensive than I thought Though I enjoyed it turned out more expensive and l had less spending money I think you should have made the overall price more clear , The bed was comfortable The room very nice Staff very helpful ,6.7,1
De L Europe Amsterdam,Amsterdam,9/17/2015, United Kingdom ,Business,"[' Business trip ', ' Couple ', ' Junior Suite with River View ', ' Stayed 4 nights ']", The room was quite small and dark although it was supposed to be a junior suite I think we need more honest room descriptions generally not just this hotel , The Public Areas and Bathroom,6.3,1
St George Hotel,London,8/13/2016, United Kingdom ,Business,"[' Business trip ', ' Solo traveler ', ' Standard Double Twin Room ', ' Stayed 1 night ', ' Submitted from a mobile device ']", Tired decor musty smell in room, The location,3.3,1
Radisson Blu Champs Elys es Paris,Paris,5/6/2017, Saudi Arabia ,Leisure,"[' Leisure trip ', ' Family with young children ', ' Business Room ', ' Stayed 14 nights ', ' Submitted from a mobile device ']", My booking is a buiseness room but the services are way below this level The extremely bad cleaning and housekeeping I can tell syiries about that The primitive old uncomfortable furniture The old unclean appliances iron ironing table and coffee machine Housekeeping coming to disturb despite the do not disturb sign Old bed linnens and towels This place needs complete refurbishing proper housekeeping and dining services if they want to keep their five stars , Near to Champs Elysees,4.6,1
Park Lane Mews Hotel,London,4/8/2017, United Kingdom ,Business,"[' Business trip ', ' Couple ', ' Double Room ', ' Stayed 1 night ', ' Submitted from a mobile device ']", Bashed up door frame Torn wallpaper V weak wifi , Good location but scruffy Needs refurbishment ,6.7,1
Hotel Romana Residence,Milan,4/24/2017, India ,Leisure,"[' Leisure trip ', ' Couple ', ' Double Room ', ' Stayed 2 nights ']", The Tram runs opposite the Hotel so it was very noisy the rooms were run down without any Tea coffee maker no drinking water was provided so we had to buy from outside we had to close the widows to keep the street noises out and the airconditioning in the room was not working when we contacted the front desk we were rudely told that we came from India and we were used to tempretures of 50 Degrees so we did not need the air conditioning The staff dont even help take your bags from the car or load them , The proximity of the Hotel from the Dumo and Fashion district,4.2,1
The Park Grand London Paddington,London,2/22/2016, Finland ,Leisure,"[' Leisure trip ', ' Solo traveler ', ' Deluxe Double Room ', ' Stayed 1 night ', ' Submitted from a mobile device ']", Air condition was noisy Pillows were lumpy I changed the room twice but as You were full I had to have the first room anyway The second room was cold and the shower room floor icy , The Staff were great The tiny Bar lounge was comfy wasYour Details Full Name Email Address Confirm email Address Password Confirm Password Marketing Information From time to time we may send out marketing information which we feel is of use to our users Please check this box if you wish to receive this additional service This will not affect your Jobs By Email subscriptions Please tick box to confirm the following I have read and agree to the terms and conditions and privacy statement This is a condition of registration ,4.6,1
Britannia International Hotel Canary Wharf,London,5/14/2016, United Kingdom ,Business,"[' Business trip ', ' Solo traveler ', ' Standard Single Room ', ' Stayed 2 nights ', ' Submitted from a mobile device ']", Poor room expected at least a toilet lid that stayed up when toilet was being used ,No Positive,4.2,1
Hotel Erzherzog Rainer,Vienna,7/13/2017, United States of America ,Leisure,"[' Leisure trip ', ' Couple ', ' Double Room ', ' Stayed 3 nights ']", No AC during a 90 degree heat wave was not pleasant Although they did offer a 2nd fan which we accepted We supposedly got an upgraded room to the courtyard but the one window looked into another hotel on all 4 sides We think a courtyard should have some flowers or greenery but you couldn t even see the ground as we were on the 5th floor Also the room was small but we weren t in it much Also no one told us that the tram would take us right to the Opera which would have saved us a 15 minute walk twice a day it took us 2 days to figure that out , Breakfast was good bread was wonderful staff was friendly location was good Everything was fine except no AC ,6.3,1
Commodore Hotel,London,9/5/2015, United Kingdom ,Leisure,"[' Leisure trip ', ' Couple ', ' Double Room ', ' Stayed 1 night ', ' Submitted from a mobile device ']", The carpets hallway all needs revamping it leaves a bad taste in your mouth It made the whole stay discomforting, The outside looks great the staff are very friendly ,5.0,1
Catalonia Barcelona Plaza,Barcelona,9/2/2015, Belgium ,Leisure,"[' Leisure trip ', ' Family with older children ', ' Triple Room ', ' Stayed 5 nights ']", breakfast slow service not enough choice, location swimming pool fitness,6.3,1
Blakemore Hyde Park,London,3/11/2016, United Kingdom ,Leisure,"[' Leisure trip ', ' Family with young children ', ' Club Twin Room ', ' Stayed 2 nights ']", I didn t like finding someone s soiled underwear in a paper bag in my bed I didn t like that unless I paid for early access to my room I would not be allowed entry until 15 00 I arrived at 09 30 knowing that I would be too early to check in and saw people departing however the room was not cleaned and ready until 14 30 According to reception no rooms were ready I have never stayed in a hotel that took someone 5 hours to clean , Restaurant staff were very friendly nice way to start the day,6.7,1
Megaro Hotel,London,3/14/2017, United Kingdom ,Unknown,"[' Group ', ' Standard Double Room ', ' Stayed 1 night ']", Comfort is key Room temperature was set to high hot The in room controls were not is use and temperature was only controllable by calling down to reception which we only learned upon exit We have too much choice in London Make it easier for customers ,No Positive,5.8,1
Durrants Hotel,London,6/9/2016, United Kingdom ,Leisure,"[' Leisure trip ', ' Family with older children ', ' Twin Room ', ' Stayed 2 nights ', ' Submitted from a mobile device ']", The key was really hard to work in the door We struggled with it every time No one asked us to hand in The key each time we were leaving the hotel and so when we returned the porter followed us up the stairs on the way in asking who we were and where we were staying in front of other guests It felt like we were imposters being accused of something and he didn t say why he was asking It was Only when We were asked for our key on the next trip out that we realised why It made us feel most unwelcome No one bothered to explain anything about breakfast either so we just went out instead I was disappointed that there were no tea and coffee facilities in the room , The rooms are all different which adds to the appeal ,6.7,1
Auteuil Tour Eiffel,Paris,5/9/2017, Jordan ,Leisure,"[' Leisure trip ', ' Solo traveler ', ' Standard Room ', ' Stayed 2 nights ']", everything,No Positive,3.8,1
Britannia International Hotel Canary Wharf,London,2/24/2017, United Kingdom ,Business,"[' Business trip ', ' Solo traveler ', ' Standard Single Room ', ' Stayed 1 night ']", TV not working in the bedroom ,No Positive,6.7,1
BEST WESTERN Maitrise Hotel Maida Vale,London,1/14/2017, United Kingdom ,Leisure,"[' Leisure trip ', ' Group ', ' Executive King Room ', ' Stayed 2 nights ', ' Submitted from a mobile device ']", When I made my booking I requested the cheapest room ground floor I were informed none available but my son phoned 1 hour later then me and got one of cheaper room lie one then I were in room 217 and the bathroom smells very bad mr and Mrs wilkinson party also had cheap room they were aloud to have breakfast but were told I had to pay my son and wife cheap room got breakfast free I don t think the staff know what they were doing it were a bit embarrassing,No Positive,6.7,1
Hallmark Hotel London Chigwell Prince Regent,London,1/23/2017, United Kingdom ,Leisure,"[' Leisure trip ', ' Family with young children ', ' Double Room ', ' Stayed 1 night ', ' Submitted from a mobile device ']", No food No double bed Staff not helpful st reception, Double room yet two singles put together not come at all Asked for lunch at lunch time all cookers turned off so no hot food was available Very disappointed,5.0,1
Mercure Paris Terminus Nord,Paris,6/15/2017, Lebanon ,Unknown,"[' Solo traveler ', ' Standard Room with 1 Single Bed ', ' Stayed 1 night ']", Property is currently under refurbishment which makes the current facilities very poor and the rooms fairly run down certainly not the 4 star rating Very old carpet 1 lift to serve both clients and servicing Unfortunately this was not clearly stated when booking the room online ,No Positive,4.2,1
Park Plaza County Hall London,London,3/20/2017, United Kingdom ,Leisure,"[' Leisure trip ', ' Family with young children ', ' Superior Twin Room ', ' Stayed 1 night ', ' Submitted from a mobile device ']", No milk in room for drinks Shower unable to regulate temperature Although I asked for twin as I stayed with my son the 2 beds were positioned too close like a double bed Much too tired to complain that evening as we were late checking in and just wanted to sleep, Breakfast not included,5.8,1
Club Quarters Hotel St Paul s,London,1/21/2017, Switzerland ,Leisure,"[' Leisure trip ', ' Couple ', ' Standard Queen Room ', ' Stayed 5 nights ', ' Submitted from a mobile device ']", Very old hotel totally overrated and overpriced They provided us with a wrong room type with very old shower with strange and unusual bath setup when we complained and asked for a change at the beginning they did not want to help and said all the rooms are the same But later we realized that the room is specially designed for handicapped guests When we insisted they changed the room Generally things do not look like a 4 star hotel but mostly looked like a 2 star guest house don t get how it is ranked so high The guests were getting stocked in the elevator on the ground floor and receptionists had to come and open the elevator by a metallic tool Happened to me twice and they were so relax and cool like it was their everyday routine All in all never again , the only positive things about this hotel is its nice location and free coffee at lobby ,3.3,1
Britannia International Hotel Canary Wharf,London,7/18/2016, United Kingdom ,Leisure,"[' Leisure trip ', ' Couple ', ' Standard Double Room without Window ', ' Stayed 1 night ', ' Submitted from a mobile device ']", One particular member of staff a trainee lady is rude inconsistant with information and dismisive I also dont like the fact that when you book a smoking room they try and charge you extra , The location ,4.6,1
Bilderberg Garden Hotel,Amsterdam,8/16/2016, Hong Kong ,Leisure,"[' Leisure trip ', ' Couple ', ' Deluxe Double or Twin Room ', ' Stayed 3 nights ', ' Submitted from a mobile device ']", Loud fan from the restaurant can be heard in the room Shower broken window handle broken Expensive mini bar Empty bottles and trash not cleaned from the hallways for hours Building very old hallways look like an elderly home Have to shower in the bathtub Pillow very thick Bar and restaurant service a bit slow Sticky air in the lobby and bar Okura or Crowne Plaza South are much better for similar price ,No Positive,4.6,1
Hampshire Hotel The Manor Amsterdam,Amsterdam,6/21/2016, Belarus ,Leisure,"[' Leisure trip ', ' Couple ', ' Superior Double Room ', ' Stayed 3 nights ', ' Submitted from a mobile device ']", Value for money is low, Location is great,4.6,1
Hilton London Metropole,London,7/21/2016, United Kingdom ,Leisure,"[' Leisure trip ', ' Couple ', ' King Hilton Guest Room ', ' Stayed 4 nights ', ' Submitted from a mobile device ']", The room, Smoking room,5.4,1
Hotel du Collectionneur Arc de Triomphe,Paris,2/9/2016, United Kingdom ,Leisure,"[' Leisure trip ', ' Couple ', ' Superior King Room ', ' Stayed 1 night ', ' Submitted from a mobile device ']", No hot water The hotel didn t offer us any compensation whatsoever ,No Positive,5.0,1
FourSide Hotel Vienna City Center,Vienna,10/4/2016, Serbia ,Leisure,"[' Leisure trip ', ' Couple ', ' Superior Double Room ', ' Stayed 3 nights ']", INTERNET very poor WiFi connection LOCATION of the hotel, Bed was really comfortable Food was OK but not good enough for 4 star hotel Friendly staff,6.3,1
NH City Centre Amsterdam,Amsterdam,5/15/2017, South Africa ,Leisure,"[' Leisure trip ', ' Family with young children ', ' Standard Double or Twin Room ', ' Stayed 2 nights ']", rooms were too small, location,5.4,1
Best Western Premier Faubourg 88,Paris,8/15/2016, United Kingdom ,Leisure,"[' Leisure trip ', ' Couple ', ' Classic Double Room ', ' Stayed 2 nights ']", The tiny rooms where you could not pass by the bed without shuffling sideways The single chair The idea of a meal brought to the room was laughable with nowhere to put a tray There was also nowhere to sit downstairs a space laid for breakfast quite expensive at Euro 14 , The layout of the rooms though abysmally small was well thought out and everything worked ,5.8,1
Tryp Barcelona Apolo Hotel,Barcelona,11/21/2016, United Kingdom ,Leisure,"[' Leisure trip ', ' Family with young children ', ' Premium Double Room ', ' Stayed 3 nights ']", Breakfast only ate there once stayed for 5 days though It s like a huge loud cafeteria where you sit in rows no privacy as your right next to each other Food not the best either They also recommended a restaurant to us which was just awful 4 other couples were also there from Tryp at the same time as us One couple walked out The other two complained about the food Wonder why it kept being recommended , Struggling to think really ,3.8,1
W Barcelona,Barcelona,9/17/2016, Saudi Arabia ,Leisure,"[' Leisure trip ', ' Family with young children ', ' Cool Corner Suite ', ' Stayed 5 nights ', ' Submitted from a mobile device ']", The staff were very rude and it s not a kids friendly hotel And we hated the glass door toilets, The location,6.3,1
London Hilton on Park Lane,London,9/28/2016, United States of America ,Leisure,"[' Leisure trip ', ' Couple ', ' Executive King Room with Lounge Access ', ' Stayed 3 nights ']", This is not a 4 star hotel The bed was terrible The carpet had multiple stains The mini fridge was not even cool The shower head looked expensive but it was terribly inefficient Impractical design of the bathroom no counter space and room not much storage space I know all hotels are expensive in London but this was not worth the money , Good location and very large room Breakfast was a good surprise ,5.8,1
citizenM London Shoreditch,London,6/16/2017, United States of America ,Leisure,"[' Leisure trip ', ' Couple ', ' Double Room ', ' Stayed 3 nights ']", The rooms are insanely small and the photos dont do it justice The rooms might be ok for a single traveler but do not come here if you re traveling with someone else Also the hotel is too modern for its own good Controlling the tv with an ipad is just annoying , Location and ease of check in ,5.4,1
Eurohotel Diagonal Port,Barcelona,5/2/2017, Netherlands ,Leisure,"[' Leisure trip ', ' Family with young children ', ' Superior Family Room ', ' Stayed 1 night ']", The hotel shows areas of getting worn out This is visible in many ways in the room floors elevator rust in bathroom shower going from cold to very hot broken seats on balcony TV not working For a room of Euro 200 night for family rooms we stayed in much better hotels in Barcelona The worn out is visibile in the surrounding area as well , Location is great as it is on walking distance of the beach and withn 10 minutes walk from the subway Breakfast was included with plenty of choice Friendly staff Quiet area balcony with side sea view Good price for a family room Good beds and it was clean When you just need a good and quiet sleep this is a good choice ,6.7,1
Bloomsbury Palace Hotel,London,1/15/2017, United Kingdom ,Business,"[' Business trip ', ' Solo traveler ', ' Single Room ', ' Stayed 3 nights ', ' Submitted from a mobile device ']", Hotel is so hot your feel suffocated Air con didn t work in the room therefore had to open the window which meant the road noise was pretty bad throughout the night, Standard of room and bathroom is acceptable,6.7,1
Park Grand London Kensington,London,11/26/2015, United Kingdom ,Leisure,"[' Leisure trip ', ' Solo traveler ', ' Superior Double Room ', ' Stayed 3 nights ', ' Submitted from a mobile device ']", Lift is inadequate and let s down a hotel of this quality Too small too slow long waits at busy times , Courteous and helpful stafff,6.7,1
The Cumberland A Guoman Hotel,London,2/9/2017, Kuwait ,Business,"[' Business trip ', ' Solo traveler ', ' Executive King Room ', ' Stayed 13 nights ', ' Submitted from a mobile device ']", Hygin bad Very noisy High price, Need more to be clean Not matching the photo in the booking High price Need to be renewed the hotel,3.3,1
Amarante Beau Manoir,Paris,7/7/2017, United States of America ,Leisure,"[' Leisure trip ', ' Family with young children ', ' Deluxe Double Room 2 Adults 1 Child ', ' Stayed 2 nights ', ' Submitted from a mobile device ']", The hotel advertised air conditioning our room and 3 other guest complained in the middle of the night of no air conditioning We could open the windows but the traffic and construction on the building noise caused a lack of sleep This was my first trip to Paris and the experience here makes it my last Management tried to move us to a cooler room but it was broken too Then to add to the heat we had accommodations for 3 family room and the new room only had 1 bed It had a pull out sofa but when the slip cover came off the sofa looked as if a dog chewed on it because it was ripped in several places It also looked stained We are a family that likes to camp and this room was the worst than sleeping on the ground My husband was going to sleep on the couch but it was so disgusting we all sleep sidesays across the only bed It was the worst hotel , The service we received during breakfast ,4.2,1
Renaissance Amsterdam Hotel,Amsterdam,7/5/2016, Australia ,Leisure,"[' Leisure trip ', ' Couple ', ' Deluxe Room ', ' Stayed 5 nights ', ' Submitted from a mobile device ']", We stayed for 5 nights but were given the smallest room on the floor walking around the furniture could only be done one person at a time Also we had to pay extra for wifi in our room and even more for high speed wifi despite it being available all over the city for free I think the hotel scrambles the signal in the hotel so you can t get free wifi unless you sit in the lobby , The hotel was central and easy to walk to from the train station and all the tourist services hop on hop off buses and cruises etc ,6.7,1
Hotel Odeon Saint Germain,Paris,9/1/2016, United States of America ,Leisure,"[' Leisure trip ', ' Couple ', ' Classic Double Room ', ' Stayed 2 nights ']", The tiny elevator was broken and we were on the 4th floor The AC had an odor , Location was great,6.3,1
Arthotel ANA Boutique Six,Vienna,9/15/2016, Israel ,Leisure,"[' Leisure trip ', ' Couple ', ' Double Room ', ' Stayed 1 night ']", The air condition was inactive in my room in a very hot day it was a complete nightmhere to sleep in these conditions my complain was not taken seriosely they promised me to send sombody after my departure , The placement is good ,5.8,1
Mimi s Hotel Soho,London,4/5/2017, United Kingdom ,Business,"[' Business trip ', ' Solo traveler ', ' Deluxe Double Room ', ' Stayed 1 night ']", Rooms sold as de luxe are absurdly small and not value for money at 156, Good bed linen towels and shower and nice staff,5.4,1
art otel Amsterdam,Amsterdam,9/13/2015, United States of America ,Business,"[' Business trip ', ' Couple ', ' Art King Room ', ' Stayed 1 night ', ' Submitted from a mobile device ']", Not worth the money, Location,6.3,1
Mercure Paris Centre Tour Eiffel,Paris,7/3/2016, India ,Leisure,"[' Leisure trip ', ' Family with older children ', ' Privilege Room with Double Bed and Single Sofa Bed 3 Adults ', ' Stayed 4 nights ', ' Submitted from a mobile device ']", Did not offer a power adaptor when requested Instead they offered to sell me for 10 euros They did not offer a wheel chair accessible bedroom in spite of several reminders Too far away from other tourist attractions , Taxi available right outside Metro at 3 minute walking distance ,5.4,1
H tel Monna Lisa Champs Elys es,Paris,7/15/2017, Saudi Arabia ,Leisure,"[' Leisure trip ', ' Family with young children ', ' Classic Double Room ', ' Stayed 2 nights ', ' Submitted from a mobile device ']", Very small rooms, Location,6.7,1
citizenM Tower of London,London,7/26/2016, United Kingdom ,Leisure,"[' Leisure trip ', ' Solo traveler ', ' Double Room ', ' Stayed 1 night ']", The staff at check in continued a conversation rather than greet me then I headed up excited to see the Canary Wharf View that the check in terminal had promised only to find a close up panorama of an adjacent building site Neither wifi nor air con worked particularly well in my room From the other reviews I accept that my experience doesn t reflect that of others but I was really disappointed , The hotel is very well located for all of the sights ,5.4,1
Henry VIII,London,12/17/2016, United Kingdom ,Unknown,"[' Couple ', ' Double Room ', ' Stayed 1 night ']", Tiny uncomfortable room and this was the large room version Just like a cupboard, Good Breakfast with a fair amount of fruit,5.0,1
Hilton London Metropole,London,12/9/2016, Netherlands ,Business,"[' Business trip ', ' Family with young children ', ' Twin Hilton Guest Room ', ' Stayed 1 night ']", very small room , lobby,2.9,1
Holiday Inn London Oxford Circus,London,10/28/2016, United Kingdom ,Leisure,"[' Leisure trip ', ' Couple ', ' Double Room ', ' Stayed 1 night ', ' Submitted from a mobile device ']", Walls paper thin could hear everything from couple next door even having a pee There was a heated exchange about 5 in the morning , The bed was fine not much else to comment about,4.6,1
The Levante Parliament A Design Hotel,Vienna,12/5/2016, United Kingdom ,Leisure,"[' Leisure trip ', ' Couple ', ' Superior Double or Twin Room ', ' Stayed 2 nights ']", The staff were helpful with showing local attractions but a number of issues raised with the front desk were not addressed Double bed was two singles together which made for a quite uncomfortable sleep, The location of the hotel was very good close to transport and a number of key attractions,6.3,1
Millennium Hotel London Knightsbridge,London,6/19/2016, Austria ,Business,"[' Business trip ', ' Solo traveler ', ' Superior Double Room ', ' Stayed 2 nights ']", The room was really tiny Stuff wasn t very friendly The room was noisy due to its old windows Overall a heavily overpriced place for only a single reason LOCATION , The neighborhood is really central ,3.8,1
INK Hotel Amsterdam MGallery by Sofitel,Amsterdam,11/24/2015, United Kingdom ,Leisure,"[' Leisure trip ', ' Couple ', ' Classic Queen Room ', ' Stayed 3 nights ', ' Submitted from a mobile device ']", We was put at the back on our own out of the way I tried to settle the bill upon arrival I was told it was hotel policy to take payment on checkout the next day I was told I had to pay straight away this was at8pm I did not feel comfortable taking that amount of money from the machine in the evening so I waited until the next day however staff stopped our room key from working so we had to pay was made to feel like we was not posh enough to stay at this hotel Bad experience,No Positive,5.8,1
Park Grand London Kensington,London,2/26/2017, United Kingdom ,Unknown,"[' Couple ', ' Superior Double Room ', ' Stayed 1 night ', ' Submitted from a mobile device ']", The room was very cold Whatever you do please stay away from Room 004 It stunks in this room and the heater does not work properly After several hours of no heating the bathroom floor started getting warm The staffs did not come up to check the faulty heater and it seems that they were trying to fix it from the reception It appeared that they knew about this problem They said that they were fully booked and no other rooms were available but I belived it was a lie as it stated that more rooms were available for booking online , it is near the train station and some of the staffs were nice ,3.8,1
Arthotel ANA Westbahn,Vienna,7/14/2017, Kuwait ,Leisure,"[' Leisure trip ', ' Family with young children ', ' 2 rooms ', ' Stayed 2 nights ', ' Submitted from a mobile device ']", Room Furniture, The price more how it s deserving,5.0,1
Royal Saint Michel,Paris,4/22/2017, United Kingdom ,Leisure,"[' Leisure trip ', ' Group ', ' Twin Room ', ' Stayed 1 night ', ' Submitted from a mobile device ']", When we checked in the staff was not friendly and welcoming The reception definitely need updating which is still 70 80ish style Even requesting my credit card details for cross reference on a piece of paper Hello it is a security details Toothbrushetc you have to ask housekeeping , Only location and lots of restaurants and food ie kebabs The hotel only won on location and name formerly well known hotel To me it is not 4 star most probably 3 star But nowadays in Paris 3star hotel is higher quality than Royal St Michel ,6.3,1
citizenM Amsterdam,Amsterdam,10/25/2016, United Kingdom ,Leisure,"[' Leisure trip ', ' Couple ', ' Double Room ', ' Stayed 3 nights ', ' Submitted from a mobile device ']", Location advertised wrongly a lot further out of centre than expected Extra 83 for three morning breakfasts rip off for hard bacon soggy eggs and poor continental selection , Bed super comfy and loved the layout of the room Couples only type of room as no privacy but suited us fine Very clean Staff brilliant and helpful on check in and check out Lounge relaxing and inviting ,6.7,1
Best Western Premier Hotel Couture,Amsterdam,4/30/2016, Netherlands ,Leisure,"[' Leisure trip ', ' Solo traveler ', ' Standard Double or Twin Room ', ' Stayed 1 night ']", The location was rather out of the way and there are no restaurants or bars in the neighborhood and the hotel didn t have a liquor license so I had to go afield to find a good place to eat , The room and bed were very big and the bathroom was quite nice and well appointed Breakfast was excellent and varied ,6.7,1
Ambassadors Bloomsbury,London,8/2/2017, United Kingdom ,Leisure,"[' Leisure trip ', ' Couple ', ' Double Room ', ' Stayed 1 night ', ' Submitted from a mobile device ']", Bedroom not designed for an able bodied person and a wheelchair person not much thought put into the needs of both people Access into hotel very difficult in wheelchair for although there was a slope the access door was locked and the bell was not obvious , Wetroom style bathroom perfect for a wheelchair user,5.0,1
Grand Hotel Amr th Amsterdam,Amsterdam,3/23/2016, Ireland ,Leisure,"[' Leisure trip ', ' Couple ', ' Deluxe Room ', ' Stayed 2 nights ']", We upgraded to a suite having not been away without the kids for almost 10 year The sofa in the room was well worn and i could not sit on it comfortably Upon arrival the shower drain was blocked and dirty looking so we had to call maintenance to fix it Surely the cleaner should have noticed this There was no remote control for the TV and when we got one it was held together with black tape and would not operate from the bed There were stains on the walls also I did make a complaint during our stay and got a fruit basket delivered to our room I think we ate 1 orange from it Plain and simple its just not good enough for the price we paid and expect from a 5 star hotel , Staff were super efficient and friendly The hotel is amazing looking the wellness centre is brilliant,6.3,1
Britannia International Hotel Canary Wharf,London,7/20/2017, Australia ,Leisure,"[' Leisure trip ', ' Couple ', ' Standard Double Room without Window ', ' Stayed 3 nights ', ' Submitted from a mobile device ']", Hotel very tired don t see how it can be classed as 4star room ver hot no airconditon no windows in some rooms, Convince to transport and restaurant,4.6,1
The Park Grand London Paddington,London,7/22/2016, United Kingdom ,Leisure,"[' Leisure trip ', ' Family with young children ', ' 2 rooms ', ' Stayed 3 nights ', ' Submitted from a mobile device ']", Bedrooms are way too small also double beds of three quarter beds Booking show you photographs for their larger rooms for their standard double rooms,No Positive,4.2,1
Golden Tulip Amsterdam West,Amsterdam,3/13/2017, United Kingdom ,Leisure,"[' Leisure trip ', ' Group ', ' Standard Double or Twin Room ', ' Stayed 3 nights ', ' Submitted from a mobile device ']", Too far from the center of town no alcohol served at the hotel , Nice rooms ,6.3,1
H tel Le Marianne,Paris,12/6/2016, United Kingdom ,Business,"[' Business trip ', ' Solo traveler ', ' Superior Double Room with Free Access to Hamman ', ' Stayed 5 nights ', ' Submitted from a mobile device ']", Breakfast offering was dismal not worth paying for No complimentary water every day , Location was good ,5.4,1
Axel Hotel Barcelona Urban Spa Adults Only,Barcelona,10/12/2015, United Kingdom ,Leisure,"[' Leisure trip ', ' Group ', ' Suite ', ' Stayed 5 nights ', ' Submitted from a mobile device ']", We stayed in a suite which we expected to be luxurious however it was badly in need of refurbishment There was a constant drone from the ceiling possibly the motor for the pool on the roof which was right above us Room wasn t particularly well cleaned A chlorine smell permeated the corridors Overall we were disappointed , Staff were very friendly Location was good ,5.4,1
Good Hotel London,London,1/18/2017, United Kingdom ,Leisure,"[' Leisure trip ', ' Couple ', ' Double Room with River View ', ' Stayed 1 night ', ' Submitted from a mobile device ']", I booked a double bed But actually there was a two single bed , Nothing,5.0,1
TWO Hotel Barcelona by Axel 4 Sup Adults Only,Barcelona,11/10/2016, Poland ,Business,"[' Business trip ', ' Group ', ' Double or Twin Ground Floor ', ' Stayed 5 nights ']", Everything was ok but my good mood was interupted by one accident The elevator this one on the right fall two floors down with 7 people on board it can function with 8 persons There was no info about overload The doors just close itself and the elevator instead of going up started its way down Thanks God it stopped in the garage and no one was injured ,No Positive,5.4,1
Avenida Palace,Barcelona,9/2/2015, Israel ,Leisure,"[' Leisure trip ', ' Couple ', ' Double Room 1 2 Adults ', ' Stayed 3 nights ', ' Submitted from a mobile device ']", The so called pool and gym are very poor Very Too expensive, Great location,6.7,1
Novotel Paris Centre Gare Montparnasse,Paris,3/27/2017, Luxembourg ,Leisure,"[' Leisure trip ', ' Family with young children ', ' Family Room 2 Adults 2 Children ', ' Stayed 2 nights ']", Plates and kitchenware were dirty for breakfast Room was too small for a family and a bit uncomfortable , Rich breakfast Great location Very responsive staff ,6.3,1
Park Grand Paddington Court,London,5/21/2016, Australia ,Leisure,"[' Leisure trip ', ' Couple ', ' Compact Double Room ', ' Stayed 2 nights ', ' Submitted from a mobile device ']", The room labelled as a compact room It s really suited to a single person One side of double bed against the wall Once bags opened it was extremely difficult to access both bathroom door , Upgrade to a Club Room very comfortable Staff at front door delightful very helpful Nothing was too much trouble A bowl of apples in reception for guests was very welcoming ,6.7,1
The Queens Gate Hotel,London,2/2/2016, United Kingdom ,Leisure,"[' Leisure trip ', ' Group ', ' Twin Room ', ' Stayed 2 nights ']", Our room was unbearably hot room 411 even though the heating was not on The aircon was no good We had the window open the whole time but it was still too hot We did not sleep with any covers on end of January Road noise was suffered due to having the window open, Great location for Albert Hall Natural History Museum and V A museum,6.3,1
Landmark London,London,12/26/2016, Bahrain ,Leisure,"[' Leisure trip ', ' Family with young children ', ' Deluxe Double Room ', ' Stayed 4 nights ', ' Submitted from a mobile device ']", First I realized that making booking through booking com is not a good choice because hotels provide the worst and lowest standard of rooms for any booking made through your website In addition to that my original booking was for twin bedroom but at the time of the check in the hotel asked me to pay additional 60 per night if I want to get twin beds The facility in the room provided was very poor The tap in the toilet was broken and they send a man to repair it while we were out of the hotel without informing us or even putting a notice on the door that someone is on the room We are Muslim coverd ladies and when we entered the toilet uncovered we were shocked and embarrassed to see a man This situation was very humiliating and not acceptable in our culture IT is very bad experience as there are other issues happened to us even after they changed the room In conclusion I decided not to make any booking through your website,No Positive,5.0,1
Crowne Plaza London Kings Cross,London,6/7/2017, United Kingdom ,Leisure,"[' Leisure trip ', ' Couple ', ' Double Room with Two Double Beds ', ' Stayed 2 nights ', ' Submitted from a mobile device ']", We booked a room with 2 double beds but there was not one available and so we were given a standard double room The guests in the next room were very loud and partied with doors banging until 4am The air conditioning was noisy making a rattling noise all the time which seemed to become more noticeable when you tried to sleep The room was not overly clean and the remote for the TV seemed to be mood dependent when it wanted to work At breakfast the food was lovely but the dining room was a mess tables were not cleared there was cutlery missing from the table no one offered tea or coffee at the table or directed you where to find anything There was no printed information about the hotel or its facilities in the room we did not even know it had a pool or spa , Bed was really comfy and shower was excellent although it did soak the floor Plenty of power sockets in the room cocktails served in the bar were a lovely way to finish a busy day ,5.8,1
Hotel Cavendish,London,10/19/2016, United Kingdom ,Leisure,"[' Leisure trip ', ' Couple ', ' Double Room ', ' Stayed 3 nights ', ' Submitted from a mobile device ']", Don t think there should be a room behind reception which I found uncomfortable and had to change rooms After changing rooms the bed leaning had blood on it wasn t happy with that at all which put me off , It was in a good locations braskfast was fine ,4.2,1
Grand Royale London Hyde Park,London,12/30/2016, United Kingdom ,Leisure,"[' Leisure trip ', ' Couple ', ' Superior Double Room ', ' Stayed 1 night ']", Surly unhelpful staff and no room available Reception staff economical with the truth regarding reason for unavailability Frankly told lies most unhelpful Would never go near the place again,No Positive,2.9,1
DoubleTree by Hilton Hotel Amsterdam NDSM Wharf,Amsterdam,9/4/2015, Norway ,Leisure,"[' Leisure trip ', ' Couple ', ' Queen Guest Room ', ' Stayed 1 night ']", The room was a bit small The high price for this hotel without breakfast was suprisingly negative When i booked it thru Booking com i toght it was with breakfast, Nice vue Frendly staff clen and silent,6.7,1
Holiday Inn London Kensington Forum,London,1/6/2016, Switzerland ,Unknown,"[' Group ', ' Double or Twin Room Non Smoking ', ' Stayed 4 nights ']", No Safe in the room poor breadselection Quality of Croissants, free luggage storing seetings in the Lobby freshly prepared omlette from a nice Chef fresh cappucino to order for breakfast early breakfasttime,5.8,1
Royal Garden Hotel,London,9/18/2016, United Arab Emirates ,Leisure,"[' Leisure trip ', ' Couple ', ' King Room ', ' Stayed 4 nights ']", It did not feel value for money We had to request WIFI to be made free which it was Breakfast was not included Empty water bottles in the room were not replaced as these are not complimentary Walls between the rooms are too thin and could here noisy neighbors To get a cup of coffee late in the evening was a challenge and had to put up with uncourteous staff at the bar I was told that I would have got a better deal if I had booked directly with the hotel rather than with a third party platform , The hotel was clean and concierge where helpful ,5.0,1
Crowne Plaza Paris R publique,Paris,11/17/2015, Saudi Arabia ,Leisure,"[' Leisure trip ', ' Group ', ' Superior Room with 2 Double Beds ', ' Stayed 5 nights ', ' Submitted from a mobile device ']", The service was not as good as expected and the location of the hotel was not as good The hotel was not new it is an old building,No Positive,5.0,1
Shaftesbury Premier London Paddington,London,10/13/2015, United Kingdom ,Business,"[' Business trip ', ' Couple ', ' Deluxe Double Room ', ' Stayed 1 night ']", on arrival the reception tried to move us to another hotel no rooms left despite having booked this weeks ago for location the room 308 was the smallest hotel room i have ever stayed in i measured it it was 2m x 2 3m at the bottom of a very steep stairs within the room the shower cubicle was 2ft x 2ft , nothing,3.3,1
Eurostars Grand Marina Hotel GL,Barcelona,9/9/2015, Kuwait ,Leisure,"[' Leisure trip ', ' Couple ', ' Premier Room with Balcony ', ' Stayed 2 nights ', ' Submitted from a mobile device ']", Even though the hotel located nearby the sea no good sea view rooms the junior suite we had was dark not enough lighting we asked for king size bed we had two single bed attached to each other , great location next to the mall and 10 minutes walking to Rambla street quite ,6.7,1
Brunelleschi Hotel,Milan,8/9/2015, Egypt ,Leisure,"[' Leisure trip ', ' Family with older children ', ' Double Room ', ' Stayed 5 nights ']", The stuff in reception are unfriendly need to have training to be good receptionist Be sure to close your room s door the last night when back to room it was open but nothing missing from the room i think the housekeeping lady forgot to close it unsafe Wi fi is not working all the time , Location and breakfast,5.8,1
Novotel Paris Les Halles,Paris,9/23/2016, Australia ,Leisure,"[' Leisure trip ', ' Couple ', ' Standard Family Room ', ' Stayed 2 nights ', ' Submitted from a mobile device ']", Room was shabby and poorly fitted out with below standard appearance Not even decorated , The location was central to Notre dame louvre and red bus ,6.7,1
Holiday Inn London Kensington,London,7/3/2016, United Kingdom ,Leisure,"[' Leisure trip ', ' Couple ', ' Executive Double Room ', ' Stayed 2 nights ', ' Submitted from a mobile device ']", The breakfast was just ok we like boiled eggs there were none with no offer of omelettes or poached eggs Poor continental breakfast as well we had an executive double Wouldn t like to have booked a standard double ,No Positive,6.7,1
Club Quarters Hotel Gracechurch,London,12/13/2016, Italy ,Leisure,"[' Leisure trip ', ' Group ', ' Standard Queen Room ', ' Stayed 3 nights ', ' Submitted from a mobile device ']", Staff and room, Good position,5.4,1
Blakemore Hyde Park,London,5/1/2017, United Kingdom ,Leisure,"[' Leisure trip ', ' Family with young children ', ' Executive Twin Room ', ' Stayed 1 night ']", Room was very cold Heating inadequate Staff seemed surprised when we told them Heating on but not efficient , Hotel good but not exceptional ,6.7,1
The Premier Notting Hill,London,6/9/2017, India ,Leisure,"[' Leisure trip ', ' Couple ', ' Deluxe Double Room ', ' Stayed 3 nights ', ' Submitted from a mobile device ']", THe lower staff is very sweet and courteous but the senior staff is rather odd They say things without thinking and act as if doing a favour for the most basic services a hotel big or small would provide Cute rooms but exorbitantly priced for what they are Even considering then the location We paid 130 GBP a night but would ve liked to pay half of that at best ,No Positive,4.2,1
Best Western Blue Tower Hotel,Amsterdam,10/28/2016, Switzerland ,Leisure,"[' Leisure trip ', ' Family with young children ', ' 2 rooms ', ' Stayed 2 nights ', ' Submitted from a mobile device ']", They forgot to say about the renovation of the hotel we got our room on the 7th floor Rubbish everywhere at 12 pm they were still worked Noisy,No Positive,5.0,1
DoubleTree by Hilton London Islington,London,6/8/2017, Hong Kong ,Leisure,"[' Leisure trip ', ' Couple ', ' Double Room with Single Bed ', ' Stayed 1 night ', ' Submitted from a mobile device ']",No Negative, Hotel is colosed to the train station,5.0,1
Falkensteiner Hotel Wien Zentrum Schottenfeld,Vienna,12/9/2016, Greece ,Leisure,"[' Leisure trip ', ' Couple ', ' Comfort Double or Twin Room ', ' Stayed 4 nights ']", High parking fees high room rate for the standard room facilities They had not even the one use slippers in the bath and offered to buy flippers Extra services were expensive The room facilities were standard The internet connection did not work properly and we had to go very close to the door for having a good connection , The hotel is centrally located and you could reach the sightseeings of Vienna easily by walking The staff was very friendly and always ready to help us,6.7,1
Hotel Claridge Paris,Paris,7/14/2017, France ,Leisure,"[' Leisure trip ', ' Solo traveler ', ' Classic Double Room ', ' Stayed 3 nights ', ' Submitted from a mobile device ']", The staff at the front desk were quite rude and didn t seem to care whether I felt comfortable or enjoyed my stay I interacted with different people on four different occasions and received the same treatment They were quite abrupt and indifferent when speaking to me at all times, The location is close to champs de lysees,3.8,1
Britannia International Hotel Canary Wharf,London,9/20/2016, United Kingdom ,Leisure,"[' Leisure trip ', ' Couple ', ' Standard Double Room without Window ', ' Stayed 1 night ', ' Submitted from a mobile device ']", Breakfast was poor really small box room bed was uncomfortable and carpet in the room was worn ,No Positive,4.6,1
Hotel Casa Bonay,Barcelona,6/14/2017, Switzerland ,Leisure,"[' Leisure trip ', ' Couple ', ' Small Double Room with Terrace ', ' Stayed 3 nights ']", disappointing that the rooms and roof terrace are smaller than advertised depicted in wide angled photographs on Booking com in reality much smaller constricted, all great good vibe stylish communal feel,6.7,1
Best Western Plus Hotel Felice Casati,Milan,11/23/2015, United Kingdom ,Business,"[' Business trip ', ' Solo traveler ', ' Single Room ', ' Stayed 2 nights ']", Not good value for money Room was small and dull Bathroom very small with leak from the ceiling Air conditioning was switched off Room stuffy without it When switched on it was very noisy , Good location and staff very friendly Lounge was pleasant and bar drinks reasonably priced ,5.8,1
NH Amsterdam Schiller,Amsterdam,1/29/2017, United Kingdom ,Unknown,"[' Couple ', ' Standard Double or Twin Room ', ' Stayed 2 nights ', ' Submitted from a mobile device ']", The noise from hotel room was terrible ,No Positive,6.7,1
Henry VIII,London,1/16/2017, Costa Rica ,Leisure,"[' Leisure trip ', ' Couple ', ' Basic Double Room ', ' Stayed 2 nights ', ' Submitted from a mobile device ']", Bed was VERY unconfortable and the toilet seat didn t work properly , Friendly staff excellent location very clean ,6.3,1
Holiday Inn London Bloomsbury,London,8/15/2016, Bulgaria ,Leisure,"[' Leisure trip ', ' Family with older children ', ' Standard Double or Twin Room ', ' Stayed 3 nights ']", I had 2 rooms one for myself and spouse and second one for our adult son I didn t like the fact that our second room which I explicitly asked for single occupancy room was charged as normal double occupancy though the bed and the room size were typical single room Disappointing , In general my feeling is that the rooms need renovation ,6.7,1
Park Lane Mews Hotel,London,7/2/2017, United Kingdom ,Business,"[' Business trip ', ' Couple ', ' Double Room ', ' Stayed 1 night ', ' Submitted from a mobile device ']", Sound proofing street cleaning at 4 30, Location,6.7,1
Hotel de France Wien,Vienna,1/4/2017, United Kingdom ,Leisure,"[' Leisure trip ', ' Couple ', ' Superior Double Room ', ' Stayed 5 nights ', ' Submitted from a mobile device ']", Poor TV set cleaness of the room poor curtains black out, Location breakfast,6.3,1
The Grosvenor,London,7/24/2016, China ,Leisure,"[' Leisure trip ', ' Solo traveler ', ' Standard Single Room ', ' Stayed 1 night ', ' Submitted from a mobile device ']", Old hotel, Nothing particular impressive,5.4,1
Rosa Grand Milano Starhotels Collezione,Milan,10/17/2015, United Arab Emirates ,Leisure,"[' Leisure trip ', ' Family with young children ', ' Superior Double Room ', ' Stayed 4 nights ', ' Submitted from a mobile device ']", The management of the hotel are using the people Example me and my family were having health issue diaries and vomiting we asked for room cleaning 3 00 which is not available however they change the room and they charge us 150 EU just for cleaning the previous room , The location since its close to the Domo only,4.2,1
Millennium Copthorne Hotels at Chelsea Football Club,London,4/21/2016, United Kingdom ,Business,"[' Business trip ', ' Solo traveler ', ' Double or Twin Room ', ' Stayed 1 night ', ' Submitted from a mobile device ']", Shower head broken Bathroom not spotless, Location,6.7,1
Radisson Blu Hotel Milan,Milan,7/6/2017, Malta ,Leisure,"[' Leisure trip ', ' Couple ', ' Deluxe Double or Twin Room ', ' Stayed 3 nights ', ' Submitted from a mobile device ']", In the 3 days I ve been there the pool was closed,No Positive,6.3,1
Apollo Hotel Amsterdam,Amsterdam,4/14/2016, United Kingdom ,Business,"[' Business trip ', ' Solo traveler ', ' Standard Room ', ' Stayed 4 nights ']", The price of room service and the limitation on it was not great Phone was broken in the room so could not ring reception anyway The TV could not get any of the movie channels I booked a double room and got two single beds Need to make sure that you see that the city tax is payable on top of the price on booking com, Location for the conference centre was good and the wet room bathroom was excellent The bed was comfortable The flavoured water in reception was a nice touch ,5.8,1
London Marriott Hotel West India Quay,London,4/23/2016, United Kingdom ,Leisure,"[' Leisure trip ', ' Couple ', ' Deluxe King or Twin Room ', ' Stayed 2 nights ', ' Submitted from a mobile device ']", Found left over salad in our minibar obviously left by previous guests and missed by the cleaners , The bed was lush,6.7,1
Radisson Blu Edwardian Kenilworth,London,12/5/2016, United Kingdom ,Leisure,"[' Leisure trip ', ' Couple ', ' Standard Double Twin Room ', ' Stayed 2 nights ', ' Submitted from a mobile device ']", We had room 515 and for 200 a night I would of expected a lot more The room was very small and the bathroom was looking dated and in need of refurbishment Not happy for the money we paid as it was our tenth wedding anniversary we wanted a little more than a travel lodge , Friendly helpful staff Great location,6.3,1
Great St Helen Hotel,London,5/6/2017, Netherlands ,Business,"[' Business trip ', ' Solo traveler ', ' 2 rooms ', ' Stayed 1 night ', ' Submitted from a mobile device ']", Rooms really very small, Perfect location for city of London financial district ,6.3,1
The Whitechapel,London,8/24/2016, United Kingdom ,Business,"[' Business trip ', ' Solo traveler ', ' Premier Single Room ', ' Stayed 1 night ']", 1 the minibar machine is extremely noisy in the evening 2 it is too noisy in the reception 3 The staff in the reception checked my payment card It seems unusual to me because I traveled a lot and this is the first time , The location good for the money ,6.7,1
Novotel Paris Vaugirard Montparnasse,Paris,4/20/2017, Australia ,Unknown,"[' Group ', ' Two Adjacent Rooms 6 persons ', ' Stayed 3 nights ']", Booking in process we didn t get the rooms we had booked , Good location,6.3,1
IH Hotels Milano Lorenteggio,Milan,5/26/2016, Ukraine ,Leisure,"[' Leisure trip ', ' Couple ', ' Double Room ', ' Stayed 2 nights ']", Two days before check in pre payment has been blocked on my account On check out I payed full price for room and I was promised that pre payment would be unblocked it two three days Now pre payment is still blocked month already has passed and i am still waiting for my money,No Positive,6.7,1
Henry VIII,London,11/23/2016, United Kingdom ,Business,"[' Business trip ', ' Solo traveler ', ' Triple Room ', ' Stayed 1 night ', ' Submitted from a mobile device ']", This is not a 4 star hotel 1 star b b would be pushing it totally deceptive photos will stay at the Hilton next time considering it s the same price , Nothing ,2.9,1
Radisson Blu Style Hotel Vienna,Vienna,7/30/2016, United States of America ,Business,"[' Business trip ', ' Solo traveler ', ' Standard Double or Twin Room ', ' Stayed 2 nights ']", arrived very late tired hungry and in pain from combination of arthritis and long haul flying needed food to be able to take meds No food available in hotes except junk in minibar or send out for pizza tried to walk to only thing available nearby mcdonalds I was desperate but couldn t find it and gave up because of pain At these prices a couple of pieces of fruit for new arrivals especially arriving so late would be good I won t stay here again Sometimes access to food is not a luxury but a necessity , comfy bed quiet ,6.3,1
Hotel Serhs Rivoli Rambla,Barcelona,5/19/2016, United Kingdom ,Leisure,"[' Leisure trip ', ' Couple ', ' Comfort Double or Twin Room ', ' Stayed 3 nights ']", When I placed the reservation I made sure to state that the booking was ON CONDITION that we were allocated a room with a proper double bed and NOT two single beds pushed together On arrival we had two single beds pushed together They were even made up with bedding for two single beds THIS WAS NOT WHAT WE HAD ORDERED PAID FOR We asked to be reallocated a room as requested and receptionist was VERY unhelpful saying they were unable to do so I asked for the bed beds to be made up with linen for a double bed so that we could use it as a double to be told that there were no housekeeping staff available I insisted that linen was brought to our room and I had to make it up myself Also the advertised roof terrace was not open when we tried to visit it , Location on the Rambla was excellent ,5.8,1
Jumeirah Lowndes Hotel,London,6/11/2017, United States of America ,Leisure,"[' Leisure trip ', ' Family with young children ', ' Superior Double Room ', ' Stayed 3 nights ', ' Submitted from a mobile device ']", Decor look jaded,No Positive,5.0,1
Shaftesbury Premier London Paddington,London,8/7/2016, United Kingdom ,Leisure,"[' Leisure trip ', ' Couple ', ' Deluxe Double Room ', ' Stayed 4 nights ', ' Submitted from a mobile device ']", Smaller room than expected for the price we paid with very little space in bathroom shower door right next to toilet which wasn t very practical Outside view was of vents which when on were quite noisy , Bed was very comfy ,6.7,1
Hotel Cavendish,London,12/31/2016, France ,Leisure,"[' Leisure trip ', ' Family with young children ', ' Triple Room ', ' Stayed 3 nights ']", 1 The extra bed was not very comfortable 2 The breakfast room was too small we have to wait for a table 3 Nothing in the bedroom to put our stuff on same thing on the bathroom, 1 The location is very central Oxford St British museum lots of buses to go elsewhere 2 It is possible to leave the luggages at the frontdesk on the day of departure without any fee 3 Calm bedroom we were on the 2nd floor view on the garden and warm room,6.3,1
Hilton London Metropole,London,3/7/2017, United Kingdom ,Business,"[' Business trip ', ' Group ', ' Deluxe King Room ', ' Stayed 2 nights ']", Checking staff not very accomodating,No Positive,6.7,1
Grange Strathmore Hotel,London,6/5/2017, United Kingdom ,Leisure,"[' Leisure trip ', ' Solo traveler ', ' Superior Double Room ', ' Stayed 1 night ', ' Submitted from a mobile device ']", The bed was horribly uncomfortable and hard Small glass of fruit juice was too expensive , The aesthetic of the building was lovely and very near RAH and eateries,6.7,1
Hotel G tico,Barcelona,4/21/2017, Belgium ,Leisure,"[' Leisure trip ', ' Family with young children ', ' Double or Twin Room ', ' Stayed 4 nights ', ' Submitted from a mobile device ']", Elevators didn t work for 2 days Unacceptable service Also airco didn t work in my 2 rooms Nothing done for this Also the smell of cleaning products used in rooms was very annoying This is not a 4 hotel quality , Location is great centre of historical close to all shops Restos ,4.6,1
Park Grand Paddington Court,London,3/7/2017, Ireland ,Business,"[' Business trip ', ' Solo traveler ', ' Deluxe Single Room ', ' Stayed 3 nights ']", The room was very small and the smoke detection light too bright ,No Positive,4.2,1
Holiday Inn London Kensington,London,6/30/2016, United Kingdom ,Leisure,"[' Leisure trip ', ' Couple ', ' Executive Double Room ', ' Stayed 2 nights ', ' Submitted from a mobile device ']", Size of the room tiny for an executive room, swimming pool,5.8,1
Doubletree by Hilton London Kensington,London,12/22/2015, United Kingdom ,Leisure,"[' Leisure trip ', ' Couple ', ' Duplex Suite ', ' Stayed 2 nights ']", We had an awful experience at this hotel 1 We had booked the Duplex Suite however on check in we were told we weren t able to have this room because it wasn t available Why let somebody book a room that is unavailable We were offered 30 discount and an alternative room but as we had booked the top room this room didn t match up to our expectations 2 We were not told before arriving it wasn t advised on the hotel website that on the day we were booked in to stay the hotel brand would be changing to Doubletree by Hilton The staff were all over the place and didn t have a clue what they were doing throughout our whole stay It also felt as though the General Manager was unable to actually help us and just kept repeating that it was due to the brand swap and next time we will have an enjoyable stay 3 This may sound petty but I know it bothers a lot of women I know when staying in hotels the mirror at the dressing table is quite high in comparison with the low seat to do your hair make up 4 Due to the inconvenience at check in we then didn t have enough time to grab some dinner before going to a show we had booked We stayed in Covent Garden for a couple of drinks before heading back to order room service which we had seen on the 24 hour menu in our room When calling reception room service was unavailable because of the hotel brand swap Why put menu s in rooms Therefore we didn t eat at all as it was too late to go anywhere else 5 After complaining about the room service scenario we were offered either a bottle of champagne in the room or a two course meal we took the champagne offer after seeing the restaurant the evening before didn t fancy sitting in an empty restaurant with zero atmosphere They then said they didn t have any so we got a cheap bottle of white wine , The only thing I can comment on about this hotel is the fact it is only short walking distance from a tube station and it is in a very nice area of London ,3.8,1
The Exhibitionist Hotel,London,3/20/2016, United Kingdom ,Leisure,"[' Leisure trip ', ' Couple ', ' Signature Luxury King with Balcony ', ' Stayed 1 night ', ' Submitted from a mobile device ']", The room was smaller than it looked in the photos The iPad constantly froze It was frustrating , The decor was interesting The bathroom lovely The location great ,6.7,1
Le Meridien Vienna,Vienna,2/13/2016, Romania ,Leisure,"[' Leisure trip ', ' Family with young children ', ' Executive Room with City View ', ' Stayed 4 nights ']", Not a 5 star A 3 star at best On arrival front desk girl was efficient and kept asking how our ride to Vienna was Then the bell boy kept asking the same thing while with us in the elevator Real strange Were initially given a bad room at the 7th floor The room smelled like strong chemicals to the point one could not breath inside Had to have it changed right away Already off to very bad start Bathrooms are poor There are very few amenities we had to call reception to get shower caps The refill of the free minibar is not happening unless you call them Very poorly lit elevators Although a non smokinh hotel there is a smoking bar right next to elevators Free Internet means one device per room at relatively low speed After having complained to manager on duty Dorothy about the short commings during our stay she has not been able to offer any compensation such as a later check out which we asked for We even had to pay 7 Euro for the high speed Internet after paying just over 250 Euro per room per night The hotel is cutting costs which means customer service does not really matter and we are thinking about a refund as it has not provided the quality they promised Not going back and not recommending it , Breakfast is real good in the sense of variety and quality Although dishes are not all cleaned properly and the coffee is totally watery The coffee machine is not working but if you ask they will bring you Illy espresso coffee much better They did not have us on the list on the last day for breakfast Hotel has a good location but so are others in the same area ,4.6,1
The Cleveland,London,7/31/2016, United Kingdom ,Leisure,"[' Leisure trip ', ' Family with older children ', ' Luxury 1 Bed Suite ', ' Stayed 3 nights ', ' Submitted from a mobile device ']", Cleaning products left in the bathroom and cleaners bottle of half drank water left in the room carpet needed hoovering properly and surfaces were dusty, Good location quiet suburb,5.8,1
Mondrian London,London,2/15/2016, United Kingdom ,Leisure,"[' Leisure trip ', ' Couple ', ' River View Balcony Suite ', ' Stayed 1 night ', ' Submitted from a mobile device ']", Paid 654 for a river view suite We were given no special valentines treatment No breakfast Had to park 10 minutes away Place was cold and didn t warm up until we fell asleep Balcony very small It seems as they use the location to completely rip the socks off of you as you had to pay like 5 to listen to half an hour worth of entertainment on the tv Surprised I didn t get charged extra to take a sh t , Nice view comfortable,6.7,1
Hotel 82 London,London,7/17/2016, Luxembourg ,Leisure,"[' Leisure trip ', ' Couple ', ' Superior Double or Twin Room ', ' Stayed 2 nights ']", The girl at the reception was very unkind at arrival Wanted us to pay for the whole stay 3 nights in advance Very odd as you normally pay when you check out and not when checking in Standard answer to everything hotel policy We agreed to pay the first night in advance but she insisted on paying the following 2 nights before 11 next morning and she left a message on my voicemail to remind and come to the desk immediatley Furthermore the curtains in the room didn t block the light at all and the airco didn t work Found some trash on the floor from the previous guests No cups in the cupholder in the bathroom The room in itself was small but nice but that didn t make up for all the other things , The location is good Close to Bakerstreet and Regent s Park ,3.5,1
The Grosvenor,London,8/14/2015, Australia ,Leisure,"[' Leisure trip ', ' Couple ', ' Standard Twin Room ', ' Stayed 5 nights ']", stayed here 3 times before This time first room was so cluttered we could not store luggage We were advised the hotel had been recently renovated and room configurations changed We paid an extra 100GBP to upgrade to a larger room only to have a shower that varied from hot to cold with little pressure the light in the bathroom fell out and the toilet roll holder was broken On raising this with reception we received 25GBP refund we now know our worth as a repeat client , Location is great convenient to public transport both bus and train,6.3,1
Hilton London Kensington Hotel,London,12/30/2015, United Kingdom ,Leisure,"[' Leisure trip ', ' Couple ', ' Double Hilton Guestroom ', ' Stayed 3 nights ', ' Submitted from a mobile device ']",No Negative, Great location reason fur choosing this Overall ok will stay again,6.3,1
Renaissance Amsterdam Hotel,Amsterdam,5/10/2016, United Kingdom ,Leisure,"[' Leisure trip ', ' Family with young children ', ' Deluxe Room ', ' Stayed 3 nights ', ' Submitted from a mobile device ']", Rooms are pretty basic for the price I was disappointed when I entered the room for the first time Rooms need to be refurbished or modernised The breakfast area is too small I came for breakfast one morning and there was absolutely no seat available I had to wait for 10 minutes before being able to access the buffet , The location is very good next to the Centraal Station and close to a tramway station It is perfect to visit the city The breakfast was very good Very friendly staff ,6.7,1
Britannia International Hotel Canary Wharf,London,7/29/2017, Switzerland ,Leisure,"[' Leisure trip ', ' Family with young children ', ' Standard Double Room without Window ', ' Stayed 1 night ', ' Submitted from a mobile device ']",No Negative, Hotel in need of renovation,5.8,1
H tel Juliana Paris,Paris,9/20/2016, United Kingdom ,Leisure,"[' Leisure trip ', ' Group ', ' 2 rooms ', ' Stayed 2 nights ']", Could be clearer this is a boutique bed and breakfast experience not a 5 start hotel The comfort room is so small it s unusable the rooms are dark and have no central lighting some rooms do not have a stand up shower concierge service is patchy and no on duty on the afternoon we needed help no evening turn down service The property is not marketed accurately , The quiet room comfy bed relaxed atmosphere A lovely luxury b and b experience I would visit again now I know what the venue offers ,6.7,1
Mercure Paris Tour Eiffel Pont Mirabeau,Paris,10/13/2015, United Kingdom ,Leisure,"[' Leisure trip ', ' Couple ', ' Standard Double Room ', ' Stayed 2 nights ']", This was supposed to be a romantic anniversary trip I did inform them beforehand requesting for a high level room and or quiet room and or room with outside view We were given non of the requested Upon arrival we were given room 104 on the first floor Our view was pipes We could hear people restaurants throwing trash out and speaking loudly I understand that these requests are based on availability but it seemed like it was the worst room available The air con was inconsistent on the first night it was hot and the next night it was cold despite the same temperature setting You could hear the toilet pipework from the building which was really off putting , Modern design of the rooms Small rooms but good use of space ,5.4,1
Radisson Blu Portman Hotel London,London,1/2/2016, United Kingdom ,Leisure,"[' Leisure trip ', ' Couple ', ' Superior Room ', ' Stayed 1 night ', ' Submitted from a mobile device ']", BAlcony door did not lock Bedroom door would not shut Wind was whilstling through the room Complained Got an upgrade All rooms are dated and old fashioned Not worth the money Needs a revamp ,No Positive,4.5,1
The Tower A Guoman Hotel,London,2/28/2017, United Kingdom ,Leisure,"[' Leisure trip ', ' Family with young children ', ' Standard Twin Room ', ' Stayed 2 nights ', ' Submitted from a mobile device ']", Rooms were dirty had not been cleaned crumbs over bed and chairs hair in the bathroom sink and on the floor, Locatuon,5.0,1
Hilton London Green Park,London,10/8/2015, United Kingdom ,Business,"[' Business trip ', ' Solo traveler ', ' 2 rooms ', ' Stayed 1 night ']", Rooms were very tired and deemed expensive especially given the Hilton brand , Location was good for an event attending round the corner ,5.0,1
Great Northern Hotel A Tribute Portfolio Hotel London,London,2/8/2017, United Kingdom ,Leisure,"[' Leisure trip ', ' Couple ', ' Double Room ', ' Stayed 1 night ', ' Submitted from a mobile device ']", Room tiny had to climb over partner to get in out of bed Public areas over crowded therefore nowhere to sit , Excellent breakfast Great staff,5.4,1
